:020000040800F2
:1000000000060020290400082B0400082B04000827
:100010002B0400082B0400082B0400082B04000804
:100020002B0400082B0400082B040008B1A80008CA
:100030002B0400082B0400082B0400082B040008E4
:100040002B0400082B0400082B0400082B040008D4
:100050002B0400082B04000899B70008C5B7000856
:10006000F1B700081DB8000849B80008AD770008CE
:10007000D5770008017800082D7800085978000825
:1000800081780008AD7800082B0400082B040008D4
:100090002B0400082B0400082B04000875B8000886
:1000A0002B0400082B0400082B0400082B04000874
:1000B0002B0400082B0400082B0400082B04000864
:1000C0002B0400082B0400082B0400082B04000854
:1000D0002B0400082B04000861B9000875B900085A
:1000E000D9B800082B0400082B0400082B040008D2
:1000F0002B0400082B0400082B040008D978000802
:100100002B0400084DB900089DB900082B04000815
:100110002B0400082B0400082B0400082B04000803
:10012000057900082D7900085979000885790008BB
:10013000B17900082B0400082B0400082B040008E8
:100140002B0400082B0400082B0400082B040008D3
:10015000D9790008057A0008317A00082B040008D4
:100160002B0400082B0400082B0400082B040008B3
:100170002B04000889B400082B0400082B04000895
:100180002B0400082B04000889B900082B04000880
:100190002B0400082B0400082B0400082B04000883
:1001A0002B0400082B0400082B0400082B04000873
:1001B0002B0400082B0400082B0400082B04000863
:1001C0002B0400082B0400082B0400082B04000853
:1001D0002B04000875B400082B0400082B04000849
:1001E0002B0400082B0400082B0400082B04000833
:1001F0002B0400082B0400082B0400082B04000823
:100200002B0400082B0400082B0400082B04000812
:100210002B0400082B0400082B0400082B04000802
:100220002B0400082B0400082B0400082B040008F2
:100230002B0400082B0400082B0400082B040008E2
:100240002B0400082B0400082B0400082B040008D2
:100250002B0400082B0400082B0400082B040008C2
:100260002B0400082B0400082B0400082B040008B2
:100270002B0400082B0400082B0400082B040008A2
:100280002B0400082B0400082B0400082B04000892
:100290002B0400082B0400082B0400082B04000882
:1002A0002B0400082B0400082B0400082B04000872
:1002B0002B0400082B0400082B0400082B04000862
:1002C0002B0400082B0400082B0400082B04000852
:1002D0002B0400082B0400082B0400082B04000842
:1002E0004ECF4EA5A6B6F729B27347917F7A17D0A5
:1002F0003EFC84A9A4766B7358E33E8DE330D37E35
:100300008363D3A0A8564A005896DBA5B8CECFFC8D
:100310008C0772719EFAB24D4227090759712B64FE
:10032000034AA19F695D84F25FC8DD56AC4821494C
:1003300082B8C4A2F08853678D159175B481B45CFE
:10034000CF332D752821A82252D361A72E4F594FA4
:10035000051B330D163FCB8C59A169E4A69C307A5E
:1003600050DB2F123A120A7C00000000000000004F
:10037000000000000000000000000000000000007D
:10038000000000000000000000000000000000006D
:10039000000000000000000000000000000000005D
:1003A000000000000000000000000000000000004D
:1003B000000000000000000000000000000000003D
:1003C000000000000000000000000000000000002D
:1003D000000000000000000000000000000000001D
:1003E000000000000000000000000000000000000D
:1003F00000000000000000000000000000000000FD
:1004000000000000000000000000000000000000EC
:1004100000000000000000000000000000000000DC
:10042000000000000000000002E000F000F8FEE71D
:1004300072B6374880F30888364880F30988364812
:100440003649086040F20000CCF200004EF63471EC
:10045000CEF200010860BFF34F8FBFF36F8F40F201
:100460000000C0F2F0004EF68851CEF200010860A4
:10047000BFF34F8FBFF36F8F4FF00000E1EE100A14
:100480004EF63C71CEF200010860062080F314881D
:10049000BFF36F8F0AF06EFA09F0B2FB4FF05530E0
:1004A0001F491B4A91423CBF41F8040BFAE71D4922
:1004B000184A91423CBF41F8040BFAE71A491B4A1B
:1004C0001B4B9A423EBF51F8040B42F8040BF8E76D
:1004D00000201849184A91423CBF41F8040BFAE742
:1004E0000AF086FA09F012FC144C154DAC4203DAFE
:1004F00054F8041B8847F9E700F0C4F9114C124D79
:10050000AC4203DA54F8041B8847F9E70AF06EBAE4
:1005100000060020002200200000000808ED00E096
:10052000000000200006002048D70008002200201C
:10053000742200207822002064670020E002000876
:10054000E0020008E0020008E00200082DE9F04F98
:100550002DED108AC1F80CD0D0F80CD0BDEC108A6B
:10056000BDE8F08F002383F311882846A0470020C0
:1005700009F028F9FEE709F081F800DFFEE7000046
:1005800053B94AB9002908BF00281CBF4FF0FF31FA
:100590004FF0FF3000F074B9ADF1080C6DE904CEF6
:1005A00000F006F8DDF804E0DDE9022304B070474E
:1005B0002DE9F047089D04468E46002B4DD18A4216
:1005C000944669D9B2FA82F252B101FA02F3C2F149
:1005D000200120FA01F10CFA02FC41EA030E9440DA
:1005E0004FEA1C48210CBEFBF8F61FFA8CF708FBFB
:1005F00016E341EA034306FB07F199420AD91CEBD3
:10060000030306F1FF3080F01F81994240F21C8104
:10061000023E63445B1AA4B2B3FBF8F008FB10334C
:1006200044EA034400FB07F7A7420AD91CEB040481
:1006300000F1FF3380F00A81A74240F20781644451
:10064000023840EA0640E41B00261DB1D4400023D6
:10065000C5E900433146BDE8F0878B4209D9002D3A
:1006600000F0EF800026C5E9000130463146BDE8C4
:10067000F087B3FA83F6002E4AD18B4202D382422E
:1006800000F2F980841A61EB030301209E46002DDD
:10069000E0D0C5E9004EDDE702B9FFDEB2FA82F232
:1006A000002A40F09280A1EB0C014FEA1C471FFA90
:1006B0008CFE0126200CB1FBF7F307FB131140EA77
:1006C00001410EFB03F0884208D91CEB010103F144
:1006D000FF3802D2884200F2CB804346091AA4B206
:1006E000B1FBF7F007FB101144EA01440EFB00FEDA
:1006F000A64508D91CEB040400F1FF3102D2A6453F
:1007000000F2BB800846A4EB0E0440EA03409CE7DD
:10071000C6F12007B34022FA07FC4CEA030C20FA8A
:1007200007F401FA06F31C43F9404FEA1C4900FAAA
:1007300006F3B1FBF9F8200C1FFA8CFE09FB181127
:1007400040EA014108FB0EF0884202FA06F20BD99A
:100750001CEB010108F1FF3A80F08880884240F2EA
:100760008580A8F102086144091AA4B2B1FBF9F02E
:1007700009FB101144EA014100FB0EFE8E4508D929
:100780001CEB010100F1FF346CD28E456AD90238AE
:10079000614440EA0840A0FB0294A1EB0E01A14293
:1007A000C846A64656D353D05DB1B3EB080261EB01
:1007B0000E0101FA07F722FA06F3F1401F43C5E9DB
:1007C000007100263146BDE8F087C2F12003D84011
:1007D0000CFA02FC21FA03F3914001434FEA1C4753
:1007E0001FFA8CFEB3FBF7F007FB10360B0C43EA45
:1007F000064300FB0EF69E4204FA02F408D91CEBF5
:10080000030300F1FF382FD29E422DD902386344F2
:100810009B1B89B2B3FBF7F607FB163341EA034192
:1008200006FB0EF38B4208D91CEB010106F1FF38E1
:1008300016D28B4214D9023E6144C91A46EA0046D8
:1008400038E72E46284605E70646E3E61846F8E66A
:100850004B45A9D2B9EB020864EB0C0E0138A3E7B3
:100860004646EAE7204694E74046D1E7D0467BE794
:10087000023B614432E7304609E76444023842E70C
:10088000704700BF38B501F007FC01F0D7FD09F053
:10089000D5FE05460AF002F8044628BB144B9D42DB
:1008A00024D001339D4241F2883504BF0124002544
:1008B00001F0D6FE38B10025032000F07FF80D4886
:1008C0002C4601F0AFFC002009F0C2FE0CB100F094
:1008D00039F901F053FD00F0F1FD08B100F032F9F3
:1008E000284600F0E7F9F9E70025E1E70546DFE7EC
:1008F000010007B028C40008064D074C054808B59C
:1009000001F090FC284601F08DFC204608F060FFC5
:10091000F8E700BF50C4000840420F0008B501F0DE
:1009200087FBA0F120035842584108BD07B541F2AA
:100930001203022101A8ADF8043001F097FB03B0C7
:100940005DF804FB38B5302383F31188174803683A
:100950000BB109F01BF80023154A4FF47A711348C4
:1009600009F00AF8002383F31188124C236813B1AD
:100970002368013B2360636813B16368013B6360D4
:100980000D4D2B7833B963687BB9022001F040FC30
:10099000322363602B78032B07D163682BB90220C5
:1009A00001F036FC4FF47A73636038BD7822002082
:1009B00045090008C8230020C0220020084B1870F9
:1009C00003280CD8DFE800F008050208022001F037
:1009D00015BC022001F008BC024B00225A6070478F
:1009E000C0220020C8230020F8B501F039FE30B144
:1009F0004B4B03221A7000224A4B5A60F8BD4A4BF7
:100A00004A4A1C4619680131F8D004339342F9D19F
:100A10006268474B9A42F1D9464B9B6803F10063E9
:100A200003F500339A42E9D2002001F04FFB022087
:100A3000FFF7C4FF404B00219A6C99641A6F196745
:100A40001A6FDA6CD9645A6F59675A6F1A6D196543
:100A50009A6F99679B6F394BD3F8802042F0006200
:100A6000C3F88020D3F8802022F00062C3F88020F1
:100A7000D3F88020D3F8802042F00072C3F88020A1
:100A8000D3F8802022F00072C3F88020D3F88030A1
:100A900072B64FF0E023C3F8084DD4E90004BFF369
:100AA0004F8FBFF36F8F264AC2F88410BFF34F8F6A
:100AB000536923F480335361BFF34F8FD2F88030F2
:100AC00043F6E076C3F3C905C3F34E335B0103EA93
:100AD000060C29464CEA81770139C2F87472F9D2C2
:100AE000203B13F1200FF2D1BFF34F8FBFF36F8F75
:100AF000BFF34F8FBFF36F8F536923F400335361FC
:100B00000023C2F85032BFF34F8FBFF36F8F3023F3
:100B100083F31188854680F3088820476EE700BF7D
:100B2000C0220020C8230020000002082000020884
:100B3000FFFF01080022002000450258004402582F
:100B400000ED00E070B54848A4B00324474D01F023
:100B500069FB474801F066FB2146284601F062FB2D
:100B60004FF47A7001F07EFB013CF5D1414801F071
:100B700059FB01F075FD20B13F4801F053FBFFF731
:100B8000BBFE3E4801F04EFB3D4801F04BFB3D49AA
:100B9000C1F88440BFF34F8FD1F8803043F6E07442
:100BA000C3F3C900C3F34E335B0103EA04060246F4
:100BB00046EA8275013AC1F86052F9D2203B13F13E
:100BC000200FF2D1BFF34F8FBFF36F8F2E4E2F4DFB
:100BD00034460FCD0FC40FCD0FC495E80F0084E845
:100BE0000F0032682A4B9A4222D17368013BB3F559
:100BF000001F1DD2274801F015FB08A801F052F98B
:100C00007268254908A801F079F9694608A801F039
:100C100095F9224801F006FB214801F003FB202250
:100C200006F1080168460BF089FB18B11D48A4E7DE
:100C30001D48A2E71D4803240C4D01F0F3FA1C489F
:100C400001F0F0FA2146284601F0ECFA4FF47A70F0
:100C500001F008FB013CF5D1642001F003FB24B056
:100C6000BDE87040FFF7C0BE7CC40008B7C40008F0
:100C700094C40008CAC40008E6C4000809C50008F6
:100C800021C5000800ED00E09022002000000208CD
:100C9000EFBEADDE44C500080000040870C50008C2
:100CA00084C50008CCC50008AAC50008E8C500082E
:100CB00004C600082DE9F04F93B0B44B2022FF2169
:100CC00000900AA89D6801F003FBB14A1378A3B90C
:100CD0000121B04811700360302383F31188036849
:100CE0000BB108F053FE0023AB4A4FF47A71A948C8
:100CF00008F042FE002383F31188009B13B1A74B39
:100D0000009A1A60A64A1378032B03D000231370AD
:100D1000A24A53604FF0000A009CD3465646D14683
:100D2000012001F06BFA24B19C4B1B68002B00F0F2
:100D30002682002001F07CF90390039B002BF2DB5C
:100D4000012001F051FA039B213B1F2BE8D801A29F
:100D500052F823F0D50D0008FD0D0008910E000893
:100D6000210D0008210D0008210D0008230F0008A7
:100D7000F31000080D1000086F100008971000080D
:100D8000BD100008210D0008CF100008210D00083B
:100D900041110008750E0008210D0008851100089A
:100DA000E10D0008750E0008210D00086F10000805
:100DB000210D0008210D0008210D0008210D00085B
:100DC000210D0008210D0008210D0008210D00084B
:100DD000910E00080220FFF7A1FD002840F0F981E4
:100DE000009B022105A8BAF1000F08BF1C4641F282
:100DF0001233ADF8143001F039F991E74FF47A70FD
:100E000001F016F9071EEBDB0220FFF787FD002833
:100E1000E6D0013F052F00F2DE81DFE807F0030A8C
:100E20000D1013360523042105A8059301F01EF9C2
:100E300017E004215548F9E704215A48F6E7042150
:100E40005948F3E74FF01C08404608F1040801F048
:100E50003FF90421059005A801F008F9B8F12C0F1D
:100E6000F2D101204FF0000900FA07F747EA0B0B17
:100E70005FFA8BFB01F078FA26B10BF00B030B2B1A
:100E800008BF0024FFF752FD4AE704214748CDE799
:100E9000002EA5D00BF00B030B2BA1D10220FFF7E6
:100EA0003DFD074600289BD00120002601F00EF9E9
:100EB0000220FFF783FD1FFA86F8404601F016F97D
:100EC0000446B0B1039940460136A1F140025142B7
:100ED000514101F01BF90028EDD1BA46044641F218
:100EE0001213022105A83E46ADF8143001F0BEF8F9
:100EF00016E725460120FFF761FD244B9B68AB42B6
:100F000007D9284601F0E4F8013040F06781043544
:100F1000F3E70025224BBA463E461D701F4B5D602D
:100F2000A8E7002E3FF45CAF0BF00B030B2B7FF414
:100F300057AF0220FFF742FD322001F079F8B0F1FF
:100F40000008FFF64DAF18F003077FF449AF0F4AD2
:100F500008EB0503926893423FF642AFB8F5807FF5
:100F60003FF73EAF124BB845019323DD4FF47A7043
:100F700001F05EF80390039A002AFFF631AF039A5E
:100F80000137019B03F8012BEDE700BF0022002091
:100F9000C42300207822002045090008C82300202F
:100FA000C022002004220020082200200C22002061
:100FB000C4220020C820FFF7B1FC074600283FF4F8
:100FC0000FAF1F2D11D8C5F120020AAB25F0030089
:100FD00084494245184428BF4246019201F052F923
:100FE000019AFF217F4801F073F94FEAA803C8F383
:100FF00087027C492846019301F072F906460028D1
:101000003FF46DAF019B05EB830533E70220FFF74B
:1010100085FC00283FF4E4AE01F096F800283FF488
:10102000DFAE0027B846704B9B68BB4218D91F2F14
:1010300011D80A9B01330ED027F0030312AA1344E0
:1010400053F8203C05934046042205A9043701F0DB
:101050008DFA8046E7E7384601F03AF80590F2E766
:10106000CDF81480042105A801F000F802E7002360
:10107000642104A8049300F0EFFF00287FF4B0AED1
:101080000220FFF74BFC00283FF4AAAE049801F0C1
:1010900051F80590E6E70023642104A8049300F0CA
:1010A000DBFF00287FF49CAE0220FFF737FC00280E
:1010B0003FF496AE049801F03FF8EAE70220FFF70C
:1010C0002DFC00283FF48CAE01F04EF8E1E7022041
:1010D000FFF724FC00283FF483AE05A9142001F09B
:1010E00049F807460421049004A800F0BFFF3946E0
:1010F000B9E7322000F09CFF071EFFF671AEBB0778
:101100007FF46EAE384A07EB0903926893423FF6CC
:1011100067AE0220FFF702FC00283FF461AE27F023
:1011200003074F44B9453FF4A5AE484609F1040909
:1011300000F0CEFF0421059005A800F097FFF1E72D
:101140004FF47A70FFF7EAFB00283FF449AE00F055
:10115000FBFF002844D00A9B01330BD008220AA9C8
:10116000002001F0BDF800283AD02022FF210AA873
:1011700001F0AEF8FFF7DAFB1C4808F029FB13B0CA
:10118000BDE8F08F002E3FF42BAE0BF00B030B2BC2
:101190007FF426AE0023642105A8059300F05CFFD0
:1011A000074600287FF41CAE0220FFF7B7FB8046FD
:1011B00000283FF415AEFFF7B9FB41F2883008F084
:1011C00007FB059801F018F946463C4601F0CCF8BB
:1011D000A6E506464EE64FF0000901E6BA467EE671
:1011E00037467CE6C422002000220020A0860100B1
:1011F0007047000070470000704700002DE9F04183
:1012000000F58037044616463B7C5BB9C068103059
:10121000204401F037F8E5683544B5F5004FE56046
:1012200002D816B1BDE8F081DEB905F07F0605F100
:1012300010000021C6F180062044F6B232462E444A
:1012400001F046F8A06804F11008324600F1006091
:10125000414600F5003008F091FF30B901233B749E
:10126000E0E74FF400463546ECE7A26805F11001CF
:10127000404632442144A260E268521BE26001F021
:1012800001F80220BDE8F04100F0C2BF183000F0C4
:10129000E9BC000010B5044603F0F6FC204610BD82
:1012A00010B5044603F0F0FC204610BDC0B2A0F11A
:1012B0004103052B02D83738C0B27047A0F1610353
:1012C000052B94BF57383038F6E7000070B5044658
:1012D0001546084603220C4900F0DEFF014688B996
:1012E00008346E1C15F91100FFF7E0FF024616F9ED
:1012F00011000131FFF7DAFF102940EA021004F86B
:10130000010BEFD170BD00BF28C600082DE9F04FDA
:10131000ADF53F7D0746416801222AA805F098FBFC
:10132000002840F087800646824681461125DFF876
:101330000C81DFF80CB101AB4FF4805241462AA872
:1013400005F0E6FC002875D1019AB2F5805F71D8EE
:10135000002A65D00446019A9442ECD2282D0FD081
:1013600008DC132D2DD01E2D39D0112D13D00134B2
:10137000A4B2F0E7322D2DD0372D2FD02D2DF6D160
:101380003B68121B08EB040138461B692D25984762
:10139000BDF80440EBE7121B022A09D9594608EBB5
:1013A000040000F079FF18B902342825A4B2DEE762
:1013B00018F804303A2B3DD00A2B1CBFA146132548
:1013C000D5E718F804300A2B34D03A2B04BFA246D4
:1013D0003225CCE718F80430202BC8D0264618F860
:1013E00004300A2B1AD1AAEB090208EB090102A862
:1013F00011254F2A28BF4F220BF002F8A21B08EB41
:10140000060116A84F2A28BF4F220AF0F9FF3B68B1
:1014100016AA02A9DB6838469847A8E71E25A6E762
:101420003B68384604491B69984701200DF53F7D0C
:10143000BDE8F08F0020F9E709C80008D02300209C
:1014400080C5000800F1180110B5044686B00846B2
:10145000019100F0F1FB2046FFF758FF60B10199C0
:1014600002A800F049FC102204F1080102A80AF0C9
:1014700065FFB0FA80F0400906B010BD70B50446B3
:101480000025EEB2304600F031FE58B10021304662
:10149000013500F03BFE08B9002070BD022000F0CD
:1014A000B7FEEEE72046FFF731FF0028F4D004F541
:1014B0008034207C80F00100EFE70000F0B5C9B077
:1014C00009F0D4F803F0FCFB18B90025284649B010
:1014D000F0BD69462A4805F0DDFC00284BD1294CB7
:1014E000204605F007FD284805F004FD274805F0D3
:1014F00001FD2146224805F079FD0028E5D1702044
:1015000003F0BCFB064610B1214B44600360336816
:1015100030469B689847054600282ED01A4F194838
:10152000394605F063FD05460028CED1194803F081
:10153000A5FB044638B1184B4760036000F58033C3
:10154000C0E902551D74236820469B6898470546EC
:1015500028B10E490C4805F049FD0028B5D1336883
:1015600030465B6898471CB1236820465B68984703
:1015700003F08EFBAAE70025FAE70446EFE700BF79
:101580002CC600083CC6000853C6000869C60008FF
:101590008CC6000814000100A8C600082DE9F04F11
:1015A000D44A8DB00B68D0F804A001931A440368A4
:1015B000D14E1A44D1F81C90DFF8B4C3DFF8B4B3AD
:1015C000D0E90234634003EA0A03634013444A68E3
:1015D00002920AEB7363029CC84A2244C468224404
:1015E00084688AEA04051D40654015448A680392B0
:1015F00003EB3555039CC24A2244846822448AEA9C
:1016000003042C4084EA0A041444CA6805EBF43449
:101610000492164483EA0502224056445A4032445A
:101620000E69059604EBB222059FB64E3E441E4459
:1016300085EA040313406B4033444E69069602EB7F
:101640007363069FB04E3E442E4484EA02051D405B
:10165000654035448E69079603EB3555079FAB4EC1
:101660003E44264482EA03042C4054403444A84EAD
:101670004E4405EBF434164483EA050222405A40F6
:1016800032440E6A089604EBB222089FA14E3E44F3
:101690001E4485EA040313406B4033444E6A0996A6
:1016A00002EB7363099F9C4ED1F830E03E44D1F8C1
:1016B0003880F3442E4484EA02051D4065403544D9
:1016C0008E6AA6F5244703EB35550A964F3F27440B
:1016D00082EA03042C4054403C44CF6A0B9705EB4C
:1016E000F4340B9E8D4F3744029E174483EA050263
:1016F00022405A403A448A4F774404EBB2221F44B6
:1017000085EA040313406B403B444F6BBC4402EB3F
:101710007363654484EA020C0CEA030C8CEA040C43
:101720006544DFF854C2C44403EB3555A44482EA4F
:1017300003042C4054406444D1F83CC0794905EB83
:10174000F4346144114483EA050222405A400A44B9
:10175000754904EBB2223144079E194484EA02031E
:101760002B4063400B44714902EBF36331440B9E01
:101770000D4482EA03012140514029446C4D03EBA2
:10178000F1513544019E254483EA010414405C4034
:101790002C44684D01EBB4443544069E154481EA5F
:1017A00004021A404A402A44634D04EB3232354465
:1017B0000A9E1D4484EA02030B4063402B445F4DA4
:1017C00002EBF3633544059E0D4482EA0301214098
:1017D000514029445A4D03EBF1516544254483EAB5
:1017E000010414405C402C44564D01EBB444354494
:1017F000099E154481EA04021A404A402A44524D87
:1018000004EB32323544049E1D4484EA02030B404B
:1018100063402B444D4D02EBF36345440D4482EA93
:101820000301214051402944494D03EBF151354416
:10183000089E2C4483EA010515405D402C44454D2B
:1018400001EBB4443544039E2A4481EA04051D405B
:101850004D402A44404D04EB32323D442B4484EA4F
:10186000020593440D4065402B443C4D02EBF3636D
:101870003544069E294482EA030525405540294403
:10188000374D03EBF1514D442C4483EA01051540DB
:101890005D40254401EBB54581EA050404EA0302F5
:1018A0004A405A44A6F5B82B089E05EB3232ABF2FB
:1018B000BE6B54405B4423442A4C344402EB3373E4
:1018C0000B9E0C4485EA020159402144264C3444C5
:1018D00003EB7151029E254482EA03044C402544E7
:1018E000224C444401EB3545144483EA01026A402A
:1018F000224443E078A46AD7EECEBDC156B7C7E80C
:10190000DB702024AF0F7CF52AC68747134630A82A
:10191000019546FDD8988069AFF7448BBED75C89A6
:101920002211906B2108B44962251EF640B340C0D5
:10193000515A5E26AAC7B6E95D102FD65314440249
:1019400081E6A1D8C8FBD3E7E6CDE121D60737C3AE
:10195000870DD5F4ED145A4505E9E3A9F8A3EFFC8A
:10196000D9026F6781F6718722619D6D0C38E5FDA4
:10197000937198FD8A4C2A8D8E4379A6934C3444FA
:1019800005EB7222059E1C4481EA05035340234463
:101990008F4C344402EB33730A9E0C4485EA0201F7
:1019A000594021448B4C4C4403EB7151254482EA4D
:1019B00003044C402C44884D354401EB3444019ED3
:1019C000154483EA010262402A44844D3D4404EBFD
:1019D00072221D4481EA040353402B44804D354458
:1019E00002EB3373049E294484EA02055D402944D6
:1019F0007C4D354403EB7151079E254482EA030474
:101A00004C402C44784D354401EB3444099E2A4423
:101A100083EA010565401544744A324404EB752598
:101A2000039E134481EA04026A401A44704B7344D3
:101A300005EB32720B4484EA0501514019446D4BA9
:101A4000634402EB71511C4485EA02034B401C4481
:101A5000694B334401EB3444019E1D4482EA010387
:101A600063402B44654D04EB73233544069E1544B7
:101A700063EA010262402A44614D03EBB2624D44C5
:101A800062EA040929445F4D89EA0309454449444F
:101A90002C445D4D02EBB1513544049E61EA0308CC
:101AA0001D4488EA0208444401EB744464EA0203DA
:101AB0004B402B44554D04EBF323754463EA010E70
:101AC00015448EEA040E0EEB0502514D03EBB26293
:101AD000354462EA040E29440A9D8EEA030EA5F5F8
:101AE00080164C4D7144A6F6833602EBB151264464
:101AF00061EA030454403444029E01EB74443544CB
:101B000064EA02061D444E407319089E424D04EBE0
:101B1000F323354463EA01061544664072193F4DCC
:101B200003EBB262654462EA040629443C4D5E4020
:101B30003144079E02EBB151354461EA03062C445F
:101B4000384D56403D443444059E1D4401EB7444D9
:101B500064EA02034B402B44334D04EBF32335443A
:101B60000B9E154463EA010262402A442F4D03EBA9
:101B7000B2623544039E0D4462EA0401594029448F
:101B80002B4D02EBB15135442A4E254461EA030442
:101B900054402C44099D01EB74442E4464EA020530
:101BA0001E4485EA01039D1903681A440AEB0403E5
:101BB00003EBF5230260436083681C44C368194447
:101BC0008460C1600DB0BDE8F08F00BF44EABEA4E0
:101BD000A9CFDE4B604BBBF670BCBFBEC67E9B2858
:101BE000FA27A1EA8530EFD4051D880439D0D4D96D
:101BF000E599DBE6F87CA21F6556ACC4442229F4C3
:101C000097FF2A43A72394AB39A093FCC3595B6584
:101C100092CC0C8FD15D84854F7EA86FE0E62CFEC0
:101C2000144301A3A111084E827E53F735F23ABD49
:101C3000BBD2D72A91D386EB094B036003F18833DB
:101C4000436003F12943A3F59613A3F68B638360E6
:101C5000A3F18833C3600023C0E90433704700BF99
:101C6000012345672DE9F8431446026905460E46EF
:101C7000E300C2F3C50800F118079B18036122BFF7
:101C800043690133436112F4FC7F436903EB5473EE
:101C9000436114D0C8F1400907EB08004C4504D259
:101CA0002246BDE8F8430AF07BBB403C4A464E441E
:101CB0000AF076FB444439462846FFF76FFCA046FD
:101CC00006EB0409B8F13F0FA9EB08010AD940223D
:101CD00038460AF065FB39462846A8F14008FFF768
:101CE0005DFCEFE7A1096FF03F02384602FB0142BD
:101CF00006EB8111D5E7000070B50B6901F11805FD
:101D000006460C46C3F3C503EA18501C8022EA5469
:101D1000C3F13F02072A1FD8002100F0D9FA294653
:101D20002046FFF73BFC38220021284600F0D0FA7D
:101D3000236929462046236563696365FFF72EFC06
:101D40002146102230460AF02BFB20465822002163
:101D5000BDE8704000F0BCBAC3F137020021E5E7EE
:101D60002DE9F04FC9B001F1400508AA14464B789F
:101D7000043111F8046C1B0443EA066311F8016C8A
:101D8000334311F8026C8D4243EA062344F8043BC6
:101D9000EDD11024916B164652F8045F01344FEADE
:101DA000F143402C83EA714383EA9123716A3668D8
:101DB00031440B444FEAB54181EAF51181EAD5017E
:101DC0000B44D363E6D1D0E900E34FF00008009361
:101DD00074468368009E0193C3680293036903936A
:101DE0004369049383690593C369DDE9031C069382
:101DF0002B4BDDE9057BDDE901590793079B53F880
:101E0000042B07934FEAF12383EAB11383EA716A43
:101E100008AB53F8283008F101081A44B8F1400F14
:101E20000AEB020327EA010A01EA0C028AEA02022B
:101E30004FEA743A1A4486EA05038AEAB40A5A4415
:101E400003EA040306EA050B8AEAB45A83EA0B0B99
:101E500002EB0903A946DA44BB46524419D1724445
:101E60000260009A22444260019A32448260029ADF
:101E70002A44C260039A1A44049B0B4402614361E2
:101E8000059B63448361069B3B44C36149B0BDE845
:101E9000F08F674635468C46264619461446ADE710
:101EA000BCC60008002300220D4983660023DFF82A
:101EB00048C0C0E908230B4B0B4AC0E900230B4B79
:101EC000C0E902130A4BC0E904C30A4B836103F162
:101ED0007453A3F52303A3F69243C361704700BF75
:101EE00072F36E3C85AE67BB67E6096A3AF54FA5AB
:101EF0008C68059BABD9831F7F520E51F8B50C46F9
:101F00008D1800F128070026AC4200D1F8BD836E81
:101F10005A1C03448266402A14F8011B83F82810D7
:101F2000F2D13946FFF71CFF8666D0E9083213F577
:101F3000007342F10002C0E90832E5E770B5856E32
:101F4000802204460E46431905F12900002183F83A
:101F500028206B1CC5F137022044382B4FEAC505F9
:101F600088BF002200F0B4F904F128012046D4E92A
:101F70000823AD1843F10003C4E908532DBA656680
:101F8000FFF7EEFE711E18232268DA4001F8012FD8
:101F90006268DA400A71A268DA400A72E268DA40DE
:101FA0000A732269DA400A746269DA400A75A26922
:101FB000DA400A76E269DA40083B13F1080F0A7743
:101FC000E2D170BD2DE9F84F4FF47A7306460D4605
:101FD000002402FB03F7DFF85080DFF8509098F9F7
:101FE00000305FFA84FA5A1C01D0A34210D159F88C
:101FF00024002A4631460368D3F820B03B46D84730
:10200000854205D1074B012083F800A0BDE8F88F79
:102010000134042CE3D14FF4FA7007F0D9FB00200F
:10202000F4E700BF14340020102200201422002006
:10203000002307B5024601210DF107008DF8073096
:10204000FFF7C0FF20B19DF8070003B05DF804FB67
:102050004FF0FF30F9E700000A46042108B5FFF70A
:10206000B1FF80F00100C0B2404208BD074B0A46F4
:1020700030B41978064B53F82140014623682046B6
:10208000DD69044BAC4630BC604700BF143400200F
:1020900014220020A086010070B50A4E00240A4DCB
:1020A00008F010F8308028683388834208D908F097
:1020B00005F82B6804440133B4F5003F2B60F2D3DC
:1020C00070BD00BF16340020D033002008F0D4B813
:1020D00000F1006000F500300068704700F100601A
:1020E000920000F5003008F049B80000054B1A686E
:1020F000054B1B889B1A834202D9104407F0DEBFB0
:1021000000207047D03300201634002038B5044634
:10211000074D29B128682044BDE8384007F0E6BFE4
:102120002868204407F0D0FF0028F3D038BD00BF56
:10213000D03300200020704700F1FF5000F58F10D1
:10214000D0F8000870470000064991F8243033B1F8
:1021500000230822086A81F82430FFF7BFBF01205E
:10216000704700BFD4330020014B1868704700BF90
:102170000010005C194B01380322084470B51D683B
:10218000174BC5F30B042D0C1E88A6420BD15C68BF
:102190000A46013C824213460FD214F9016F4EB138
:1021A00002F8016BF6E7013A03F10803ECD1814232
:1021B0000B4602D22C2203F8012B0424094A16886C
:1021C000AE4204D1984284BF967803F8016B013C7B
:1021D00002F10402F3D1581A70BD00BF0010005C78
:1021E00024220020E8C70008022803D1024B4FF048
:1021F00080529A61704700BF00100258022803D134
:10220000024B4FF480529A61704700BF0010025891
:10221000022804D1024A536983F480535361704702
:10222000001002580FB430B5B5B00C4CC82138AB13
:1022300002A853F8042B019302F08AFD2368C828F2
:10224000024602A9DD6928BFC822054B2046A847DF
:1022500035B0BDE8304004B0704700BF48490020A9
:10226000A086010070B504464FF47A764CB1412C3B
:10227000254628BF412506FB05F0641B07F0A8FA98
:10228000F4E770BD002310B5934203D0CC5CC45476
:102290000133F9E710BD0000013810B510F9013F16
:1022A0003BB191F900409C4203D11AB10131013A8E
:1022B000F4E71AB191F90020981A10BD1046FCE716
:1022C00003460246D01A12F9011B0029FAD17047C1
:1022D00002440346934202D003F8011BFAE7704719
:1022E0002DE9F8431F4D14460746884695F82420EB
:1022F00052BBDFF870909CB395F824302BB92022A4
:10230000FF2148462F62FFF7E3FF95F8240041467E
:10231000C0F1080205EB8000A24228BF2246D6B2D7
:102320009200FFF7AFFF95F82430A41B17441E441A
:102330009044E4B2F6B2082E85F82460DBD1FFF7B2
:1023400003FF0028D7D108E02B6A03EB8203834206
:10235000CFD0FFF7F9FE0028CBD10020BDE8F883ED
:102360000120FBE7D4330020024B1A78024B1A708D
:10237000704700BF1434002010220020F8B5194C1B
:10238000194806F02DFD2146174806F055FD246832
:102390004FF47A70154ED4F89020154DD2F80438C9
:1023A000114F43F00203C2F80438FFF75BFF2046E9
:1023B000104906F04FFED4F890200424D2F80438D7
:1023C00023F00203C2F804384FF4E133336055F8C8
:1023D000040BB84202D0314606F060FC013CF6D155
:1023E000F8BD00BFC0D5000848490020FC330020DC
:1023F00014220020C8D500080C4B70B50C4D0446C3
:102400001E780C4B55F826209A420DD00A4B00211D
:1024100018221846FFF75CFF0460014655F82600B5
:10242000BDE8704006F03ABC70BD00BF1434002017
:102430001422002048490020FC3300202DE9F047F9
:1024400071B6464B01201D68454BB3F80080002350
:102450001A46194605F08AFB0446802007F0ACFFB7
:102460000746002862D0002C60D03E4EADB24FF03F
:10247000800A7369284643F0C0637361D6F814314B
:1024800043F0C063C6F8143107F018FE05EB0802EC
:1024900000FB05F34FF4D06C50434FF03D0E9842D3
:1024A00033D93269520144D4D6F81021510140D4B5
:1024B000216803F100628A602268D7602268C2F84E
:1024C00004A02268C2F800C0D4F80090D9F8002017
:1024D00042F00102C9F80020D4F80090D9F8002099
:1024E00022F01E02C9F80020D4F80090D9F800208C
:1024F000D207FBD494F80C90803361680EFA09F28D
:102500000A60CCE7002007F0B7FE204605F064FB28
:10251000384607F08DFF134B5A6942F0C0625A618A
:10252000D3F8142142F0C062C3F8142161B6BDE8AB
:10253000F0870D4B9A6A42F400729A629A6A42F4EA
:1025400000429A6261B60026012007F095FEB04570
:10255000D8D9A819013607F0C9FDF8E7D033002013
:10256000163400200020005200ED00E030B50A448F
:10257000084D91420DD011F8013B5840082340F31B
:102580000004013B2C4013F0FF0384EA5000F6D115
:10259000EFE730BD2083B8ED30B5002489B00B4D96
:1025A0001C22214601A80094FFF792FE20226946D2
:1025B000281909F0C3FE30B92034B4F5A07FF5D155
:1025C000012009B030BD0020FBE700BFE802000891
:1025D0002DE9F047D8B004460D4616461F46FFF7D2
:1025E000DBFF90BBA369482B31D1082204F11C0109
:1025F000184809F0A3FE50BB8246DFF85C80DFF884
:102600005C904FF4B07200216846FFF761FE08EB62
:102610000A0204F12401684602F0F4F92A46494608
:10262000684602F0F5F968463A46314602F0F0F99C
:10263000684602F0EFF928B10AF1200ABAF5A07F46
:10264000DFD1122058B0BDE8F0870020FAE7112052
:10265000F8E700BF0CC80008E80200080000020804
:10266000404A2DE9F34110686B4651686A4603C33E
:1026700008233D493D4809F071FE0446002836D143
:102680000A24FFF789FF002867D0394A6B46106893
:1026900051686A4603C308233649344809F05EFE90
:1026A0000546002859D00369B3F5F01F55D8418B72
:1026B00040F22742914250D12F4A024402F11001C8
:1026C0008B424AD3103B294900209E1AFFF74EFF48
:1026D00005F11801074632460020FFF747FFAB68B7
:1026E0009F423AD1EB68984208BF002435E0036965
:1026F000B3F5F01F01D90B24C3E7B0F8661040F220
:102700002742914201D00C24BBE71B4E064406F140
:102710005C02934201D21024B3E75C3B00F16407F2
:10272000324612499D1B0020FFF720FF39468046A4
:102730002A460020FFF71AFFA368984501D00D2410
:102740009FE7E3689842FAD120462B463A46314645
:10275000FFF73EFF0446002893D1204602B0BDE8B3
:10276000F08100BFF8C7000890FF1D0000000208BC
:1027700001C80008DCFF1D000800FEF783784278DE
:102780001B04007843EA022318437047006870472F
:1027900008B50246FFF7FAFF0346101DFFF7F6FFE4
:1027A0000146184608BD00000B0A017043700B0C6F
:1027B000090E8370C170704708B501EB8202031FD8
:1027C00008460431FFF7E2FF43F8040F9142F7D1C6
:1027D00008BD000010B500EB82020C1F54F8041F66
:1027E000FFF7E2FF04309042F8D110BD2DE9F0412F
:1027F00088460546FFF7CCFF06460C464046FFF7E5
:10280000C7FF464005F108004C40FFF7C1FF0746EF
:102810000D4608F10800FFF7BBFF784069403043E0
:102820002143BDE8F0810000F8B506460F46FFF7EA
:10283000DDFF05460C4606F1100007F11001FFF719
:10284000D5FF28432143F8BD2DE9F04F0368B7B009
:10285000384CC1F1000A1A93436837491B938368C7
:10286000364D1C93C368364F1D930369DFF8F8B0EB
:102870001E9343698AEA0B0B324E1F938369DFF87C
:10288000ECE02093C369DFF8E8C02193036A229348
:10289000436A2393D0E9102362402B4C05922B4AC4
:1028A00053400693836A2493C36A2593D0E9122385
:1028B00062400D92264A5340264A0E93036B0092C3
:1028C0002693436B279381EAEA7320991793836BCE
:1028D00018912893C36B289A299300F15003119201
:1028E000299A21991292269A19910792279A1E994C
:1028F0000892249A159103921F99259A1691049291
:10290000DDE922421C990F911D9910911A990991A4
:102910001B990A911049CDE9015101F14F7101F55F
:10292000D341583113910D4914910D49CDE90B71E3
:102930000C4F1FE0D182E6ADABD9831F79217E1306
:102940002BF894FE85AE67BB1F6C3E2B7F520E5159
:102950008C68059BACCC000819CDE05B3AF54FA51F
:1029600072F36E3C3BA7CA846BBD41FB08C9BCF344
:1029700067E6096A0099097803EBC10553F831103D
:102980006D68611842EB0508099D49190A9D45EBE0
:102990000808059D81EA0509069D88EA050A1AEBE3
:1029A0000E0E4CEB090C8EEA04048CEA0202250E92
:1029B00045EA0225120E42EA0422009C647809923C
:1029C00003EBC40253F834405268091948EB02087B
:1029D0004A190592099A48EB02020692059A82EA80
:1029E0000A0A069A4FEA1A4182EA090941EA0942AB
:1029F00009994FEA1949349249EA0A423592349AC0
:102A00001EEB02022A92359A4CEB02022B922A9A72
:102A100055402B9A51400A46490041EAD5716D0054
:102A2000339145EAD2723292009A927803EBC20156
:102A300053F832204968039C0D9DA218049C44EB76
:102A4000010E0F9912EB010A1099009A41EB0E0E3C
:102A50000E9985EA0A058EEA0108039918EB070723
:102A600046EB050687EA010C74404FEA1C6141EA17
:102A70000421240E44EA0C2492F803C003EBCC0991
:102A800053F83CC0D9F804901AEB0C024EEB090E37
:102A900052180D924EEB04020E920D9A82EA08082B
:102AA0000E9A55404FEA184242EA05422D0C3092E8
:102AB00045EA08423192309ABA182C92319A46EB84
:102AC00002022D922C9A51402D9A5440620042EA03
:102AD000D1724900099241EAD4720492009A1279A3
:102AE00003EBC20153F832204D6807998A18089900
:102AF00041EB050515995218169941EB05051799F3
:102B000082EA0B04039285EA010A0B99009A1AEBF8
:102B100001060C9992F805E041EB040B079953F874
:102B20003E8086EA010C0899039A8BEA01074FEA76
:102B30001C6112EB080241EA07214FEA176747EAD6
:102B40000C2703EBCE0CDCF8049045EB090552187A
:102B5000159245EB07021692159A82EA0A0A169A0E
:102B60004FEA1A49544049EA0442240C2E9244EA9E
:102B70000A42119C2F922E9AB6182F9A4BEB020BF9
:102B800071408BEA07077A0042EAD1724900089245
:102B900041EAD7720792009A917903EBC10253F888
:102BA000311052686118129C44EB0208189A891877
:102BB000199A42EB0808019A029C4A40129F88EA3F
:102BC000040E139C1EEB0405149C44EB0209119C9B
:102BD0006C4089EA070C270E47EA0C274FEA1C6C69
:102BE0004CEA042C009CE47903EBC40A53F834400B
:102BF000DAF804A00919059C48EB0A08C9191791CD
:102C000048EB0C011891179981EA0E0E18994FEABA
:102C10001E4A4A404AEA024A120C15EB0A0542EAE9
:102C20000E4E87EA050749EB0E0989EA0C0C4FEABC
:102C30004C0848EAD7727F00129247EADC72119280
:102C4000009A117A03EBC10253F8311052686118EF
:102C5000069C44EB0208049A8918099A48EB02087A
:102C600081EA0A0A049A88EA0E0E1EEB06064BEB6E
:102C70000A0B86EA0204099A270E8BEA020247EA47
:102C800002274FEA126C009A527A4CEA042C03EBAA
:102C9000C20453F832206468891848EB0408CA1942
:102CA000099248EB0C020A92099A8EEA020E0A9ADD
:102CB0008AEA020A4FEA1E4242EA0A424FEA1A4AE6
:102CC00001924AEA0E420292019A92190B92029ADA
:102CD00042EB0B020C920B9A57400C9A8CEA020CB6
:102CE0004FEA4C0444EAD772359C7F00049247EACD
:102CF000DC720392009A927A03EBC20153F83220FD
:102D00004E680D998A180E9941EB0606079912EB49
:102D100001080899009A46EB0106349986EA040AEC
:102D200088EA0101079C1AEB050549EB010985EAD0
:102D3000040C089C89EA04074FEA1C6444EA07244F
:102D40003F0E47EA0C2792F80BC003EBCC0E53F86A
:102D50003CC0DEF804E018EB0C0246EB0E0612193C
:102D60000F9246EB070210920F9A8AEA020A109A13
:102D700051404FEA1A4242EA0142090C059241EAE7
:102D80000A420692059A52191392069A42EB0902D8
:102D90001492139A5440149A57407A0042EAD4721B
:102DA0006400089244EAD7720792009A127B03EB00
:102DB000C20153F832204D6815998A18169941EBD3
:102DC0000505119912EB010A1299009A45EB0105CC
:102DD00030998AEA0106319985EA01072A9911EBAF
:102DE000070E2B9941EB060C11998EEA01041299FA
:102DF0008CEA0108210E41EA08214FEA186848EAE6
:102E0000042492F80D8003EBC80953F83880D9F8F0
:102E100004901AEB080245EB09055218159245EB90
:102E200004021692159A5740169A56403A0C42EAF6
:102E30000642360C0D9246EA07420E920D9A12EBAC
:102E40000E0E0E9A42EB0C0C81EA0E0184EA0C0481
:102E50004FEA440A4AEAD1724900129241EAD47216
:102E6000179C1192009A917B03EBC10253F8311029
:102E700052686118189C44EB0208329A009C891829
:102E8000339AE47B48EB02082E9A81EA02092F9AD2
:102E900088EA020A2C9A12EB0A072D9A42EB0906DD
:102EA000329A87EA020B339A4FEA1B65724045EA71
:102EB0000225120E42EA0B2203EBC40B53F83440F6
:102EC000DBF804B0091948EB0B084919189148EBD5
:102ED0000201199118998AEA010A199989EA0109E6
:102EE0004FEA1A4141EA094B4FEA19491BEB070720
:102EF00049EA0A4185EA070541EB0606179182EA8D
:102F000006014A0042EAD5726D0045EAD174009983
:102F100010310091009D3949A9427FF42BAD099BE6
:102F20000C9D83EA0E010A9B83EA0C081A9B594008
:102F30001B9B88EA0303C0E900130F9B13997B4096
:102F40001F46109B73401E461C9B5F401D9B5E40AE
:102F5000159BC0E902760B9E5E40169B5D401E9B52
:102F60005E401F9B5D40189BC0E904655940199D58
:102F7000149B83EA0508209B5940219B88EA0303A0
:102F8000C0E90613059B83EA0409069B83EA020A4B
:102F9000229B89EA0304239B8AEA0302C0E90842D0
:102FA000039B0D9A049C83EA020C0E9B259A5C40BD
:102FB000249B12998CEA03035440179AC0E90A34FF
:102FC000079B83EA0B04089B83EA020A269B5C406A
:102FD000279B8AEA0302119BC0E90C42019A5A40DE
:102FE000029B83EA010A289B5A40299B8AEA030331
:102FF000C0E90E2337B0BDE8F08F00BF6CCD0008EC
:1030000070B505460E46144622B98022214650303E
:10301000FFF75EF924F00700E40004F038042844C8
:10302000A4F12003C4F1200206FA04F406FA03F323
:1030300026FA02F21343D0E9146234431343C0E981
:10304000144370BD28220021FFF742B90123242236
:10305000002140F8043BFFF73BB90000002351F882
:10306000232040F8232001330A2BF8D170470000B9
:10307000002351F82320524240F8232001330A2B29
:10308000F7D17047002330B551F8234052F8235050
:103090002C4440F8234001330A2BF5D130BD000009
:1030A000002330B551F8234052F82350641B40F8F8
:1030B000234001330A2BF5D130BD000030B5524218
:1030C000041F0439243054F8045F51F8043F84424B
:1030D00083EA050303EA020383EA05032360F2D1CE
:1030E00030BD00002DE9F04F8BB0044608460025A6
:1030F000FFF74CFB0190081DFFF740FB8301C81D43
:103100000093FFF73BFB4FEA401A01F10A00FFF77B
:1031100035FB4FEAC00B01F10D00FFF72FFB8600D6
:1031200001F11000FFF732FB814601F11400FFF7B7
:1031300025FB4FEAC01801F11700FFF71FFB4701FD
:1031400001F11A00FFF71AFB030101F11D000493BE
:10315000FFF714FB019A6C4B03EA800312F1007035
:1031600005934FEA906045F1000340EA83109B16F7
:1031700081064FEA901C521A06926CEB4C020792A1
:10318000009A101843F1000216F1007C45F100018D
:103190004FEA9C6C4CEA811C89164FEA8C634FEA1B
:1031A0009C15F31A65EB450619EB0C0941F100017A
:1031B00010F1807C42F100054FEA5C6C4CEAC51CC2
:1031C0006D161AEB0C0AA0EB4C6245F1000519F1E3
:1031D000807008924FEA506041F1000240EAC2104C
:1031E0005216A9EB4061099118EB0001009142F1E0
:1031F00000021AF1007145F10005890E41EA8511BE
:10320000AD161BEB01004FF0130B019045F10005CB
:10321000009810F1007042F10002800E40EA821026
:1032200092163F18029742F10002019F17F1807E2B
:1032300045F100054FEA5E6E4EEAC51E029D13EB96
:103240000E0346F1000615F18077049D42F100025D
:103250007F0E039347EAC2175216ED1942F100029E
:1032600013F1007C049546F100064FEA9C6C069B26
:103270004CEA861C15F10076059D42F10002B60E5F
:1032800046EA8216921615EB060942F1000219F180
:10329000807542F100026D0E45EAC215A5FB0B2BAD
:1032A000A9EB4565D218079B4BEB030B12F1007895
:1032B000089B4BF1000B4FEA986848EA8B18A2EB89
:1032C0008862226013EB08026260AAEB8162A2604E
:1032D000019B6562A3EB4E61039BA3EB8C63E160F2
:1032E0002361099B13EB0C036361009BA3EB8063D9
:1032F000A361029BA3EB4760049BA3EB8666E0619E
:1033000026620BB0BDE8F08FFCFFFF012DE9F04F06
:103310000D688BB00C694FF0130B82FB055C82FBD0
:10332000044615F100774CF1000ABF0E47EA8A17F0
:103330004FEAAA680AF07C4ABB064AEA971AEB1AD7
:103340004D6806936CEB0A0314F1007CC2FB057810
:10335000079346F1000E4FEA9C6C4D694CEA8E1CB7
:103360004FEAAE6A0EF07C4E4FEA8C634EEA9C1E2A
:10337000C2FB05CAE41A66EB0E0E17F1807548F120
:1033800000086D0E45EAC8154FEA6863A7EB45666D
:103390008F6808961CF18076C2FB07534AF1000A39
:1033A000760E15F1007946EACA1643F100034FEA9A
:1033B0009969ACEB466749EA831909974FEA6A6A4B
:1033C0008F699B16A5EB8965C2FB076ACF680196DA
:1033D0004E46C2FB07630296019ECF6916F1007C40
:1033E0004AF1000A4FEA9C6C4CEA8A1C4FEAAA6A2E
:1033F0006646C2FB076A0396029E16F1807843F187
:1034000000034FEA586848EAC31814EB08044EEB6F
:103410006366039B13F180770B6A496A4AF1000ADD
:103420007F0E856047EACA174FEA6A6ABE46C2FB4A
:1034300003EACDF810E014F1007E46F100034FEAF4
:103440009E6E4EEA831E049B13F10076A4EB8E64FD
:103450004AF10003B60E46EA83169B16B246C2FB3B
:1034600001A31AF18071CDF814A043F10003490EB5
:1034700041EAC3115B16A1FB0B2A0BFB03AA069BB7
:10348000D218079B4AEB030A12F100734AF1000AB3
:103490009B0E43EA8A13A2EB83620260089AD31858
:1034A0004360029BA3EB4863C3600461099B13EB79
:1034B0000E034361019BA3EB8C638361039BA3EB2E
:1034C0004767049BA3EB8666059BC761A3EB41613D
:1034D000066241620BB0BDE8F08F00002DE9F04FAD
:1034E000A5B04FF0130E8146D1E90053D2E9008414
:1034F00008938B680EFB04F00193CB680993D1E924
:1035000004C30A93D1E906730B93D1E908630C93C2
:1035100093680293D36804931369069353690D93D8
:1035200093690F93D3691693136A1893536A199387
:10353000089B5B001093099B5B0011930A9B5B0047
:1035400012930B9B5B0013930C9B5B001493029BE9
:103550000EFB03F31A93049B0EFB03FB069B0EFB6F
:1035600003F317930D9B0EFB03F315930F9B0EFBB9
:1035700003F30E93169B0EFB03F30793189B0EFBAE
:1035800003F30593199B0EFB03F30393039A109B1C
:1035900083FB021A019B1A46059BC5FB081AC2FB56
:1035A000031A119B1A46079BC2FB031A0E9BCCFB06
:1035B000031A129B1A46159BC2FB031A179B039A08
:1035C000C7FB031A139BC3FB0B1A1A9BC6FB031AF8
:1035D000149BC3FB001A089B1B9188FB03300199C5
:1035E000C5FB0430C2FB013005990A460999C2FBAC
:1035F00001300799C1FB0C300E990A460A99C2FBAB
:1036000001301599C1FB073017990A460B99C2FB87
:1036100001301A99CBFB063002460C98C1FB0032F0
:103620001A93109B029983FB04301C92C5FB013056
:103630000199039AC8FB01301199C2FB0130059929
:10364000C1FB0C3007990A461299C2FB01300E9952
:10365000C1FB073015990A461399C2FB013017992F
:10366000C1FB06301499CBFB01300299CDE91D3026
:10367000089B83FB01B0049B0A99C5FB03B0019B27
:10368000C3FB04B0099BC8FB03B0039BC3FB0CB096
:10369000059BC3FB01B0079B0B99C3FB07B00E9BB7
:1036A000C3FB01B017990C9BC2FB06B0C1FB03B072
:1036B000109B0499209083FB01310698CDF87CB0D3
:1036C000C5FB0031019802460298C2FB00311198F7
:1036D000039AC0FB04311298C8FB0C31C2FB0031C5
:1036E0000598C0FB0731079802461398C2FB0031CA
:1036F0000E98C0FB0631159802461498C2FB0031A3
:1037000006981593089B0D9A83FB00031791C5FB40
:103710000203019A9346049ACBFB0203099A93464B
:10372000029ACBFB02030A9ACCFB0403C8FB0203F8
:10373000039AC2FB0703059A93460B9ACBFB02033D
:10374000079AC2FB06030E9A93460C9ACBFB020320
:103750000D9A2193109B0E9083FB02030F9AC5FBD9
:103760000203019A9346069ACBFB0203119A9346F1
:10377000049ACBFB0203029ACCFB0203129AC2FB0F
:103780000403139A0399C8FB0703C1FB0203059ABC
:10379000C2FB0603079A9346149ACBFB02030F9AC7
:1037A0002293089B079083FB0203169AC5FB020332
:1037B000019A93460D9ACBFB0203099A9346069A07
:1037C000CBFB0203049ACCFB02030A9A9346029AAB
:1037D000CBFB02030B9AC7FB0403C8FB0203059A49
:1037E000C1FB060393460C9ACBFB0203169A239364
:1037F000109B059083FB0203189AC5FB0203019AF4
:1038000093460F9ACBFB0203119A93460D9ACBFB7A
:103810000203069ACCFB0203129A9346049ACBFB4E
:103820000203029AC7FB0203139AC2FB0403149A11
:10383000C8FB0603C1FB0203189A1193089B109062
:1038400083FB023219981799C5FB0032019815467F
:10385000169AC0FB0235099A0F98C2FB00350D9AE3
:103860000698CCFB02350A9AC2FB0035049A0298EE
:10387000C7FB02350B9A159FC2FB00350C98C6FB9F
:1038800004352A461B9CC8FB003206931B9B0892FA
:1038900013F100764AF10000B60E46EA801600F0F9
:1038A0007C43B20643EA9613A21A6AEB0303099219
:1038B0000A931A9B9E191C9B43EBA060159B13F166
:1038C0000075179B4FEA956543F1000345EA8315A0
:1038D00003F07C44AA0644EA9514BA1A61EB040189
:1038E0000E9C6519219C44EBA36316F1807440F192
:1038F0000000640E44EAC014A6EB44660B961D9EBD
:10390000341901941E9C44EB606015F1807443F1FE
:103910000003640E44EAC314A5EB44650C95079DAF
:103920002C190294229C44EB6363019C14F10074F3
:1039300040F100004FEA94681F9C48EA801814EB9D
:10394000080B209C44EBA060029C14F10076059CBF
:1039500043F10003B60E46EA831614EB060A239CD5
:1039600044EBA3631BF1807C40F100004FEA5C6CE8
:103970004CEAC01C12EB0C0241EB60611AF180753D
:10398000109843F100036D0E039245EAC3154019E8
:10399000AAEB45650490119840EB636312F1007740
:1039A00041F10001BF0E47EA8117049911F100743B
:1039B000069943F10003A40E44EA83140919059102
:1039C000089941EBA363059911F1807043F100035D
:1039D000400E40EAC3105B16A0FB0E120EFB032341
:1039E000099A89180A9A43EB020311F1007E43F108
:1039F00000034FEA9E6E4EEA831E0B9B13EB0E03F1
:103A0000A1EB8E61C9F80430019BC9F80010A3EB4B
:103A10008863C9F80830ABEB4C63C9F80C30039BE2
:103A2000A3EB8762C9F810200C9BC9F81C50DF1962
:103A3000029BA3EB8666049BC9F81470A3EB846415
:103A4000059BC9F81860A3EB4060C9F82040C9F88D
:103A5000240025B0BDE8F08F2DE9F04F95B08246E7
:103A60004FF02608D1E90262D1E9003008924FEA0E
:103A7000400B4FEA430ED1E904720392D1E906529A
:103A800004920A6A05924A6A132109927200069208
:103A9000089A52000192039A52000292049A52002C
:103AA0000A9201FB05F20B92049A08FB02F20792BC
:103AB000059A01FB02F9099A039908FB02F208FB37
:103AC00001F88BFB021CC3FB031C7300C3FB091C26
:103AD000019B1C46079BC4FB031C0B9C7B00C3FB88
:103AE000041C039BC3FB081C82FB06380C91019944
:103AF000CEFB0038C9FB01380799C1FB0738029992
:103B00000C460B99C1FB04380D938BFB00310198D7
:103B1000CEFB0631C2FB00317800C9FB00310798AB
:103B200004460298C4FB00310B98C0FB053108988D
:103B30000E910B938BFB0631CEFB00310298C2FB3A
:103B40000731C9FB0031C4FB0531CDE90F31019BC1
:103B5000680002998BFB0334CEFB0734C6FB0634A6
:103B6000C2FB01340799C9FB00340498C1FB00343F
:103B70008BFB07160793039B0898C3FB0E16069B47
:103B8000C3FB00160A98C2FB05160B463146C9FB5B
:103B90000031CDE91131029B8BFB0310069BCEFB5C
:103BA0000510C3FB0710019B1E46089BC6FB0310B4
:103BB0000A9BC2FB0310059B0E46C9FB03608BFBEF
:103BC00005130896049ECEFB0613069EB146039E7F
:103BD000C9FB0613019EC6FB0713059E894606997D
:103BE000C2FB069313930A9BCDF80C908BFB0393B7
:103BF000CEFB0693C1FB0593DDE90116C1FB0693DD
:103C00000999C7FB0793C2FB01930A93059B0E46D4
:103C10008BFB0312069BCEFB0612049EC3FB06120F
:103C2000019BC3FB0512029D0E461346C7FB0563AD
:103C300006930C9B0C9D13F1007E05964CF1000140
:103C40004FEA9E6E4EEA811E01F07C434FEA8E627F
:103C500043EA9E13AD1A6CEB03030995079D0C9381
:103C60000D9B13EB0E0E079B48EBA16813F1007C34
:103C700044F100034FEA9C6C4CEA831C03F07C4146
:103C80004FEA8C6241EA9C11AA1A64EB0104119973
:103C900011EB0C0C129941EBA3631EF1807648F1F5
:103CA0000001760E46EAC116AEEB466507950B9D00
:103CB000AD1901950E9D45EB61611CF1807E43F1CC
:103CC00000064FEA5E6343EAC613ACEB43650B950F
:103CD000089DEB18029340EB6663019810F10076A3
:103CE0000F9841F100014FEA966848EA811810EBFD
:103CF000080B109840EBA161029810F1007643F197
:103D00000000B60E039B46EA80169B190393139B93
:103D100043EBA0631BF1807C41F100004FEA5C6C37
:103D20004CEAC01C12EB0C0244EB60610398049255
:103D300010F180750A9843F100036D0E45EAC31532
:103D400019EB050940EB636312F100774FF01302A2
:103D500041F1000119F100744FEA976743F1000344
:103D6000A40E47EA8117059944EA83140919A9EBBF
:103D700084640591069941EBA363059911F1807064
:103D800043F10003400E40EAC3105B16A0FB021E85
:103D900002FB03E3099A89180C9A43EB020311F121
:103DA000007E43F100034FEA9E6E4EEA831E079B9E
:103DB00013EB0E03A1EB8E61CAF80430019BCAF825
:103DC0000010A3EB8863CAF80830ABEB4C63CAF869
:103DD0000C30049BA3EB87620B9BDF19CAF8102001
:103DE000CAF81470029BCAF82040A3EB8666039BB6
:103DF000A3EB4565059BCAF81860A3EB4060CAF8C1
:103E00001C50CAF8240015B0BDE8F08F0029A1BFEE
:103E1000CB1001F00701C05C40FA01F1ACBF01F02A
:103E2000010000207047000070B500F11C02041F63
:103E3000084E0120002556F8041B54F8043FC943DE
:103E40005B1845EB05011B1841F10000A242F2D1BD
:103E500070BD00BF14C80008F8B500240646084627
:103E60000D46FFF7E1FFDFF834C00246C117C0F18D
:103E7000000E20465CF8043B55F824702EEA03033C
:103E8000DB1940EB00079B1846F8243004F10104CD
:103E900041EB07020021082CECD1F8BD14C8000842
:103EA00010B50446FFF7CEF804F12800FFF7CEF86E
:103EB00004F15000FFF7CAF804F17800BDE81040A3
:103EC000FFF7C0B838B50A4605460C462831FFF75B
:103ED000D9F82830FFF7E4F804F1500105F150005B
:103EE000FFF7BCF804F1780105F17800024ABDE85B
:103EF0003840FFF7F3BA00BF5CC800082DE9F04373
:103F000095B0044616460D460A466846283104F127
:103F10002808FFF7B7F80AA8FFF7C2F83246694643
:103F20006846FFF7DBFA0AA906F1280204F15007F8
:103F3000084604F17809FFF7D1FA0AAA6946404613
:103F4000FFF7A0F82046FFF7ABF805F1500238461E
:103F50001146FFF797F806F150023946FFF7BEFA0F
:103F600006F1780205F178014846FFF7B7FA4A46AC
:103F700039466846FFF786F80AA8FFF791F84246E7
:103F800021464846FFF7AAFA0AAA21462046FFF72B
:103F9000A5FA6A4641464046FFF7A0FA0AAA6946D2
:103FA0003846FFF79BFA15B0BDE8F0832DE9F84FCE
:103FB0000A9E1C460546904618460F460A4628317A
:103FC000FFF760F8304605F1280AFFF769F8424626
:103FD0002146204605F15009FFF780FA08F1280232
:103FE00031463046FFF77AFA324621465046FFF70F
:103FF00049F82846FFF754F807F1500205F1780B0D
:1040000048461146FFF73EF808F1500207F17801E3
:104010005846FFF763FA5A4649462046FFF732F8FA
:104020003046FFF73DF8524629465846FFF756FA04
:10403000324629462846FFF751FA22465146504655
:10404000FFF74CFA324621464846BDE8F84FFFF7E5
:1040500045BA00002DE9F047144689460746104648
:1040600004F1280809F1280A04F15005FFF7F4FCCF
:1040700051464046FFF7F0FC09F15001284604F193
:104080007806FFF7E9FC294628460222FFF73EF9A9
:10409000494607F1780952463046FEF7F3FF3146AC
:1040A0004846FFF7D9FC224641463046FEF7EAFF74
:1040B0004046FEF7F5FF324649462046FEF7F0FF40
:1040C000424629462846FEF7EBFF2A462146384657
:1040D000FFF704FA4246314607F12800FFF7FEF9E0
:1040E0002A46414607F15000FFF7F8F932462146CB
:1040F0004846BDE8F047FFF7F1B9000038B5FC22AB
:1041000004460D4611462846FFF780FE08B9013ADD
:10411000F8D14FF6FF7301322380E270A37038BDEF
:104120002DE9F84F9846C37805460E4693420CD1C8
:1041300011464046571EFFF769FE04464046394681
:10414000FFF764FE844209D1EF70B5F90030934265
:104150000CBF95F902000020BDE8F88F511C4FF00C
:1041600000098E42A8BF0E4606F1FF3A971B04FADB
:104170000AF4BB466442CA450BF1010B09DD5946FE
:104180004046FFF743FE00FA09F009F10109044433
:10419000F1E739464046FFF739FE044463422340C5
:1041A00013F0AA0F14BF0120002013F0CC0118BF98
:1041B000022113F0F00340EA010018BF0423511C50
:1041C00003438E1B1E4444FA03F32E80AB70BBE7FF
:1041D000D0E9103210B5D0F8D04000211B1952F1AF
:1041E000000228BF0121C0E9103231B1D0E91232FA
:1041F000013342F10002C0E9123210BD70B50D4624
:10420000A0F1080600F1780428460835FEF7C0FA48
:10421000E6E90201A642F7D170BD0000F8B50446F8
:104220000D468E180027B54218D0D4F8D030802B18
:1042300007D12046FFF7CCFF0021FEF705FBC4F8AD
:10424000D070D4F8D020204615F8011BFEF7D8FE18
:10425000D4F8D0300133C4F8D030E4E7F8BD000022
:1042600008B5FEF7E1FA0843B0FA80F040090138DA
:1042700008BD000000231A468B4202D0C25401330D
:10428000FAE7704770B59EB005460C4604266846AE
:10429000FFF7E2FB69460AA8FFF7DEFB0AA908461A
:1042A000FFF7DAFB0AAA21461046FFF717F90AAA18
:1042B00069466846FFF712F969466846FFF7CCFB86
:1042C0006A460AA96846FFF709F969460AA8FFF78E
:1042D000C3FB0AA90846FFF7BFFB013EF9D16A46B6
:1042E0000AA968460926FFF7F9F869460AA8FFF700
:1042F000B3FB0AA90846FFF7AFFB013EF9D10AA9B3
:104300006A4613260846FFF7E9F80AA914A8FFF73A
:10431000A3FB14A90846FFF79FFB013EF9D10AAAA7
:1043200014A909261046FFF7D9F80AA90846FFF78D
:1043300093FB0AA90846FFF78FFB013EF9D16A46B5
:104340000AA968463126FFF7C9F869460AA8FFF7A7
:1043500083FB0AA90846FFF77FFB013EF9D10AA9B2
:104360006A4663260846FFF7B9F80AA914A8FFF7BA
:1043700073FB14A90846FFF76FFB013EF9D10AAAA7
:1043800014A931261046FFF7A9F80AA90846FFF735
:1043900063FB0AA90846FFF75FFB013EF9D16A46B5
:1043A0000AA96846FFF79AF869466846FFF754FB82
:1043B00069466846FFF750FB224669462846FFF7E4
:1043C0008DF828216846FFF755FF0DEB0100FFF738
:1043D00051FF14A8FFF74EFF1EB070BD10B58CB092
:1043E000044602A80191FFF74DFF02A90846FFF716
:1043F00033FB02A90846FFF72FFB02A9019A0846E2
:10440000FFF76CF802A90846FFF726FB019A02A9FC
:104410002046FFF763F8282102A8FFF72BFF0CB016
:1044200010BD000070B58AB002460B4601F12806A7
:104430006D461868083353F8041C2C46B34203C475
:104440002546F6D11321099B684600244B43694653
:1044500003F180735B160568013408302B4450F873
:10446000045C052C05EBA3634FEA6363F3D11320CF
:10447000002443430868013408310344052C23F029
:104480007C4041F8080C51F8040C00EBA3604FEAA3
:10449000606320F07E4041F8040CEBD11046DDE96A
:1044A000003143EA8161FEF77FF90299019B101DFB
:1044B000C90441EA9311FEF777F90399029B02F1CF
:1044C0000800490341EA5331FEF76EF90499039B52
:1044D00002F10C00890141EAD341FEF765F902F1CE
:1044E0001000DDE9053143EA4161FEF75DF9079906
:1044F000069B02F11400C90441EAD311FEF754F9F6
:104500000899079B02F11800090341EA5331FEF7AD
:104510004BF90999089B02F11C00890141EA1351EA
:10452000FEF742F928216846FFF7A4FE0AB070BDE5
:104530002DE9F04F2DED028B9DB00C466422002139
:1045400008EE100A03A8FDF7C3FE0DF10C080022C7
:10455000DFF8E0E0414604F13C099246CDF80080E6
:104560005EF8043B251F8C4600269846284650F8E6
:10457000047FD346DCF800300197019FE8FB073B3E
:104580009B194BF1000681454CF8043BEFD10132F9
:104590000E640431092AE3D10021202203A8FDF78B
:1045A00097FE002103AB8E461A6C0020DFF888A02E
:1045B0009C4690460646C1F108095AF8047BF3462A
:1045C000DCF8002001300197019FE8FB072B9219CE
:1045D0004BF1000648454CF8042BEED3013104336F
:1045E0000829E1D11C3401210020009B1A6855F8EC
:1045F000043FD2439B1840EB00025B18009941F83E
:10460000043B009142F10001A542EED103A9084606
:10461000FFF722FC082203A918EE100AFEF7DAF8C9
:10462000642103A8FFF726FE1DB0BDEC028BBDE898
:10463000F08F00BF6CCD000814C8000810B588B01A
:1046400001466846FFF7EEFE9DF8004068462021CF
:1046500004F00104FFF70EFE204608B010BD000074
:1046600030B59FB00D46044650316846FFF7B6FEA0
:104670006A4629460AA8FEF731FF6A4605F1280175
:1046800014A8FEF72BFF14A92046FFF7CBFE0AA8BB
:10469000FFF7D4FFE37F282183EAC010E077684664
:1046A000FFF7E8FD0DEB0100FFF7E4FD14A8FFF7AD
:1046B000E1FD1FB030BD000010B590B004461022DF
:1046C00001466846FEF778F869462046FFF730FF56
:1046D00040216846FFF7CEFD10B010BD10B590B078
:1046E0000C4601466846FFF79DFE214608A8FFF7E5
:1046F00099FE08A96846FFF7B3FD202104466846E5
:10470000FFF7B8FD0DEB0100FFF7B4FD601C10B022
:1047100010BD0000F0B595B004466846FEF79EFC5B
:1047200069462046FFF7AEFD21460AA8FFF794F937
:104730000AA96A460846FEF7D1FE6846FEF786FCDF
:1047400069460AA8FFF7CAFF694606466846FEF7AB
:104750008FFC0AA8FFF7C2FF104A054668461146BB
:10476000FEF786FC69460AA8FFF7B8FF0746214610
:1047700068460A4AFEF7B2FE45EA07026946204645
:10478000FEF79CFC28210DEB0100FFF773FD684646
:10479000FFF770FD46EA050015B0F0BDC4C800087B
:1047A000DFF880C02DE9F0419046A0B004460E46E7
:1047B0001D4600F108070CF138026346083703CBA9
:1047C000934247F8080C47F8041C9C46F5D186EA4A
:1047D0000522124B0021534000222360104B6360DE
:1047E0000023C4E93416C4E91023C4E912238DB1AF
:1047F0007C2201A80091FDF76BFD2A4641466846E0
:10480000FDF740FD694604F15000FFF7F7FC8023F7
:10481000C4F8D03020B0BDE8F08100BF08C9BDF2B7
:1048200067E6096A8CC80008002340211A46FFF792
:10483000B7BF00008830FFF7F7BF00002DE9F04751
:1048400004460D4617469AB3D0F8D0604FF0000AE0
:1048500004F150094FF08008764206F07F06964238
:1048600028BF164632463544BE1BFFF7D7FC26F05C
:104870007F072F44AF4213D0D4F8D030802B07D11C
:104880002046FFF7A5FC0021FDF7DEFFC4F8D0A00D
:1048900029464846FFF7B2FC8035C4F8D080E9E7E6
:1048A00006F07F0239462046BDE8F047FFF7B6BC68
:1048B000BDE8F0878830FFF7C1BF00002DE9F8435D
:1048C00004460D46D0F8D0607F2E06D8324600212F
:1048D00020460136FEF794FBF6E72046A4F10807D0
:1048E000FFF776FC0121FDF7AFFFD4F8D4202E4668
:1048F00022F00708A84446450CD057F8081F304658
:10490000D7F80490FDF750FF301D08364946FDF7F3
:104910004BFFF0E722F00703D4F8D4209A4217D9CE
:1049200003F0070223F00700DE08D100204454F80A
:1049300036204768C1F12006A1F12000CA4007FADD
:1049400006F627FA00F032430243EA540133E3E764
:104950002046D821BDE8F843FFF78CBC8830FFF72C
:10496000ADBF000010B5B6B004466846FFF718FFAB
:104970006846DDE93812FFF761FF21466846FFF718
:104980009DFF36B010BD0000002307B5CDE9001231
:104990001A464021FFF7E6FF03B05DF804FB000074
:1049A00003689B68184700002DE9F0410E46044655
:1049B00015460139024606F13F0042F8043B11F862
:1049C000017F814202F8017BF9D16A1E04F1640182
:1049D00005F11F0012F8017F824201F8017BF9D135
:1049E00020465B6898472368314620469B68202212
:1049F00098472368294620469B682022BDE8F0415D
:104A000018470000014BFFF7CFBF00BF90CD000853
:104A1000FFF7C6BF2DE9F04F8046ADF56F7D054627
:104A200058F8043B16A905F1240A05F16409DB686E
:104A300026AC984716A8FFF73FFE0822514604A867
:104A4000FDF7BAFE494630A8FEF74CFB3AA8FEF740
:104A5000FDFA30A944A8FEF7FFFF864A44A9204684
:104A6000FEF73CFD44A93AAA0846FEF719FB20468A
:104A70002146FEF707FB44A92246FEF72FFD2146FB
:104A80002046FFF747FE28B94FF0FF300DF56F7D48
:104A9000BDE8F08F224644A92046FEF71FFD2046C0
:104AA000FFF7CCFD95F88330B0EBD31F03D0214640
:104AB0002046FEF7DDFA44A830AA2146FEF70EFD97
:104AC00004A8FFF7B1F90028DED121462046FEF701
:104AD000CFFA44A94EAF0846FEF7CAFA76AA214695
:104AE0003846FFF7B7FA21469EA8FFF7EBF99EAAD2
:104AF000394676A8FFF702FA76A9C6A8FFF7E2F9C9
:104B000016A902A8FFF7FAFA03A85146FFF7F6FA2A
:104B10009DF80B609DF80F3020469E4238BF1E4620
:104B2000FFF7BEF93A4621462046FFF793FA16AB47
:104B30003246032102A8FFF7F3FA05465346052142
:104B400003A8FFF7EDFA002D834623DD6D10A022A8
:104B50009EAB02FB053221462046FFF7CFF9BBF1A1
:104B6000000F3ADD76AB44494FEA6B0B7822009395
:104B7000204602FB0B120CAB2146FFF717FA013E51
:104B8000D0D226A94846FFF76BFD49464046FFF7BD
:104B900067FB7BE7E3D005EBD5756FF09F019EAB1C
:104BA00080A86D104D435919FEF758FA9EAB05F1D8
:104BB000280176A81944FEF751FA9EAB05F1500181
:104BC0008AA81944FEF74AFA9EAB05F1780194A829
:104BD0001944FEF74DFA76AABDE7D0D00BEBDB7394
:104BE000254A6FF0770530A95B100CA803FB05255B
:104BF0002246FEF747FA76A8FEF752FA0CA905F10D
:104C000028020846FEF76AFC76A92A460846FEF7FF
:104C100065FC76AA0CA930A8FEF734FA2046FEF708
:104C20003FFA3AAA11461046FEF72CFA44A905F1BC
:104C300050020846FEF752FC44AA3AA90CA8FEF717
:104C40002FFA76A8FEF71EFA30AA214644A8FEF7EE
:104C500045FC76AA21462046FEF740FC30A90CAA66
:104C60000846FEF73BFC76AA0CA93AA8FEF736FCEC
:104C700085E700BF34C80008ECC80008012188425D
:104C800038BF084605F0D0BB08B105F0D1BB70476E
:104C900010B5084C01220849002001F0B5FE237828
:104CA0003BB1064803F072FF044803F0A5FF002360
:104CB000237010BD18340020A4CD0008F836002061
:104CC0001D482DE9F041036D2BB901224FF48051AD
:104CD000503005F035FD194E33780BB1FFF7D8FF92
:104CE0000324174F4FF00008134D15492846C7F805
:104CF000048003F073FF284603F0ACFD48B1013C8B
:104D0000284603F079FF14F0FF04EED120463470FA
:104D10000FE00C4901220C4801F076FE014618B163
:104D2000284603F033FFEAE7084800F013F80120B3
:104D30003070BDE8F08100BFF83600201834002044
:104D40003C220020A4CD00081C340020A8CD00087F
:104D500002F0B4BC0FB4002004B070470068704784
:104D600003460068596870470B0A017043700B0CCA
:104D7000090E8370C1707047110A0270037141708F
:104D8000110C120E8170C2701A0A42711A0C1B0E9D
:104D90008271C37170470000C36A0239023B8B42C3
:104DA00083BF4389006C01FB0300002070470000B3
:104DB000C2F307238A76CB760378032B01BF120C4C
:104DC0000A75120A4A75704700F10B010022D301DF
:104DD00043EA520310F8012B52FA83F38842DAB205
:104DE000F5D110467047000010B541780446002008
:104DF000013102464901022A16BFA35C032203EBDC
:104E0000C03302F101021EBF9BB203EB500398B204
:104E10009142F0D810BD000002684AB1134613F861
:104E2000011B1F290DD93A29F9D1911C8B4202D0BF
:104E30004FF0FF3070471278302AF9D1036000201C
:104E40007047014B187870476836002038B50D461A
:104E5000044618B9092000232B6038BD0368002BD5
:104E6000F8D01A78002AF5D08188DA889142F1D1F9
:104E7000587804F049FE10F00100EBD12368EBE70D
:104E800038B50D4640F25231144602F0B9F9FF2808
:104E900007D9012C0BD9030A022468702B70204615
:104EA00038BD30B1002CFAD001242870F7E7002477
:104EB000F5E70446F3E700002DE9F8430026D0F8B3
:104EC000008005460C468E76836B002B4AD098F8FE
:104ED0000030042B4BD133463546402720E0B7F550
:104EE000187F80F0C480F90606F1010608BF02377A
:104EF000D05B02372BB900F5205292B2B2F5006FA9
:104F00000DD305F11A01C5F1FF0240EA0340214427
:104F1000FFF7B6FF002800F0AA80054400200346F2
:104F2000D8F8102092F82310B142D8D8002B40F0C6
:104F30009E80002D00F09B8000232544AB76637398
:104F4000D8F81020137903F03701DB0621730BD456
:104F500002F13800FFF704FFC4E90001938963817F
:104F6000D3892381BDE8F88300200146F4E7C36CB0
:104F700001335ED1EA6B00232E26551E184615F824
:104F8000011F013020290CD0052908BFE52109287F
:104F900004D10B2B9EBFE71801337E73E718013352
:104FA00079730B28EBD1E11800204873A17E00290A
:104FB0004BD1002B40D06FF00C0604F10D000825FA
:104FC000361B331810F8011B002938D02E298BB25C
:104FD0004AD0A3F14101192903D8117B0D4200D019
:104FE00020330373EDE7B9F1000F05D100F520532D
:104FF0009BB2B3F5006F0BD307F11A01C7F1FF02A3
:1050000040EA09402144FFF73BFF48B10744002034
:1050100002368146D8F80C30985B0028E3D1384638
:10502000B9F1000F4FF0000218BF002023189A7644
:10503000A0E7B1463746EDE73F23A376012323449B
:1050400000219976137B03B96373D37A02F11C00B4
:1050500003F03F0323730023FFF780FE20606360AB
:10506000D38A6381138B7CE710250B46B9E73F2376
:105070000125A37660E7000038B50546002435F821
:10508000020B08B9204638BD02F0EEF86308C2B240
:1050900003EBC43312FA83F39AB2C0F3072303EB92
:1050A000520303EBC2339CB2E9E7000037B5C37883
:1050B00004461BB90025284603B030BD00F14C0161
:1050C000826C01234078019104F044FD054680B9CB
:1050D000A36BE070A06C226BC31A9342EAD2A37850
:1050E0000199022BE6D102440123607804F032FDDD
:1050F000E1E70125DFE7000038B5836C05460C4683
:105100008B4210D0FFF7D2FF60B92246012305F190
:105110004C01687804F0FAFC00281CBF4FF0FF3403
:105120000120AC6438BD0020FCE7000038B5002346
:105130000446C3704FF0FF338364FFF7DDFF0028A0
:105140004BD1B4F84A524AF655239D4207D10B225F
:10515000254904F14C0007F0F1F800283FD094F8FD
:105160004C30EB2B03D01833DBB2012B2ED84AF690
:1051700055239D4206D108221C4904F19E0007F0E8
:10518000DDF848B3B4F85730B3F5007F1ED194F87A
:105190005930DBB15A1E1A4218D1B4F85A30ABB1AB
:1051A00094F85C30013B012B10D8B4F85D306BB142
:1051B000B4F85F307F2B06D804F16C00FFF7CEFD0A
:1051C000B0F5803F02D3B4F8623053B94AF65520A7
:1051D00085420CBF0220032038BD0420FCE70120DB
:1051E000FAE70020F8E700BFD4CD0008E0CD0008C2
:1051F00002392DE9F04701F007044FF0010A466C2F
:1052000005460AFA04F41746984606EB1136C1F330
:10521000C809E4B2314628460136FFF76DFF18B1E0
:105220000120BDE8F087994605EB090292F84C3061
:10523000234214BF01210021414513D06340013FA7
:1052400082F84C3085F803A0EBD0640014F0FF0422
:10525000EAD109F1010301244FF00009B3F5007F01
:10526000E1D1D7E70220DCE701290246F8B50C4678
:1052700040F28C800668F36A8B4240F28780337874
:10528000013B032B00F28280DFE803F00229384B58
:1052900004EB5405B16B304601EB5521FFF72CFFB1
:1052A00010B14FF0FF30F8BD6F1CC5F30805B16BAE
:1052B0003046354401EB572195F84C50FFF71CFF61
:1052C0000028EED1C7F30807E3073E4496F84C00E8
:1052D00045EA00204CBF0009C0F30B00E3E7B16BC7
:1052E000304601EB1421FFF707FF0028D9D16400F5
:1052F00004F4FF742644B6F84C00D4E7B16B304692
:1053000001EBD411FFF7F8FE0028CAD1A40006F182
:105310004C0004F4FE742044FFF720FD20F07040A0
:10532000C1E7D0E90430D57953EA000101D0916892
:1053300001B95DBB9168022DA4EB01010DD1013BC8
:10534000728940F1FF305B0A43EAC053B3FBF2F3CA
:1053500099421BD81CD0601CA5E7032D02D193698C
:105360008B42F8D8D3699BB9B16B304601EBD411AD
:10537000FFF7C2FE002894D1A0004C3600F4FE7066
:105380003044FFF7EBFC20F000408CE701208AE777
:105390006FF0004087E70000F8B5066804460D4648
:1053A0003378042B0CBF4FF080524FF400128A4226
:1053B00001D80220F8BDCA06FBD182680163D2B9C8
:1053C000022B13D83389B3EB551FF2D9F36BA363C8
:1053D000A36B6263002BECD003EB55234C36C5F373
:1053E00008050020A3633544E563E3E7F36BC2716E
:1053F000002BE7D01A4677897F02BD42114604D2BE
:105400003046FFF7C9FCA063E2E72046FFF72CFF18
:10541000431C024606D00128CBD9F36A8342C8D97F
:10542000ED1BEAE70120C5E701292DE9F047064613
:105430000C46174608D9C36A8B4205D90378022B5C
:1054400062D003D8012B22D0022552E0033B012B6E
:10545000FAD8816B01EBD411FFF74EFE0546002808
:1054600047D1A40006F14C0304F4FE741C443378C5
:10547000042B07D0204627F07047FFF76FFC00F0A1
:105480007040074339462046FFF76EFC2FE001EBE2
:105490005108816B01EB5821FFF72EFE054640BBFA
:1054A00014F0010406F14C0908F1010AC8F30808D8
:1054B00008BFFBB230461FBF19F8083003F00F02D7
:1054C0003B0103F0F00318BF134309F80830012330
:1054D000B16BF37001EB5A21FFF70EFE054640B9A0
:1054E000CAF3080A44B1C7F3071709F80A70012381
:1054F000F3702846BDE8F08719F80A30C7F3032790
:1055000023F00F031F43F0E7816B01EB1421FFF73A
:10551000F3FD05460028ECD1640006F14C0304F4C9
:10552000FF741F551919C7F307274F70DFE70000F5
:10553000F8B504460E461746E3690BB91846F8BDA0
:10554000012BA6EB0305206814BFAA1C3A46691C70
:10555000FFF76AFF0028F2D1E369013BE361EBE763
:1055600001292DE9F84306460C461746056802D87E
:105570000220BDE8F883EB6A8B42F9D97AB9A146DB
:1055800021463046A046FFF76FFE0446B0B92B789F
:10559000042B02D1002F43D1F7710020E9E72B78CB
:1055A000042B02D1C379022BE9D04FF0FF323946E8
:1055B0002846FFF739FF0028E1D0DAE70128D7D0E5
:1055C000421C01D10120D4E72B78042B19D1EA6ABF
:1055D000AB69023A93421CD308F10102A2420CD0FB
:1055E0002B78042B08D10023A2EB09024946284658
:1055F000FFF7FEFD0028BCD1A146EB6AA342BFD84D
:10560000C5E7002241462846FFF70EFF0028DED0FE
:10561000AFE70133AB612B7943F001032B71DBE77B
:10562000F3798BB9B468BC4202D10223F371B4E7B9
:1056300021463046FFF718FE012899D9431CC1D0F6
:1056400001348442EFD0A8E7032BA6D1B368BB4254
:10565000A3D8B2691344BB429FD3E6E770B5C379C0
:105660000446032B06D181688369CD18A94203D172
:105670000023E371002070BD4E1C20683246FFF706
:10568000D3FE0028F7D13146F0E700002DE9F743BB
:1056900005460191FFF70AFD0446002849D105F1AE
:1056A0004C09019928464FF40072FFF775FB21461B
:1056B000A86407464846FCF70BFE6C896402B4F503
:1056C000004F28BF4FF40044B4F5007F2FD9204687
:1056D00004F0B2FE804630B122460021640A002662
:1056E000FCF7F6FD09E06408EEE72346BA194146E7
:1056F000687804F02FFA18B926446B899E42F4D3D7
:10570000404604F0A9FE6889801B18BF012003B041
:10571000BDE8F08301366B899E42F4D20123BA19A9
:105720004946687804F016FA0028F3D0EBE7002623
:10573000F1E70120EBE70000F8B50446FFF7B6FCFF
:105740000546002842D12378032B37D12779012F32
:1057500034D104F14C0601464FF400723046FCF798
:10576000B7FD55234122722184F84A32AA2304F559
:105770000D7084F84F2084F84B32522384F8301295
:1057800084F84C3084F84D30612384F8311284F869
:105790004E3084F83332A16984F83222FFF7E4FAFC
:1057A000616904F50E70FFF7DFFA626B3B46314624
:1057B00001326078A26404F0CDF92571002260788E
:1057C000114604F0EBF9003818BF0120F8BD0000C5
:1057D00000232DE9F0430B6085B00F461546FFF717
:1057E0001BFB061EC0F2B281804B53F82640002CF2
:1057F00000F0AE813C6005F0FE0523786BB1607867
:1058000004F082F9C70708D41DB110F0040500D0D8
:105810000A25284605B0BDE8F0830023F0B22370C6
:10582000607004F05DF9C10700F194810DB1420789
:10583000EED400212046FFF779FC022840F0998041
:105840006E4604F2122304F25221324618461033F7
:10585000FFF784FA42F8040B8B42F7D1002556F883
:10586000041B00297DD02046FFF760FC012879D871
:105870000128A26C40F0C08004F1570304F18C01B0
:1058800013F8015B002D7BD18B42F9D1B4F8B43011
:10589000B3F5807F74D194F8B830092B70D104F13E
:1058A0009400FFF75DFA4FF0FF33171841F1000144
:1058B000BB4275EB010363D304F1A000FFF74EFA7E
:1058C00094F8BA302063012BA37059D194F8B990A1
:1058D00003FA09F91FFA89F36381002B50D0444B76
:1058E00004F1A800FFF73AFA0646984248D8831C0C
:1058F000626304F1A400E362FFF730FA00EB0208F0
:1059000004F19C00C4F84080FFF728FA10441FFA05
:1059100089F2A06306FB02F313EB080345EB0502D3
:105920009F4271EB02032BD32E4604F1AC00FFF72C
:1059300015FAE06365B96389B34221D9E16B20466A
:10594000FFF72AFA81192046FFF7D6FB98B90136EE
:10595000631993F84C30812B14D02035C5F308051A
:10596000E8E703200135042D7FF479AF042807D13F
:1059700001E0042801D101254BE701287FF678AF2B
:105980000D2546E705F1140004F14C063044FFF7FD
:10599000E5F901280546F3D9E36A8342F0D9618924
:1059A000821E236C02FB01336364A16B204601EB72
:1059B000D511FFF7A1FB0028DDD105F07F0006EB34
:1059C0008000FFF7CBF9431C03D00135A842ECD08F
:1059D000D6E70425C4E90500064A2570002513888A
:1059E000E56101339BB21380E38012E76C3600203F
:1059F000FDFFFF7F70360020B4F85730B3F5007F0D
:105A0000BED1B4F8626026B904F17000FFF7A6F9C0
:105A1000064694F85C302663591EA3700129AFD85E
:105A200094F859506581002DAAD0691E2942A7D14A
:105A3000B4F85D8018F00F0FA4F80880A0D1B4F876
:105A40005F0018B904F16C00FFF788F9B4F85A1038
:105A5000002995D006FB03FE01EB181CF4446045B9
:105A60008ED3A0EB0C00A842B0FBF5F388D33E48E0
:105A7000834285D84FF6F57083426DD903259F1C6C
:105A8000114402EB0C03032DE7626263A1632364FC
:105A90004CD1B4F8763053EA08037FF471AFBB0001
:105AA00004F17800FFF75AF9E06303F2FF13B6EB55
:105AB000532FFFF465AF4FF0FF33032DC4E90533D7
:105AC0004FF08003237187D1B4F87C30012B83D150
:105AD000511C2046FFF710FB00287FF47DAFB4F87F
:105AE0004A224AF6552320719A427FF475AF1F4B24
:105AF00004F14C00FFF732F998427FF46DAF03F1E7
:105B0000FF5304F50C70FFF729F903F50053203318
:105B100098427FF461AF04F50D70FFF71FF9A061A3
:105B200004F50E70FFF71AF9606155E7B8F1000F40
:105B30003FF426AF7144022D4FEA4703E1631EBFD5
:105B4000D91907F0010303EB5103AEE70B2560E61B
:105B50000C255EE603255CE640F6F575AB428CBF8E
:105B6000022501258BE700BFF5FFFF0F525261416F
:105B70002DE9F84F07460568884649B96E69C6B1F0
:105B8000EB6AB34298BF0126AB69A3B9002405E0D4
:105B9000FFF76AFB0128044603D801242046BDE82C
:105BA000F88F421C00F0D280EB6A8342F6D846465A
:105BB000EAE70126E8E72A78EB6A042A40F08380C6
:105BC000A6F1020A023B4FF0010B9A4528BF4FF0A5
:105BD000000AD146696C284601EB1931FFF78CFAAF
:105BE00000283BD109F00703EA6AC9F3C8010BFAA0
:105BF00003F3901EDBB26A184C4609F1010992F8D2
:105C00004C20814502EA030233BF5B0000234FF4BE
:105C10000071DBB228BF9946B2B90234631E033368
:105C2000BCD80123214628461A46FFF7E1FA02288C
:105C3000B3D0012800F08A80B8F1000F13D10223FD
:105C4000FB710028A9D130E0CA450AD0002BD2D17F
:105C50000131B1F5007FBDD20123CCE74FF0FF3415
:105C6000DCE70024DAE7FB79022B07D1731CA3429F
:105C7000E7D0BB68F31ABB610323FB7108F1010293
:105C8000FB69A24205D113B10133FB61D9E70223BD
:105C9000FBE70BB90123FB61224641463846FFF77B
:105CA00047FC00284FD10123FB61EA6AAB69023A45
:105CB0006C6193429CBF03F1FF33AB612B7943F0DE
:105CC00001032B716AE7464514D1741C3846A34280
:105CD00098BF02242146FFF7C7FA01283FF45DAFC1
:105CE000431C33D0E0B16B69012B03D9EA6A9342BC
:105CF00038BF1E4634460134EB6AA34203D8012E56
:105D00007FF644AF022421463846FFF7ADFA48B18A
:105D100001283FF442AF013018D0B442EBD135E74F
:105D2000002CE7D04FF0FF3221462846FFF77CFBDE
:105D300048B9B8F1000FB8D0224641462846FFF7CF
:105D400073FB0028B1D001287FF427AF4FF0FF3458
:105D500024E700002DE9F84306680446076B8946EE
:105D600033782037042B0CBF4FF080534FF40013CF
:105D7000BB429CBF00238363836B73B1C7F30808E6
:105D8000B8F1000F3CD10133416B836339B93389DA
:105D9000B3EB571F34D80023A36304200AE07389B0
:105DA000013B13EA57232BD1FFF75EFA0128054682
:105DB00002D80220BDE8F883421C01D10120F9E796
:105DC000F36A834216D8B9F1000FE4D0616B204624
:105DD000FFF7CEFE0546C8B10128EAD0431CEDD03E
:105DE00001463046FFF752FC0028E7D1E37943F043
:105DF0000403E371294630466563FEF7CDFFA063D7
:105E00004C36002027634644E663D3E70720D1E7FA
:105E1000F8B50E46002104460768FFF7BDFA98B9A9
:105E20000546A16B3846FFF767F968B93A78E36B26
:105E3000042A1B780CD11B060ED5054601212046ED
:105E4000FFF788FF0028ECD0042808BF072006E0F1
:105E5000E52B01D0002BF0D10135B542EED1F8BDD4
:105E6000C16C4B1C2DE9F04104460568066B1FD13F
:105E7000E5274FF00108A16B2846FFF73DF998B9D7
:105E80002A78E36B042A09BF1A781F7002F07F0298
:105E90001A7085F80380236BB3420DD2002120468F
:105EA000FFF758FF0028E6D0042808BF022003E0CF
:105EB000FFF772FA0028DBD0BDE8F0812DE9F04150
:105EC00005460068A96B0669FFF716F9044620B974
:105ED000EB6B1A78852A03D002242046BDE8F081B6
:105EE000324603F1200153F8040B8B4242F8040BB5
:105EF000F9D1777801377F01A7F16003B3F5007F0F
:105F0000EAD800212846FFF725FF04280446E3D0FD
:105F10000028E2D1A96B2868FFF7EEF804460028B4
:105F2000DBD1EB6B1A78C02AD6D106F1200203F13F
:105F3000200153F8040B8B4242F8040BF9D196F878
:105F400023300F222C33B3FBF2F3B7EB431FC3D341
:105F50004FF0400800212846FFF7FCFE04280446C5
:105F6000BAD00028B9D1A96B2868FFF7C5F8044654
:105F70000028B2D1EB6B1A78C12AADD1B8F5187FE1
:105F800009D206EB080203F1200153F8040B8B42FF
:105F900042F8040BF9D108F120084745DAD8B8F5E2
:105FA000187F9AD83046FEF71FFF7388834294D03B
:105FB00092E700000B68002210B5036004460B6AEC
:105FC00083604B6AC261C37123F0FF03896AC0E931
:105FD0000432C164FFF7E0F920B92046BDE8104063
:105FE000FFF76CBF10BD0000F8B503680546012738
:105FF0001C692046FEF7F8FEA070000A6678E07083
:106000002846E96CFFF7C8F920B1022828BF022012
:10601000C0B2F8BDA96B2868FFF76EF80028F4D16C
:10602000EB6B04F1200254F8041B944243F8041B68
:10603000F9D12B68DF70002EE7D000212846013E01
:10604000FFF788FEE0E700002DE9F8434FF0FF0876
:1060500006460768042445464FF6FF79B16B11B92F
:10606000002C73D063E03846FFF746F8044600285A
:106070005DD1F06B0378002B6ED03A78042A11D1F1
:10608000852B4DD1336B3046F364FFF717FF044681
:1060900000284CD13B691B7903F03F03B3712046C4
:1060A000BDE8F883C27AE52B02F03F02B27143D01B
:1060B0002E2B41D022F0200108293DD00F2A40D1BB
:1060C000590637D503F0BF05336B90F80D80F364A4
:1060D000437B434530D1428B72BB03780D21FC6872
:1060E00023F04003DFF874E0013B4B4301211EF82D
:1060F00001CB30F80CC009B3FF2B1DD824F813C016
:106100006146013301320D2AF1D10278520605D5DC
:1061100021B1FF2B10D8002224F81320013DEDB24D
:1061200000213046FFF716FE0446002896D00023D3
:10613000B363B4E7AB42CBD0FF25F1E7CC45E1D068
:10614000FAE72DB9FEF740FE404501D10024A6E74D
:106150004FF0FF33F364A2E70424E8E77CCE0008A5
:106160002DE9F04F002187B00446D0F80090FFF7EA
:1061700013F9804670B999F80030042B33D1D9F85F
:106180000C00FEF779FF07462046FFF75DFF054646
:1061900020B18046404607B0BDE8F08FD9F81030F6
:1061A0009A8CBA42F0D193F823B040265D4506D1CF
:1061B000D9F80C3033F81530002BE5D1EAE7F106B9
:1061C000D9F8103008BF0236985B01F04DF8D9F8C5
:1061D0000C30824633F8150001F046F88245D3D1E1
:1061E00002360135E2E74FF0FF0A4FF0FF3B55461C
:1061F000C4F84CB0A16B4846FEF77EFF00285CD186
:10620000E66B3778002F77D0F27AE52F02F03F0364
:10621000A37103D0120704D50F2B04D0C4F84CB0DF
:106220004FE00F2B54D194F84B3058063FD47906E9
:1062300045D5236B07F0BF0796F80DA0E364737B89
:1062400053453ED1738B002B3BD135780121D9F8D2
:106250000C3005F03F0501930D23013D5D43284BB4
:1062600013F8012BB25A71B3FF2D059329D81046AC
:10627000049200F0F9FF6B1C03900293019B33F82A
:10628000150000F0F1FF039981421AD1049A029D92
:106290001146059B1B4A9342E2D133785A0604D536
:1062A00019B1019B33F815305BB97D1EEDB20021A9
:1062B0002046FFF74FFD00289CD080466AE7BD428C
:1062C000BDD0FF25F3E74FF6FF708242E2D0F8E73A
:1062D0002DB93046FEF778FD50453FF45BAF94F89A
:1062E0004B30DB079AD40B2204F14001304606F014
:1062F00025F8002892D14DE74FF004084AE700BF87
:106300007CCE000889CE00082DE9F04F90F84BB004
:1063100099B004461BF0A00540F068810668F26859
:1063200032F81530002B4AD13378042B40F08780A7
:106330000F230E352046B5FBF3F5A91CFFF768FDCA
:106340008146002877D1236B0135A3EB4515E3790E
:106350005A07E56435D523F004032046E371FFF7BF
:106360007DF950BB4FF0FF32616B2046FFF7E0F83C
:1063700018BBA3682BB3214604A8FFF71BFEE0B9A6
:1063800070894FF40071D4E90423E0FB01233069E4
:10639000C4E904233830FEF7EFFC3069D4E9042364
:1063A0002830FEF7E9FCE379326904A843F00103E1
:1063B00082F82130FFF718FE18B181463BE0013525
:1063C000AEE7D6E90354402200212046FBF780FFC8
:1063D0008523012140222370C0234FF0C10C04EB20
:1063E000010884F8203000231E469E46571C04F8FE
:1063F00002C0F0B2023204F807E021B135F8131000
:1064000009B10133DBB20F0AA15408F8027002325D
:10641000D706F2D135F813700136002FE6D184F893
:106420002330831C28466370FEF726FE84F8240080
:10643000000A84F82500484619B0BDE8F08F04F141
:1064400040070DF1100A1BF0010F97E807008AE8DA
:10645000070000F0D38040234FF0010884F84B3050
:10646000BC46F368B8F1050F9AE80700ACE80300F2
:106470002CF8022B4FEA12428CF8002059D9981EB2
:10648000424630F8021F002942D10DF10F0C0721BE
:1064900002F00F0E914612090EF13000392888BF24
:1064A0000EF1370001390CF8010902D0B9F10F0FD4
:1064B000EED818AB7E205A1802F8580C3846002245
:1064C000914206D010F801CB02F1010EBCF1200F71
:1064D00031D104F13F0C072902F1010297BF18AB3B
:1064E00020205818013198BF10F8580C072A0CF8D2
:1064F0000200F0D92046FFF733FE8146002878D10C
:1065000008F10108B8F1640FAAD14FF0070992E72A
:106510004FF0100C01F0010E49080EEB4202D303BC
:1065200044BF82F4883282F02102BCF1010CF1D127
:10653000A7E74246A9E77246C2E7216B2046A1EBD6
:106540004511FEF729FF814600287FF474AF4FF60E
:10655000FF783846FEF738FC0190A16B3046FEF715
:10656000CBFD814600287FF466AFE36BE9B2019A68
:106570004FF00D0CD6F80CE05A734FF00F02DFF815
:10658000E0A0DA724A1E18730CFB02F28446987679
:10659000D87640451AF8019B0CF1010C18BF3EF863
:1065A000120003EB090B18BF013203F809004FEA90
:1065B0001029002808BF4046BCF10D0F8BF8019050
:1065C000E7D1404502D03EF812200AB941F040011F
:1065D0001970012300212046F370FFF7BBFB8146B1
:1065E00000287FF428AF013DB7D11BE04FF006092A
:1065F00021E704287FF41FAF84F84BB01BF0020F93
:1066000020461BBF0C350D210125B5FBF1F518BF48
:1066100001352946FFF7FCFB814600287FF40BAFCC
:10662000013D8AD1A16B3046FEF766FD8146002808
:106630007FF401AF01462022E06BFBF749FEE36BDC
:1066400003CF18605960BA7839889A72198194F822
:106650004B30E26B03F0180313730123F370EAE687
:106660007CCE000810B504460A463430FEF776FBAF
:10667000886004F13800FEF773FBC2E9040194F866
:10668000213003F00203D3710023D36110BD000059
:1066900003284B8B04BF8A8A43EA0243184670479B
:1066A0002DE9F04F0B7899B0044689462F2BD0F88E
:1066B00000B001D05C2B09D14A46137891460132D3
:1066C0002F2BFAD05C2BF8D0002301E0DBF81C3034
:1066D000A3600023E3619BF80030042B1ED1A36864
:1066E000E3B1DBF82030214604A82362DBF8243034
:1066F0006362DBF82830A362FFF75CFC03460028E6
:1067000054D1DBF8102002F13800FEF727FBC4E972
:10671000040392F8213003F00203E37199F800308A
:106720001F2B00F2358180230021204684F84B3056
:1067300019B0BDE8F04FFEF72FBE49460B788946E9
:1067400001312F2BFAD05C2BF8D01F2B8CBF0025EA
:106750000425012F2FD113882E2B31D1002322F8AD
:10676000173004F140029F428CBF2E2120210133BB
:106770000B2B02F8011BF6D145F02005204684F8CA
:106780004B50FFF7EDFC94F84B30002800F0E78009
:1067900004280BD1990603F0040240F1DC80002AA2
:1067A00000F0F6808023002084F84B3019B0BDE85B
:1067B000F08F0425CDE7022F02D153882E2BCAD0AB
:1067C000911E87BB002322F81730002F00F01181A3
:1067D00032F81300194601332028F9D009B92E28C0
:1067E00001D145F00305901E30F817302E2B01D053
:1067F000013FF9D14FF020334FF0000A6364D046D7
:106800002364C4F847300823481C32F81160009014
:10681000F6B1202E03D02E2E0DD1B84210D045F067
:1068200003050099F0E731F81730202B01D02E2B0B
:10683000C8D1013FC5E79A4505D20099B9423BD17D
:106840000B2B30D101E00B2B27D145F003050B2397
:1068500094F84020E52A04BF052284F84020082B44
:1068600004BF4FEA88085FFA88F808F00C030C2B85
:1068700003D008F00303032B01D145F00205A8075C
:106880003FF57CAF18F0010F18BF45F0100518F068
:10689000040F18BF45F0080570E70099B94202D00F
:1068A00045F00305D4D84FEA88080B234FF0080AB7
:1068B00000975FFA88F8B4E77F2E15D9304640F28A
:1068C0005231CDE9022345F00203019300F098FC18
:1068D00010F0800F0646DDE9022316D000F07F0697
:1068E00046498E5D019D46B331464548CDE90123B9
:1068F00005F070FDDDE90123F8B9A6F1410189B287
:1069000019291ED848F0020810E0FF28EAD9591EBC
:106910008A4503D345F003059A4682E704EB0A0152
:10692000000A0AF1010A019D81F8400004EB0A0106
:106930000AF1010A81F8406073E745F003055F261C
:10694000F4E7A6F1610189B219299EBF203E48F003
:106950000108B6B2EAE7002A08BF052026E75A0771
:106960003FF524AFA379DB0645D59BF8000004284A
:1069700035D1A3682146E27923622369DBF8100050
:1069800023F0FF0313436362E36CA362FFF76AFE25
:1069900023680027DA6819F8010B00283FF409AFD3
:1069A00040F25231009200F04BFC054608B31F281C
:1069B000009A7FF6FEAE2F283FF4BFAE5C283FF46E
:1069C000BCAE7F2805D801460E4805F003FD009AAD
:1069D00078B9FF2F0DD022F817500137DBE7216B74
:1069E0000BF14C03C1F308011944FFF751FEA060FD
:1069F000CEE70620DAE60520D8E600BFFCCD000889
:106A0000F5CD0008ECCD00081FB5CDE9001003A8B6
:106A100014460391FEF700FA002815DB0B4A52F8E2
:106A200020300BB100211970019B0BB100211970AE
:106A300042F820302CB1002201A96846FEF7C8FEBA
:106A40000446204604B010BD0B24FAE76C36002043
:106A50002DE9F04798B0904605460191002800F0D6
:106A6000528102F03F0603A901A83246FEF7B0FEAC
:106A7000002840F04681039B4FF48C60049303F0A0
:106A8000DBFC0746002800F04081039B00F5007204
:106A90000199D86004A81A61FFF702FE044620B9E4
:106AA0009DF95B30002BB8BF062418F01C0F00F0D6
:106AB000CD80002C4CD0042C40D104A8FFF724FC3E
:106AC000044600283AD146F00806039B1A78042AA7
:106AD00040F08380186929462B60FFF7C3FD039BB4
:106AE0001E22002118690230FBF7F2FB039C0021F3
:106AF0001A2220692630FBF7EBFB236920221A714A
:106B0000246903F0D3FC0146012208342046FEF735
:106B10002BF9039B04A81B6983F82120FFF764FA73
:106B2000044658B9A96801B302462846FEF718FD85
:106B3000AB68039A0446013B5361B4B1384603F095
:106B40008BFC0CB100232B60204618B0BDE8F08709
:106B50009DF8163013F0110F40F0848018F0040FE8
:106B600040F0C98018F0080FAFD1039A310713998C
:106B7000936C48BF46F04006E964AB641078042883
:106B800072D1069B9DF817102B62089B106923F0A9
:106B9000FF030B4329466B62179BAB62FFF762FD55
:106BA000DDF80CA00024002205F15008BAF80630E8
:106BB00021464046C5F800A0AB80002385F8306030
:106BC00085F831406C64C5E90E234FF40072FBF781
:106BD0007FFBB20653D40024B0E703F067FC014604
:106BE000009013980E30FEF7BFF8139800991630F6
:106BF000FEF7BAF8039C13992078FFF749FD20238C
:106C000000228046CB7220461399FEF7D1F8139BE1
:106C1000002201211A775A779A77DA77039BD97085
:106C2000B8F1000FA1D0414604A8D3F84890FEF770
:106C300097FC0446002881D149460398FEF75CFA88
:106C4000039B044608F1FF30586176E7002C7FF47F
:106C500075AF9DF81630DC064FD418F0020F84D0C3
:106C6000D80782D5072469E7FFF712FD0023A86043
:106C700001F11C00FEF772F86B61286190E7D5E91D
:106C8000046956EA0903A6D0BAF80AA0A9684FEA2F
:106C90004A2AC5E90E69B24574EB09031BD30024E7
:106CA0002964002C7FF44AAFC6F30803002B92D06E
:106CB000039C2046FEF770F808B3760A012341468C
:106CC00046EAC95682196A64607802F01FFF041E02
:106CD00018BF012432E72846FEF7C6FAB6EB0A06CB
:106CE000014669F10009012803D9431CD3D10124CD
:106CF000D6E70224D4E7082420E704241EE7022470
:106D00001CE704461EE709241EE711241CE70000C7
:106D10002DE9F04F994685B00023884603A9044623
:106D2000C9F800301646FEF791F8054680BB94F886
:106D300031506DBB94F8303013F00103009300F034
:106D4000A68004F1500AD4E90432D4E90E011B1ADA
:106D500062EB0102B34272F1000238BF1E46BEB1BF
:106D6000D4E90E10C1F30803002B40F08280039B8E
:106D70005A894B0A013A43EAC0531A401BD151EADF
:106D8000000309D1A06801280DD8022584F83150EC
:106D9000284605B0BDE8F08F216C20460192FEF731
:106DA00063FA019AEFE7431C04D10123009D84F8A4
:106DB0003130EDE72064DDF80CB0216C5846FDF76A
:106DC000EBFF0028E1D0B6F5007F02EB000731D3DE
:106DD000BBF80A1002EB5620730A88429BF80100A8
:106DE00088BF8B1A3A464146019302F08FFE002875
:106DF000DBD194F93020019B002A0BDA606CC01BB8
:106E0000984207D24FF40072514608EB4020FBF73E
:106E100039FA019B5F02D9F80030F61BB8443B44B5
:106E2000C9F80030D4E90E32DB1942F10002C4E99E
:106E30000E3294E7626CBA421AD094F93030002BCB
:106E40000DDA012351469BF8010002F083FE002871
:106E5000ABD194F8303003F07F0384F830300398DE
:106E600001233A465146407802F050FE00289CD15A
:106E70006764A16B4046C1F30801C1F50077514436
:106E8000B74228BF37463A46FBF7FCF9C3E7072568
:106E90007EE7000070B596B00E460022019002A970
:106EA00001A8FEF795FC0446E0B94FF48C6003F0AE
:106EB000C3FA0546D8B1029B00F500720199D8606B
:106EC00002A81A61FFF7ECFB044640B99DF9533064
:106ED000002B0ADB1EB1314602A8FDF7EDFF284664
:106EE00003F0BAFA204616B070BD0624F7E7112465
:106EF000F8E7000070B5B8B00222019003A901A81C
:106F0000FEF766FC044608BB039B4FF48C601093AD
:106F100003F092FA0546002866D0039B00F5007244
:106F20000199D86010A81A61FFF7BAFB044650B95E
:106F30009DF88B30980655D4190653D49DF84630E9
:106F4000DA0706D50724284603F086FA204638B02B
:106F500070BD039B04931878042814D104A9186900
:106F6000FFF780FB069E9DF84630DB0610D410A884
:106F7000FEF776FF04460028E5D156BB0398FEF7DE
:106F8000DBFB0446DFE71F99FFF782FB0646EAE7D3
:106F9000039BDA69B242D5D024930021269624A817
:106FA0001B78042B01BFDDE90823CDE928239DF8D8
:106FB00017308DF89730FEF7EFF904460028C2D15C
:106FC00024A8FFF741F804460028BBD00428BAD112
:106FD000CDE70246314604A8FEF7C2FA044600286F
:106FE000B1D1CBE70624AEE71124AFE7F0B5BDB0D1
:106FF000CDE900106846FDF70FFF022203A901A8A2
:10700000FEF7E6FB0446002841D1039B4FF48C6059
:10701000149303F011FA0546002800F0EE80039B5C
:1070200000F5007214AE0199D8601A613046FFF77E
:1070300037FB044640BB9DF89B3013F0A00F40F097
:10704000D880039B009F1A78042A68D11B6904AC7E
:1070500003F1400C1868083353F8041C22466345BA
:1070600003C21446F6D15022314628A8FBF70AF98C
:10707000394628A8FFF714FB044600284CD12A9A69
:10708000169B9A4206D00824284603F0E5F92046CC
:107090003DB0F0BD349A209B9A42F4D128A8FFF766
:1070A00033F904460028EFD1039B04AF1B6993F822
:1070B00001E093F823C09C8C3A46083303CAB242DD
:1070C00043F8080C43F8041C1746F5D1039B28A885
:1070D0001B6983F801E0039B1A6982F823C01A69CF
:1070E00082F82440240A82F825401A691379D906C7
:1070F0005CBF43F020031371FEF776FF04460028BF
:10710000C2D13046FEF7ACFE04460028BCD103983D
:10711000FEF712FB0446B7E70428B5D1BEE7239A71
:1071200004AB02F1200C1068083252F8041C1C4613
:10713000624503C42346F6D15022314628A8FBF706
:10714000A1F8394628A8FFF7ABFA044600284CD12D
:107150002A9A169B9A4296D1349A209B9A4292D1AF
:1071600028A8FFF7D1F8044600288DD137990DF1F2
:107170001D030DF12D0001F10D0253F8044B834264
:1071800042F8044BF9D11888012710809B7893703E
:107190009DF81B30039CDA0658BF43F02003CB72E6
:1071A000E770CB7ADB06ACD5169A2A9B9A42A8D018
:1071B0002078FFF76DFA01462046FDF7EDFD014608
:1071C000C8B12046FDF798FF044600287FF45CAF65
:1071D000039890F86D302E2B93D12A9A00F16C0110
:1071E000FDF7E6FD039BDF708BE704287FF44CAFCF
:1071F000B6E7062448E7022446E7112447E70000E3
:107200007F2810B501D880B210BDB0F5803F13D2F1
:1072100040F2523399420FD10849002231F8024B13
:1072200093B2844203D103F18000C0B2ECE7013293
:10723000802AF3D11346F6E70020E5E73CD10008A9
:107240007F280DD940F25233994208D1FF2806D841
:1072500000F10040034B803833F8100070470020E5
:10726000704700BF3CD10008B0F5803FF0B522D296
:107270001F4A83B21F49B0F5805F28BF0A46141D1C
:1072800034F8042C2146AAB1934213D334F8025C9B
:107290002E0AEFB252FA85F5A84222DA082E09D852
:1072A000DFE806F0050A10121416181A1C00801ADE
:1072B00034F810301846F0BD981A00F001001B1A7F
:1072C0009BB2F7E7103BFBE7203BF9E7303BF7E7E2
:1072D0001A3BF5E70833F3E7503BF1E7A3F5E35337
:1072E000EEE70434002ECBD101EB4702C7E700BF25
:1072F0008CCE000880D00008F0B500F10B042346C6
:107300000D46B1FBF2F102FB115707F13006392EA1
:10731000C8BF07F13706954203F8016DF0D2421E4F
:10732000E11A13F8015B9C4202F8015FF9D10844AD
:10733000F0BD00002DE9F04F804687B015464FF0B4
:1073400000090C4614F8013B002B3BD0252B08D03C
:10735000D8F800201946404609F10109D268904743
:1073600049E14B782D2B06BF8C1C01230023019390
:1073700023782B2B06BF01340127002794F800A0A7
:10738000BAF1300F0CBF01344FF0200A23782A2BBA
:107390001CD16178023455F804BB2E2943D12178E1
:1073A00081B12A2921D0661C0020A1F13002344687
:1073B000D2B2092A1DD80A2316F8011B03FB0020AC
:1073C0000029F2D1484607B0BDE8F08F4FF0000B1E
:1073D00014F8011B0029F5D0A1F13002D2B2092A1C
:1073E000DBD80A2303FB0B2BF2E76178023455F854
:1073F000040B01F0DF024C2A17D121780029E1D0DB
:10740000782904F101041FD8622900F2008158296B
:107410001AD84E2900F23081442900F09180492980
:1074200000F08E8010E00020E3E7A1F1410278290E
:10743000D2B209D862290BD8582905D84E293BD891
:10744000442978D0492976D02E468DF80C1056E084
:10745000A1F16306152EF7D80FF2040C5CF826F0A4
:10746000F174000837750008497400084974000871
:107470004974000849740008377500084974000809
:1074800049740008497400084974000849740008E8
:10749000C7750008B57600084974000849740008EB
:1074A0000775000849740008B1760008497400089F
:1074B00049740008B5760008A1F14F02092AC3D823
:1074C00001A050F822F000BFC7750008B57600088B
:1074D0004974000849740008497400084974000898
:1074E000B17600084974000849740008B5760008B0
:1074F0002E464FF0200A56F8042B8DF80C2003ADD1
:107500000DF10D002BE02E4647F6FF726A4B56F840
:10751000045B002808BF1046002D08BF1D462A4600
:107520002F18104612F8011B11B1B91A0029F8DA08
:107530004FF0200A13E02E46192A56F8041B02D8F1
:107540002E4656F8041B002936DA2D2249428DF8C2
:107550000C200DF10D000A2203ADFFF7CDFE471BF5
:107560000199ABEB070323EAE372002945D1002B15
:10757000C2F1000B1EDD29782D2901D02B290DD158
:10758000BAF1300F0AD1D8F800304046019209F123
:107590000109DB68013F98470135019AD8F80030AE
:1075A000514640460192DB6898471BF1010B019A56
:1075B000F4D191443B4615E01FB12B228DF80C20ED
:1075C000C7E703A8C7E708222E4603A856F8041BFE
:1075D000C2E7D8F80020404615F8011BD268019395
:1075E0009047019B013BF4D5002FA8BFB9445D46ED
:1075F0002DB9D94435462146A3E69346DAE7D8F8B3
:10760000003051464046013DDB689847F0E7A1F164
:107610006302152A3FF618AF01A353F822F000BF0A
:10762000F1740008417500084974000849740008A5
:10763000497400084974000841750008497400083D
:107640004974000849740008497400084974000826
:10765000C7750008B5760008497400084974000829
:107660000775000849740008B176000849740008DD
:1076700049740008B5760008A1F14F02092A3FF6C7
:10768000E3AE01A353F822F0C7750008B5760008F1
:1076900049740008497400084974000849740008D6
:1076A000B17600084974000849740008B5760008EE
:1076B0000A2289E7102287E73CD20008F0B5054688
:1076C00087B016461F460C4689B14A1E002329463C
:1076D00001A800F05FF83A46314601A8FFF72AFEFC
:1076E000049BA3423CBF0022EA5407B0F0BD0A4607
:1076F000ECE70000D0E902239A421FBF4268D15450
:10770000C36801331ABFC36000206FF001007047E7
:10771000D0E903239A421FBF4268D25C0133036160
:1077200014BF10466FF001007047000003692BB1D1
:10773000013B426803610020D15470476FF00100A3
:107740007047000038B504460846D4E903315B1A97
:10775000934228BF13461D4663682A461944FAF728
:1077600091FD236928462B44236138BD38B5044672
:10777000D0E902301B1A934228BF13461D466368A6
:107780002A461844FAF77EFDE36828462B44E36056
:1077900038BD000010B5C0E90223034C0023C0E946
:1077A0000041036110BD00BF44D2000808B5074B7B
:1077B000074A196801F03D01996053680BB1906860
:1077C0009847BDE8084003F0ABB800BF0000024096
:1077D0007436002008B5084B1968890901F03D018D
:1077E0008A019A60054AD3680BB110699847BDE8D1
:1077F000084003F095B800BF000002407436002036
:1078000008B5084B1968090C01F03D010A049A609B
:10781000054A53690BB190699847BDE8084003F0E9
:107820007FB800BF000002407436002008B5084B46
:107830001968890D01F03D018A059A60054AD369EE
:107840000BB1106A9847BDE8084003F069B800BF63
:10785000000002407436002008B5074B074A5968FB
:1078600001F03D01D960536A0BB1906A9847BDE8B9
:10787000084003F055B800BF0000024074360020F5
:1078800008B5084B5968890901F03D018A01DA60A1
:10789000054AD36A0BB1106B9847BDE8084003F066
:1078A0003FB800BF000002407436002008B5084B06
:1078B0005968090C01F03D010A04DA60054A536B6E
:1078C0000BB1906B9847BDE8084003F029B800BFA2
:1078D000000002407436002008B5084B5968890D35
:1078E00001F03D018A05DA60054AD36B0BB1106CDB
:1078F0009847BDE8084003F013B800BF00000240FD
:107900007436002008B5074B074A196801F03D019D
:107910009960536C0BB1906C9847BDE8084002F039
:10792000FFBF00BF000402407436002008B5084BBA
:107930001968890901F03D018A019A60054AD36CF2
:107940000BB1106D9847BDE8084002F0E9BF00BFD9
:10795000000402407436002008B5084B1968090C71
:1079600001F03D010A049A60054A536D0BB1906D18
:107970009847BDE8084002F0D3BF00BF00040240B2
:107980007436002008B5084B1968890D01F03D01D7
:107990008A059A60054AD36D0BB1106E9847BDE811
:1079A000084002F0BDBF00BF000402407436002052
:1079B00008B5074B074A596801F03D01D960536E7D
:1079C0000BB1906E9847BDE8084002F0A9BF00BF18
:1079D000000402407436002008B5084B5968890934
:1079E00001F03D018A01DA60054AD36E0BB1106FD8
:1079F0009847BDE8084002F093BF00BF0004024072
:107A00007436002008B5084B5968090C01F03D0197
:107A10000A04DA60054A536F0BB1906F9847BDE8CE
:107A2000084002F07DBF00BF000402407436002011
:107A300008B5084B5968890D01F03D018A05DA60E7
:107A4000054AD36F13B1D2F880009847BDE80840CB
:107A500002F066BF000402407436002000230C4987
:107A600010B51A460B4C0B6054F82300026001EB72
:107A7000430004334260402BF6D1074A4FF0FF33F6
:107A80009360D360C2F80834C2F80C3410BD00BF54
:107A9000743600205CD20008000002400F28F8B5C0
:107AA00010D9102810D0112811D0122808D10F2475
:107AB0000720DFF8B4E00126DEF80050A04208D924
:107AC000002649E00446F4E70F240020F1E70724EC
:107AD000FBE706FA00F73D4240D1214C4FEA001C7B
:107AE0003D4304EB00160EEBC000CEF80050C0E999
:107AF0000123FBB24BB11B48836B43F0010383634B
:107B0000036E43F001030366036E17F47F4F09D041
:107B10001448836B43F002038363036E43F0020354
:107B20000366036E54F80C00036823F01F03036020
:107B3000056815F00105FBD104EB0C033D2493F817
:107B40000CC05F6804FA0CF43C60212405604461B9
:107B500012B1987B00F0B4FC3046F8BD0130ADE7BF
:107B60005CD20008004502587436002010B530245D
:107B700084F31188FFF792FF002383F3118810BD6F
:107B800010B50446807B00F0B1FC01231049627BF4
:107B900003FA02F20B6823EA0203DAB20B604AB975
:107BA0000C4A916B21F001019163116E21F00101EA
:107BB0001166126E13F47F4F09D1064B9A6B22F0B7
:107BC00002029A631A6E22F002021A661B6E10BD40
:107BD000743600200045025808B5302383F311881D
:107BE000FFF7CEFF002383F3118808BD836CC26AC0
:107BF0008B42506810B506D95A1E4C0002EB410367
:107C0000B3FBF4F3184410BD01F001038A0748BF29
:107C100043F002034A0748BF43F008030A0748BF7E
:107C200043F00403CA0648BF43F010038A06426BC0
:107C300048BF43F0200313434363704710B5074C1C
:107C4000204600F0BFFF064B0022C4E91023054B7D
:107C5000A364054BE363054BE36410BDF8360020D5
:107C60000070005200B4C4044C3700204C3900208E
:107C7000C36A0BB90E4BC3620379012B0CD10D4BB8
:107C8000984209D10C4B5A6B42F480325A63DA6D38
:107C900042F48032DA65DB6D436C00221A65DA62E9
:107CA0001A605A605A624FF0FF329A63704700BF01
:107CB0005CD30008F8360020004502580379012BF8
:107CC00016D0436C00221A65DA621A605A605A6252
:107CD0004FF0FF329A63074B984209D1064B5A6B1B
:107CE00022F480325A63DA6D22F48032DA65DB6D79
:107CF000704700BFF83600200045025810B5446CAC
:107D00000649FFF773FF6060236842F2107043F08A
:107D100003032360BDE8104001F05ABD801A06003D
:107D20000129F8B5466C0B4F09D175680A493D40E9
:107D3000FFF75CFF054345F480557560F8BD746836
:107D400006493C40FFF752FF044344F480547460FA
:107D5000F4E700BF00ECFFFF80F0FA0240787D01FD
:107D6000436C00225A601A6070470000426C01297F
:107D7000536823F4404304D0022905D001B953606D
:107D8000704743F48043FAE743F40043F7E7000009
:107D9000436C41F480519A60D9605A6B1206FCD54D
:107DA00080229A637047000010B541F48851446CFA
:107DB000A260E160616B11F04502FBD0A26311F09B
:107DC000040203D0FFF720FF012010BD61691046B7
:107DD0001960FAE710B541F48851446CA260E16083
:107DE000616B11F04502FBD0A26311F0050203D0D4
:107DF000FFF70AFF012010BD616910461960FAE71C
:107E000073B5134604460E46302282F31188426C45
:107E1000D26B32B14FF0FF314030019301F0E4FCFE
:107E2000019B606C00220265C263C262456B15F45F
:107E3000807504D185F31188012002B070BD4FF028
:107E4000FF31816382F31188012E06D90C2120466F
:107E500002B0BDE87040FFF7BDBF1046EDE700007F
:107E600073B5446C0E4600250192616BA1632565D4
:107E7000E562FFF7C9FE012E07D9019B2A460C21B6
:107E800002B0BDE87040FFF7A5BF02B070BD0000B2
:107E900010B541F49851446CA260E160616B11F03F
:107EA0004502FBD0A26311F03F0203D0FFF7ACFE06
:107EB000012010BD216A10461960E1695960A1696D
:107EC00099606169D960F4E72DE9F74304460191AF
:107ED000006D01A91746984602F04AFC06460028A4
:107EE0004AD0626C2046DDF804905568C5F3090558
:107EF00001356B00A56CB5FBF3F54FF47A73B5FB58
:107F0000F3F55D43556200F023FE50BB636C4FF008
:107F1000FF3201254146C3F8589020461D659A63FB
:107F20004FF49572DA6342F207029F62DA62E36C01
:107F30000A9AFFF74FFFA0B9E26C104B11680B4093
:107F40007BB929462046FFF75BFF054648B92E4618
:107F50003A460199206D02F043FC304603B0BDE87B
:107F6000F0833A460199206D02F03AFCE26C01215F
:107F70002046FFF775FFF0E70126EEE708E0FFFD7A
:107F80002DE9F7431F46436C01924FF47A725D6806
:107F900004468846C5F3090501356E00856CB5FBBE
:107FA000F6F5B5FBF2F555435D6200F0D1FD20B169
:107FB0000125284603B0BDE8F0837E0201A9206DAB
:107FC000324602F0D5FB05460028F1D0636C019AD9
:107FD000D4F84C909A6501221A654FF0FF329A63EB
:107FE0004FF49572DA639E62236BDB064B4658BFF3
:107FF0004FEA4828012F42461BD912212046FFF79D
:10800000E9FEC0B9D9F80020104B13409BB9636C4E
:1080100042F2930239462046DA62E26CFFF7F0FE44
:10802000804640B932460199206D454602F0D8FBA2
:10803000BFE71121E2E732460199206D02F0D0FB43
:10804000E26C39462046FFF70BFFB2E708E0FFFD80
:108050002DE9F3411F46436C01924FF47A725D683B
:1080600004468846C5F3090501356E00856CB5FBED
:10807000F6F5B5FBF2F555435D6200F069FD20B100
:108080000125284602B0BDE8F0817E0201A9206DDD
:10809000324602F0B3FB05460028F1D0636C019A2A
:1080A0009A6501221A654FF0FF329A634FF48D7280
:1080B000DA639E62236BE66CDB06334658BF4FEAF9
:1080C0004828012F424619D919212046FFF782FE80
:1080D000B0B932680F4B134093B9636C42F291020E
:1080E00039462046DA62E26CFFF78AFE064638B966
:1080F00001993546206D02F0BDFBC2E71821E4E787
:108100000199206D02F0B6FBE26C39462046FFF77C
:10811000A7FEB6E708E0FFFD12F0030F2DE9F041DE
:1081200007460C4615461E4617D00E44B44202D1EF
:108130000020BDE8F0810123FA6B21463846FFF7A5
:108140001FFF0028F5D128464FF40072F96B05F5A2
:1081500000750134FAF796F8E8E7BDE8F041FFF75B
:108160000FBF000012F0030F2DE9F04107460C4647
:1081700015461E4617D00E44B44202D10020BDE879
:10818000F08129464FF40072F86B05F50075FAF797
:1081900079F80123FA6B21463846FFF759FF00288A
:1081A000EDD10134E8E7BDE8F041FFF751BF000031
:1081B00000207047302310B583F311880024436CEE
:1081C00040302146DC6301F01DFB84F3118810BDB3
:1081D000026843681143016003B11847704700000B
:1081E000024A136843F0C003136070470044004024
:1081F000024A136843F0C003136070470048004010
:10820000024A136843F0C0031360704700780040CF
:10821000044B9A6C02439A641A6F104318671B6FE1
:10822000704700BF0045025837B5274C274D204600
:1082300000F028FD04F11400009400234FF40072B4
:10824000234900F0C3F94FF40072224904F13800C9
:108250000094214B00F03CFA204BC4E91735204C28
:10826000204600F00FFD04F11400009400234FF4A9
:1082700000721C4900F0AAF94FF400721A4904F187
:1082800038000094194B00F023FA194BC4E9173554
:10829000184C204600F0F6FC04F1140000234FF4C3
:1082A00000721549009400F091F9144B4FF40072DC
:1082B000134904F13800009400F00AFA114BC4E9A4
:1082C000173503B030BD00BF5039002000E1F5057F
:1082D000943A002094400020E181000800440040CE
:1082E000BC390020943C002094420020F181000819
:1082F00000480040283A0020943E002001820008F7
:10830000944400200078004038B5264D0446037C94
:10831000002918BF0D46012B06D1234B984230D1BE
:108320004FF40030FFF774FF2A68236EE16D03EB12
:108330005203A566B3FBF2F36A68100442BF23F050
:10834000070003F0070343EA4003CB60AB6843F048
:1083500040034B60EB6843F001038B6042F496737B
:1083600043F001030B604FF0FF330B62510505D55D
:1083700012F0102211D0B2F1805F10D084F8643076
:1083800038BD0A4B984205D0094B9842CCD14FF0EA
:108390008040C7E74FF48020C4E77F23EEE73F2308
:1083A000ECE700BF64D3000850390020BC3900203E
:1083B000283A00202DE9F047C66D05463768F46974
:1083C000210734621AD014F0080118BF4FF48071ED
:1083D000E20748BF41F02001A3074FF0300348BF38
:1083E00041F04001600748BF41F0800183F31188EC
:1083F000281DFFF7EDFE002383F31188E2050AD55F
:10840000302383F311884FF48061281DFFF7E0FECD
:10841000002383F311884FF030094FF0000A14F065
:10842000200838D13B0616D54FF0300905F1380A3F
:10843000200610D589F31188504600F07DF90028F8
:1084400036DA0821281DFFF7C3FE27F080033360CA
:10845000002383F31188790614D5620612D53023E0
:1084600083F31188D5E913239A4208D12B6C33B1D9
:1084700027F040071021281DFFF7AAFE37600023D0
:1084800083F31188E30618D5AA6E1369ABB150695E
:10849000BDE8F047184789F31188736A284695F8B4
:1084A0006410194000F008FC8AF31188F469B6E7FB
:1084B000B06288F31188F469BAE7BDE8F08700007C
:1084C000090100F16043012203F56143C9B283F859
:1084D000001300F01F039A4043099B0003F160431F
:1084E00003F56143C3F880211A60704700F01F0351
:1084F00001229A40430900F160409B0000F5614071
:1085000003F1604303F56143C3F88020C3F8802181
:10851000002380F800337047F8B51546826804469A
:108520000B46AA4200D28568A1692669761AB5422F
:108530000BD218462A46F9F7A5FEA3692B44A3617E
:108540002846A3685B1BA360F8BD0CD9AF1B184677
:108550003246F9F797FE3A46E1683044F9F792FE61
:10856000E3683B44EBE718462A46F9F78BFEE368DD
:10857000E5E7000083689342F7B50446154600D24C
:108580008568D4E90460361AB5420BD22A46F9F759
:1085900079FE63692B4463612846A3685B1BA36073
:1085A00003B0F0BD0DD93246AF1B0191F9F76AFE59
:1085B00001993A46E0683144F9F764FEE3683B44C8
:1085C000E9E72A46F9F75EFEE368E4E710B50A44F6
:1085D0000024C361029B8460C16002610362C0E940
:1085E0000000C0E9051110BD08B5D0E9053293427D
:1085F00001D1826882B98268013282605A1C42616C
:1086000019700021D0E904329A4224BFC368436143
:1086100001F012F9002008BD4FF0FF30FBE7000029
:1086200070B5302304460E4683F31188A568A5B1C2
:10863000A368A269013BA360531CA361157822695A
:10864000934224BFE368A361E3690BB120469847D6
:10865000002383F31188284607E03146204601F0C5
:10866000DBF80028E2DA85F3118870BD2DE9F74FB9
:1086700004460E4617469846D0F81C904FF0300A34
:108680008AF311884FF0000B154665B12A46314632
:108690002046FFF741FF034660B94146204601F0FE
:1086A000BBF80028F1D0002383F31188781B03B0B6
:1086B000BDE8F08FB9F1000F03D001902046C84704
:1086C000019B8BF31188ED1A1E448AF31188DCE7B5
:1086D000C160C361009B82600362C0E9051111445F
:1086E000C0E9000001617047F8B504460D46164622
:1086F000302383F31188A768A7B1A368013BA36067
:1087000063695A1C62611D70D4E904329A4224BF25
:10871000E3686361E3690BB120469847002080F36A
:10872000118807E03146204601F076F80028E2DAA9
:1087300087F31188F8BD0000D0E9052310B59A42EF
:1087400001D182687AB982680021013282605A1CA4
:1087500082611C7803699A4224BFC368836101F077
:108760006BF8204610BD4FF0FF30FBE72DE9F74FC7
:1087700004460E4617469846D0F81C904FF0300A33
:108780008AF311884FF0000B154665B12A46314631
:108790002046FFF7EFFE034660B94146204601F050
:1087A0003BF80028F1D0002383F31188781B03B035
:1087B000BDE8F08FB9F1000F03D001902046C84703
:1087C000019B8BF31188ED1A1E448AF31188DCE7B4
:1087D0000379052B05BF836A002001204B6004BF8D
:1087E0004FF400730B60704770B55D1E866A0446D7
:1087F0000D44B54205D9436B43F080034363012028
:1088000070BD06250571FFF787FC05232371F7E787
:1088100070B55D1E866A04460D44B54205D9436BAA
:1088200043F080034363012070BD07250571FFF706
:1088300099FC05232371F7E738B505790446052D22
:1088400005D108230371FFF7B3FC257138BD012062
:10885000FCE700000323F0B5037185B00446FFF781
:108860004DFA002220461146FFF792FA4FF4D572D6
:1088700003AB08212046FFF7ADFA0246B8B9012341
:108880002363039BC3F30323012B09D103AB3721DC
:108890002046FFF79FFA18B9A44B039A1340ABB1D7
:1088A00020460125FFF75CFA0223237137E103AB71
:1088B000002237212046FFF78DFA28B99B4A039BF7
:1088C0001A40002A00F0A78002232363236B03F0E1
:1088D0000F03022B40F0A9806425954E42F21070E0
:1088E00000F076FF03AB324601212046FFF75CFA29
:1088F0000028D5D1039B002B80F293805A0003D52A
:10890000236B43F010032363002204F108030221C8
:108910002046FFF7BDFA02460028C1D104F1380312
:1089200003212046FFF756FA0028B9D104F11805B3
:10893000A26B092120462B46FFF7AAFA0028AFD1E7
:1089400002ABA26B07212046FFF744FA0646002837
:10895000A6D1236B03F00F03022B40F08F807E2201
:108960007F21284603F038FA012840F28780E76B20
:1089700042F2107000F02CFF08234FF400723946C9
:1089800020460096FFF7A0FA002889D1384603F068
:1089900071FA236BA06203F00F03022B72D103ABB9
:1089A000644A06212046FFF715FA002871D15F4975
:1089B000039B1940B1FA81F149092046FFF7B0F94C
:1089C00002AB4FF4007210212046FFF703FA054670
:1089D00000287FF465AF554E029B33427FF460AFB1
:1089E000236B13F00E0F03F00F0273D0022A7FF4F3
:1089F00057AFE36A1978012900F09480022900F04A
:108A00009380002900F089804B4F2046FFF7AEF994
:108A100003AB3A4676E0114620462263FFF7B8F9E9
:108A200054E7013D7FF45AAF3AE7444D6426444A87
:108A30003E4F012B18BF154603AB002237212046BD
:108A4000FFF7C8F900287FF42BAF039B3B427FF46C
:108A500027AF03AB2A4629212046FFF7A5F90028B6
:108A60007FF41EAF039B002BFFF648AF013E3FF49F
:108A700017AF42F2107000F0ABFEDDE7284603F0BE
:108A8000CDF986E77E227F212846E66B03F0A4F924
:108A900008B9002191E70023402231462046009387
:108AA0000623FFF711FA0028F3D1B3895BBA9B07BD
:108AB000EFD5244B40223146204600930623FFF792
:108AC00003FA0028E5D1317C01F00F010F3918BFFE
:108AD000012172E7E36A1978F9B101297FF4E0AE68
:108AE0002046FFF743F903ABA26B37212046FFF77F
:108AF00071F900287FF4D4AE039B33427FF4D0AEEB
:108B000003AB022206212046FFF764F900287FF418
:108B1000C7AE039B33427FF4C3AE052323712846BF
:108B200005B0F0BD084F70E7084F6EE708E0FFFDA5
:108B30000080FFC00001B9030000B7030080FF50B0
:108B400000001080F1FFFF800001B7030002B703AF
:108B500037B504460C4D01ABA26B0D212046FFF743
:108B600039F978B9019B2B420BD1C3F34323042B72
:108B700008D0053B022B04D84FF47A7000F028FE91
:108B8000E9E7012003B030BD08E0FFFD70B53023F8
:108B9000054683F3118803790024022B03D184F363
:108BA0001188204670BD0423037184F311880226C6
:108BB000FFF7CEFF04462846FFF7D2F82E71F0E704
:108BC000FFF73CB8044B03600123037100234363A8
:108BD000C0E90A33704700BF7CD3000810B53023CA
:108BE000044683F31188C162FFF742F80223002094
:108BF000237180F3118810BD10B53023044683F330
:108C00001188FFF75BF800230122E362227183F3EE
:108C1000118810BD026843681143016003B1184711
:108C2000704700001430FFF721BD00004FF0FF3304
:108C30001430FFF71BBD00003830FFF797BD000070
:108C40004FF0FF333830FFF791BD00001430FFF7CD
:108C5000E7BC00004FF0FF311430FFF7E1BC00002B
:108C60003830FFF741BD00004FF0FF323830FFF7DA
:108C70003BBD0000012914BF6FF0130000207047B6
:108C8000FFF7D2BA044B036000234360C0E902330C
:108C900001230374704700BFA0D3000810B5302330
:108CA000044683F31188FFF72FFB0223002023746F
:108CB00080F3118810BD000038B5C36904460D4625
:108CC0001BB904210844FFF7A5FF294604F114004D
:108CD000FFF78AFC002806DA201D4FF40061BDE88A
:108CE0003840FFF797BF38BD026843681143016001
:108CF00003B118477047000013B5406B00F580546E
:108D0000D4F8A4381A681178042914D1017C0229F6
:108D100011D11979012312898B4013420BD101A97A
:108D20004C3002F087FFD4F8A4480246019B217919
:108D3000206800F0DFF902B010BD0000143002F02E
:108D400009BF00004FF0FF33143002F003BF0000F2
:108D50004C3002F0DBBF00004FF0FF334C3002F02C
:108D6000D5BF0000143002F0D7BE00004FF0FF3135
:108D7000143002F0D1BE00004C3002F0A7BF00005A
:108D80004FF0FF324C3002F0A1BF000000207047CE
:108D900010B500F58054D4F8A4381A681178042965
:108DA00017D1017C022914D15979012352898B40B2
:108DB00013420ED1143002F069FE024648B1D4F8D5
:108DC000A4484FF4407361792068BDE8104000F07A
:108DD0007FB910BD406BFFF7DBBF0000704700009C
:108DE0007FB5124B01250426044603600023057459
:108DF00000F1840243602946C0E902330C4B029023
:108E0000143001934FF44073009602F01BFE094B9F
:108E100004F69442294604F14C000294CDE9006323
:108E20004FF4407302F0E2FE04B070BDC8D30008F6
:108E3000D58D0008F98C00080A68302383F3118867
:108E40000B790B3342F823004B79133342F823009C
:108E50008B7913B10B3342F8230000F58053C3F82C
:108E6000A41802230374002080F3118870470000C7
:108E700038B5037F044613B190F85430ABB90125DF
:108E8000201D0221FFF730FF04F114006FF00101F3
:108E9000257700F0DDFC04F14C0084F854506FF0AD
:108EA0000101BDE8384000F0D3BC38BD10B5012148
:108EB00004460430FFF718FF0023237784F854306A
:108EC00010BD000038B504460025143002F0D2FD74
:108ED00004F14C00257702F0A1FE201D84F85450C7
:108EE0000121FFF701FF2046BDE83840FFF750BFE2
:108EF00090F8803003F06003202B06D190F8812099
:108F00000023212A03D81F2A06D800207047222ACE
:108F1000FBD1C0E91D3303E0034A426707228267A1
:108F2000C3670120704700BF4422002037B500F519
:108F30008055D5F8A4381A68117804291AD1017C13
:108F4000022917D11979012312898B40134211D1BB
:108F500000F14C04204602F021FF58B101A920463F
:108F600002F068FED5F8A4480246019B21792068EA
:108F700000F0C0F803B030BD01F10B03F0B550F8BC
:108F8000236085B004460D46FEB1302383F311887B
:108F900004EB8507301D0821FFF7A6FEFB6806F1EC
:108FA0004C005B691B681BB1019002F051FE0198F7
:108FB00003A902F03FFE024648B1039B2946204622
:108FC00000F098F8002383F3118805B0F0BDFB682A
:108FD0005A691268002AF5D01B8A013B1340F1D16F
:108FE00004F18002EAE70000133138B550F821405F
:108FF000ECB1302383F3118804F58053D3F8A4280F
:109000001368527903EB8203DB689B695D6845B1A5
:1090100004216018FFF768FE294604F1140002F0ED
:109020003FFD2046FFF7B4FE002383F3118838BDCF
:109030007047000001F06EBD01234022002110B5F1
:10904000044600F8303BF9F743F90023C4E9013343
:1090500010BD000010B53023044683F3118824228C
:10906000416000210C30F9F733F9204601F074FD1E
:1090700002230020237080F3118810BD70B500EB2F
:109080008103054650690E461446DA6018B1102275
:109090000021F9F71DF9A06918B110220021F9F794
:1090A00017F931462846BDE8704001F055BE000072
:1090B00083682022002103F0011310B50446836069
:1090C0001030F9F705F92046BDE8104001F0D0BE98
:1090D000F0B4012500EB810447898D40E4683D43ED
:1090E000A469458123600023A2606360F0BC01F0A5
:1090F000EDBE0000F0B4012500EB810407898D402E
:10910000E4683D436469058123600023A2606360D5
:10911000F0BC01F063BF000070B5022300250446D7
:10912000242203702946C0F888500C3040F8045CB3
:10913000F9F7CEF8204684F8705001F0A1FD63687D
:109140001B6823B129462046BDE87040184770BD12
:109150000378052B10B504460AD080F88C3005231F
:10916000037043681B680BB1042198470023A36078
:1091700010BD00000178052906D190F88C204368C5
:1091800002701B6803B118477047000070B590F873
:109190007030044613B1002380F8703004F180026F
:1091A000204601F089FE63689B68B3B994F880306B
:1091B00013F0600535D00021204602F07BF9002134
:1091C000204602F06BF963681B6813B10621204644
:1091D0009847062384F8703070BD204698470028D1
:1091E000E4D0B4F88630A26F9A4288BFA36794F99E
:1091F0008030A56F002B4FF0300380F20381002DEB
:1092000000F0F280092284F8702083F31188002195
:109210002046D4E91D23FFF76DFF002383F3118857
:10922000DAE794F8812003F07F0343EA022340F257
:109230000232934200F0C58021D8B3F5807F48D038
:109240000DD8012B3FD0022B00F09380002BB2D120
:1092500004F1880262670222A267E367C1E7B3F5FF
:10926000817F00F09B80B3F5407FA4D194F88230D9
:10927000012BA0D1B4F8883043F0020332E0B3F5FB
:10928000006F4DD017D8B3F5A06F31D0A3F5C063F0
:10929000012B90D86368204694F882205E6894F889
:1092A0008310B4F88430B047002884D043686367E3
:1092B0000368A3671AE0B3F5106F36D040F6024298
:1092C00093427FF478AF5C4B63670223A36700236C
:1092D000C3E794F88230012B7FF46DAFB4F8883087
:1092E00023F00203A4F88830C4E91D55E56778E748
:1092F000B4F88030B3F5A06F0ED194F882302046D8
:1093000084F88A3001F01AFD63681B6813B10121EB
:1093100020469847032323700023C4E91D339CE7AC
:1093200004F18B0363670123C3E72378042B10D177
:10933000302383F311882046FFF7BAFE85F31188A6
:109340000321636884F88B5021701B680BB12046A1
:10935000984794F88230002BDED084F88B300423B9
:10936000237063681B68002BD6D0022120469847E3
:10937000D2E794F8843020461D0603F00F010AD589
:1093800001F08CFD012804D002287FF414AF2B4B90
:109390009AE72B4B98E701F073FDF3E794F88230DE
:1093A000002B7FF408AF94F8843013F00F01B3D092
:1093B0001A06204602D502F095F8ADE702F086F8CD
:1093C000AAE794F88230002B7FF4F5AE94F884304D
:1093D00013F00F01A0D01B06204602D502F06AF858
:1093E0009AE702F05BF897E7142284F8702083F381
:1093F00011882B462A4629462046FFF769FE85F349
:109400001188E9E65DB1152284F8702083F3118894
:1094100000212046D4E91D23FFF75AFEFDE60B226A
:1094200084F8702083F311882B462A46294620466B
:10943000FFF760FEE3E700BFF8D30008F0D30008B1
:10944000F4D3000838B590F870300446002B3ED0B5
:10945000063BDAB20F2A34D80F2B32D8DFE803F0FC
:109460003731310822323131313131313131373711
:10947000856FB0F886309D4214D2C3681B8AB5FB55
:10948000F3F203FB12556DB9302383F311882B4699
:109490002A462946FFF72EFE85F311880A2384F811
:1094A00070300EE0142384F87030302383F3118879
:1094B000002320461A461946FFF70AFE002383F3CD
:1094C000118838BDC36F03B198470023E7E7002137
:1094D000204601F0EFFF0021204601F0DFFF636826
:1094E0001B6813B10621204698470623D7E70000E2
:1094F00010B590F870300446142B29D017D8062BDD
:1095000005D001D81BB110BD093B022BFBD80021AF
:10951000204601F0CFFF0021204601F0BFFF636825
:109520001B6813B1062120469847062319E0152B26
:10953000E9D10B2380F87030302383F311880023A6
:109540001A461946FFF7D6FD002383F31188DAE7A0
:10955000C3689B695B68002BD5D1C36F03B1984783
:10956000002384F87030CEE70023826880F824302E
:1095700083691B6899689142FBD25A680360426014
:1095800010605860704700000023826880F8243023
:1095900083691B6899689142FBD85A6803604260EE
:1095A000106058607047000008B50846302383F308
:1095B000118891F82430032B05D0042B0DD02BB942
:1095C00083F3118808BD8B6A00221A604FF0FF33C5
:1095D0008362FFF7C9FF0023F2E7D1E9003213608D
:1095E0005A60F3E7034610B51B68984203D09C68A5
:1095F0008A689442F8D25A680B604A6011605960D8
:1096000010BD0000FFF7B0BF064BD96881F82400F9
:109610001868026853601A600122D86080F824201C
:10962000F6F794BF984600200C4B30B5DD684B1C14
:1096300087B004460FD02B46094A684600F09CF9D3
:109640002046FFF7E1FF009B13B1684600F09EF94A
:10965000A86A07B030BDFFF7D7FFF9E798460020AA
:10966000A9950008044B1A68DB6890689B689842CB
:1096700094BF00200120704798460020094B10B588
:109680001C68D868226853601A600122DC6084F884
:109690002420FFF779FF01462046BDE81040F6F789
:1096A00055BF00BF98460020044B1A68DB689268DB
:1096B0009B689A4201D9FFF7E1BF704798460020A6
:1096C00038B50123084C00252370656002F000FCCA
:1096D00002F026FC0549064802F0FCFC0223237038
:1096E00085F3118838BD00BF4049002000D4000830
:1096F0009846002000F080B9034A516853685B1A0D
:109700009842FBD8704700BF001000E08B604B63AD
:109710000023CA6100F128020B6302230A618B84D3
:109720000123886181F8263001F11003C26A4A6181
:109730001360C36201F12C030846CB62704700003E
:10974000D0E90131026841F8183CA1F19C03383995
:10975000CB60036941F8243C436941F8203C034B4A
:1097600041F8043CC3680248FFF7D0BF6505000814
:109770009846002008B5FFF7E3FFBDE80840FFF773
:1097800041BF000038B50E4BDC6804F12C05A06227
:10979000E06AA8420FD194F826303BB994F82530FE
:1097A0009B0702BFD4E9043213605A600F20BDE862
:1097B0003840FFF729BF0368E362FFF723FFE7E7BD
:1097C00098460020302383F31188FFF7DBBF0000A9
:1097D00008B50146302383F311880820FFF724FFE2
:1097E000002383F3118808BD054BDB6821B10360BA
:1097F00098620320FFF718BF4FF0FF30704700BF9B
:109800009846002003682BB1002202601846996236
:10981000FFF7F8BE70470000064BDB6839B14268BD
:1098200018605A60136043600420FFF7FDBE4FF0DC
:10983000FF307047984600200368984206D01A68A7
:109840000260506018469962FFF7DCBE7047000066
:1098500038B504460D462068844200D138BD0368FF
:1098600023605C608562FFF7CDFEF4E7036810B506
:109870009C68A2420CD85C688A600B604C602160D6
:10988000596099688A1A9A604FF0FF33836010BD5F
:10989000121B1B68ECE700000A2938BF0A2170B5CB
:1098A00004460D460A26601902F00CFB02F0F4FA99
:1098B000041BA54203D8751C04462E46F3E70A2E66
:1098C00004D90120BDE8704002F0CCBC70BD00009E
:1098D000F8B5144B0D460A2A4FF00A07D96103F177
:1098E0001001826038BF0A22416019691446016084
:1098F00048601861A81802F0D5FA02F0CDFA431BAF
:109900000646A34206D37C1C28192746354602F09A
:10991000D9FAF2E70A2F04D90120BDE8F84002F095
:10992000A1BCF8BD98460020F8B506460D4602F0E9
:10993000B3FA0F4A134653F8107F9F4206D12A46C6
:1099400001463046BDE8F840FFF7C2BFD169BB68A9
:10995000441A2C1928BF2C46A34202D92946FFF7E6
:109960009BFF224631460348BDE8F840FFF77EBF23
:1099700098460020A8460020C0E90323002310B425
:109980005DF8044B4361FFF7CFBF000010B5194CE1
:10999000236998420DD08168D0E9003213605A6083
:1099A0009A680A449A60002303604FF0FF33A36172
:1099B00010BD0268234643F8102F53600022026056
:1099C00022699A4203D1BDE8104002F075BA93684B
:1099D00081680B44936002F05FFA2269E169926842
:1099E000441AA242E4D91144BDE81040091AFFF715
:1099F00053BF00BF984600202DE9F047DFF8BC8038
:109A000008F110072C4ED8F8105002F045FAD8F89B
:109A10001C40AA68031B9A423ED814444FF0000928
:109A2000D5E90032C8F81C4013605A60C5F80090B0
:109A3000D8F81030B34201D102F03EFA89F3118810
:109A4000D5E9033128469847302383F311886B69A1
:109A5000002BD8D002F020FA6A69A0EB04098246F4
:109A60004A450DD2022002F0FDFB0022D8F810304A
:109A7000B34208D151462846BDE8F047FFF728BF5A
:109A8000121A2244F2E712EB09092946384638BF78
:109A90004A46FFF7EBFEB5E7D8F81030B34208D0DE
:109AA0001444C8F81C00211AA960BDE8F047FFF76C
:109AB000F3BEBDE8F08700BFA8460020984600200E
:109AC00038B502F0E9F9054AD2E90845031B18192F
:109AD00045F10001C2E9080138BD00BF98460020E9
:109AE00010B560B9074804790368053C9B6818BF46
:109AF0000124984708B144F00404204610BD012415
:109B0000FBE700BFF8360020FFF7EABF2DE9F0477A
:109B1000884617469A460446B0B90D4E3579052D4C
:109B200005D003240DE0013D15F0FF050ED032688D
:109B3000534639463046D2F814904246C84700286A
:109B4000F1D12046BDE8F0870424FAE70124F8E7C4
:109B5000F83600202DE9F047884617469A46044615
:109B6000B0B90D4E3579052D05D003240DE0013D2A
:109B700015F0FF050ED03268534639463046D2F80C
:109B800018904246C8470028F1D12046BDE8F0872A
:109B90000424FAE70124F8E7F836002037B50C462C
:109BA000154670B951B101290BD1074869460368C0
:109BB0001B6A984710B9019B04462B60204603B0EE
:109BC00030BD0424FAE700BFF836002000207047BB
:109BD000FEE70000704700004FF0FF3070470000C4
:109BE0004B6843608B688360CB68C3600B694361DB
:109BF0004B6903628B6943620B6803607047000026
:109C000008B53C4B40F2FF713B48D3F888200A432B
:109C1000C3F88820D3F8882022F4FF6222F00702DC
:109C2000C3F88820D3F88830344B1A6C0A431A647E
:109C30009A6E0A439A66324A9B6E1146FFF7D0FF2E
:109C400000F5806002F11C01FFF7CAFF00F580609B
:109C500002F13801FFF7C4FF00F5806002F1540102
:109C6000FFF7BEFF00F5806002F17001FFF7B8FF5B
:109C700000F5806002F18C01FFF7B2FF00F5806013
:109C800002F1A801FFF7ACFF00F5806002F1C4010A
:109C9000FFF7A6FF00F5806002F1E001FFF7A0FFEB
:109CA00000F5806002F1FC01FFF79AFF02F58C716C
:109CB00000F58060FFF794FF01F0A8FC114BD3F88A
:109CC000902242F00102C3F89022D3F8942242F08D
:109CD0000102C3F894220522C3F898204FF0605285
:109CE000C3F89C20084AC3F8A020BDE8084000F053
:109CF000FFBC00BF00440258000002580045025853
:109D000014D4000800ED00E01F00080308B501F0BE
:109D100085FEFFF7D5FC0D4BDA6B42F04002DA63AB
:109D20005A6E22F040025A665B6E094B1A6842F086
:109D300008021A601A6842F004021A6000F0A2FDDC
:109D400000F03EFBBDE8084000F0B4B80045025802
:109D5000001802480120704700207047704700003B
:109D600002290CD0032904D00129074818BF00207C
:109D70007047032A05D8054800EBC2007047044825
:109D800070470020704700BF24D6000854220020EE
:109D9000D8D5000870B59AB005460846144601A902
:109DA00000F0C2F801A8F8F78BFA431C0022C6B2F3
:109DB0005B001046C5E9003423700323023404F825
:109DC000013C01ABD1B202348E4201D81AB070BD51
:109DD00013F8011B013204F8010C04F8021CF1E72E
:109DE00008B5302383F311880348FFF79FF8002359
:109DF00083F3118808BD00BF4849002090F88030E7
:109E000003F01F02012A07D190F881200B2A03D109
:109E10000023C0E91D3315E003F06003202B08D1B7
:109E2000B0F884302BB990F88120212A03D81F2A5A
:109E300004D8FFF75DB8222AEBD0FAE7034A42675D
:109E400007228267C3670120704700BF4B220020B2
:109E500007B5052917D8DFE801F0191603191920ED
:109E6000302383F31188104A01210190FFF706F98E
:109E7000019802210D4AFFF701F90D48FFF722F87A
:109E8000002383F3118803B05DF804FB302383F3D0
:109E900011880748FEF7ECFFF2E7302383F31188BF
:109EA0000348FFF703F8EBE778D500089CD50008D6
:109EB0004849002038B50C4D0C4C2A460C4904F199
:109EC0000800FFF767FF05F1CA0204F11000094915
:109ED000FFF760FF05F5CA7204F118000649BDE8F6
:109EE0003840FFF757BF00BF2062002054220020F7
:109EF00048D5000852D500086CD5000870B5044656
:109F000008460D46F8F7DCF9C6B22046013403785E
:109F10000BB9184670BD32462946F8F7BDF900283E
:109F2000F3D10120F6E700002DE9F04705460C4685
:109F3000F8F7C6F92B49C6B22846FFF7DFFF08B18C
:109F40000736F6B228492846FFF7D8FF08B1103681
:109F5000F6B2632E0BD8DFF88C80DFF88C90234F9D
:109F6000DFF894A02E7846B92670BDE8F087294620
:109F70002046BDE8F04702F03BBA252E2ED107223D
:109F800041462846F8F788F970B9194B224603F183
:109F90000C0153F8040B8B4242F8040BF9D11B88D7
:109FA00007350E341380DDE7082249462846F8F7C6
:109FB00073F998B9A21C0F4B197802320909C95DCF
:109FC00002F8041C13F8011B01F00F015345C95D91
:109FD00002F8031CF0D118340835C3E7013504F842
:109FE000016BBFE744D600086CD500085BD60008BB
:109FF0004CD6000800E8F11F0CE8F11FBFF34F8FAB
:10A00000044B1A695107FCD1D3F810215207F8D13B
:10A01000704700BF0020005208B50D4B1B78ABB94C
:10A02000FFF7ECFF0B4BDA68D10704D50A4A5A60F8
:10A0300002F188325A60D3F80C21D20706D5064ABD
:10A04000C3F8042102F18832C3F8042108BD00BF1F
:10A050007E640020002000522301674508B5114BA3
:10A060001B78F3B9104B1A69510703D5DA6842F02F
:10A070004002DA60D3F81021520705D5D3F80C213D
:10A0800042F04002C3F80C21FFF7B8FF064BDA6834
:10A0900042F00102DA60D3F80C2142F00102C3F869
:10A0A0000C2108BD7E640020002000520F289ABFBA
:10A0B00000F5806040040020704700004FF400303D
:10A0C00070470000102070470F2808B50BD8FFF725
:10A0D000EDFF00F500330268013204D10430834201
:10A0E000F9D1012008BD0020FCE700000F2838B599
:10A0F00005463FD8FFF782FF1F4CFFF78DFF4FF05B
:10A10000FF3307286361C4F814311DD82361FFF7BA
:10A1100075FF030243F02403E360E36843F0800328
:10A12000E36023695A07FCD42846FFF767FFFFF76F
:10A13000BDFF4FF4003100F0B7FA2846FFF78EFF5D
:10A14000BDE83840FFF7C0BFC4F81031FFF756FF35
:10A15000A0F108031B0243F02403C4F80C31D4F827
:10A160000C3143F08003C4F80C31D4F810315B0794
:10A17000FBD4D9E7002038BD002000522DE9F84F6C
:10A1800004460D46104644EA0203DE0602D00020D3
:10A19000BDE8F88F20F01F00DFF8D4B0DFF8D4A0BE
:10A1A000FFF73AFF05EB0008454503D10120FFF713
:10A1B00055FFEDE720222946204602F0BFF810B9EE
:10A1C00020342035F0E7234604F120021F68791C73
:10A1D000DDD104339342F9D104F178432048214E74
:10A1E000B3F5801F204B38BF184603F1F80332BF88
:10A1F000D946D1461E46FFF701FF0760A4EB050CC8
:10A20000336805F11C0143F0020333602B1FD9F8BA
:10A21000007017F00507FAD153F8042F8B424CF861
:10A220000320F4D1BFF34F8FFFF7E8FE4FF0FF3369
:10A230000360336823F002033360BFF34F8F0B4B8F
:10A24000C3F85C42BFF34F8FBFF36F8F20222946C4
:10A25000204602F073F80028B2D03846A7E700BFC6
:10A26000142100520C2000521420005200ED00E096
:10A27000102000521021005210B5084C237828B14C
:10A280001BB9FFF7C9FE0123237010BD002BFCD0C2
:10A290002070BDE81040FFF7E1BE00BF7E640020E3
:10A2A0002DE9F04F0D4685B0814658B111F00D06ED
:10A2B00014BF2022082211F00803019304D0431E8A
:10A2C000034269D0002435E0002E37D009F11F0188
:10A2D00021F01F094FF00108314F05F00403DFF8AA
:10A2E000CCA005EA080BBBF1000F32D07869C0079B
:10A2F0002FD408F101080C37B8F1060FF3D19EB93D
:10A30000284D4946A819019201F02CFE0446002868
:10A3100039D12036019AA02EF3D1494601F022FE10
:10A32000044600282FD1019A49461F4801F01AFE21
:10A33000044660BB204605B0BDE8F08F0029C9D1B6
:10A3400001462846029201F00DFE0446D8B9029A51
:10A35000C0E713B178694107CBD5AC0702D578695E
:10A360008007C6D5019911B178690107C1D5494661
:10A370000AEB4810CDE9022301F0F4FD0446DDE9C3
:10A3800002230028B5D04A460021204601E04A4673
:10A390000021F7F79DFFCDE70246002E96D199E701
:10A3A0006CD60008C064002080640020A0640020F7
:10A3B0000021FFF775BF00000121FFF771BF00000A
:10A3C00070B5144D0124144E40F2FF3200210120DB
:10A3D000F7F77EFF06EB441001342A6955F80C1F8D
:10A3E00001F0ACFD062CF5D137254FF4C0542046C2
:10A3F000FFF7E2FF014628B122460848BDE8704059
:10A4000001F09CBDC4EBC404013D4FEAD404EED17D
:10A4100070BD00BF6CD60008A064002080640020DE
:10A420000421FFF73DBF00004843FFF7C1BF000014
:10A4300008B101F009BE7047B0F5805F10B5044661
:10A4400007D8FFF7EDFF28B92046BDE81040FFF719
:10A45000AFBF002010BD0000FFF7EABF70B5AAB182
:10A4600040EA010313F01F030FD1094C0144A56812
:10A470006D0706D52568A84203D366683544A9420E
:10A4800004D903330C34122BF1D10022104670BDD5
:10A490006CD6000808B501F0EDFE034AD2E900329F
:10A4A000C01842EB010108BD60650020434BD3E9B1
:10A4B00000232DE9F34113437CD0FFF7EBFF404A23
:10A4C00000230027F6F75CF806460D463D4A0023B8
:10A4D000F6F756F80023144630462946394AF6F76F
:10A4E0004FF84FF461613C23ADF80170B4FBF1F516
:10A4F000B4FBF3F601FB154103FB16464624B1FB02
:10A50000F3F1314BF6B28DF8004098423CD84FF051
:10A51000640C4FF4C87EA30704F26C7225D1B2FB21
:10A52000FCF30CFB132313BBB2FBFEF30EFB132255
:10A53000B2FA82F35B0903F26D18621C8045D2B255
:10A5400017D90FB18DF800400022204C4FF00C0CB1
:10A5500017460CFB0343D4B2013213F804C0844500
:10A560000CD8A0EB0C000127F5E70023E3E701235B
:10A57000E1E7A0EB080014460127CCE70FB18DF806
:10A580000140431C8DF802309DF80100431C9DF8EA
:10A5900000005038400640EA43509DF8023040EA3F
:10A5A000034040EA560040EAC52040EA411002B0AC
:10A5B000BDE8F0814FF40410F9E700BF60650020AA
:10A5C00040420F008051010090230B00B4D60008D8
:10A5D0000244074BD2B210B5904200D110BD441CCA
:10A5E00000B253F8200041F8040BE0B2F4E700BFDA
:10A5F000504000580E4B30B51C6F240405D41C6F1E
:10A600001C671C6F44F400441C670A4C0244236816
:10A61000D2B243F480732360074B904200D130BD27
:10A62000441C51F8045B00B243F82050E0B2F4E758
:10A6300000440258004802585040005807B5012213
:10A6400001A90020FFF7C4FF019803B05DF804FBE7
:10A6500013B50446FFF7F2FFA04205D0012201A97D
:10A6600000200194FFF7C6FF02B010BD10B56424AE
:10A67000013C4FF47A70FFF7ABF814F0FF04F7D108
:10A68000084B4FF0807214249A6103F5805308221E
:10A690009A61013C4FF47A70FFF79AF814F0FF04C6
:10A6A000F7D110BD000002580144BFF34F8F064B95
:10A6B000884204D3BFF34F8FBFF36F8F7047C3F847
:10A6C0005C022030F4E700BF00ED00E00144BFF37E
:10A6D0004F8F064B884204D3BFF34F8FBFF36F8F6A
:10A6E0007047C3F870022030F4E700BF00ED00E0CF
:10A6F000114BDA6952021ED59A69D00704D50F4A68
:10A700009A6002F144329A600B4BDA69D107FCD4AB
:10A710001A6A22F480021A629A6942F002029A616D
:10A72000DA69D207FCD49A6942F001029A61024ABE
:10A73000D369DB07FCD47047002000523B2A19087C
:10A7400070B5054616460C4601201021FFF76CFE39
:10A75000286046733CB1204636B1FFF761FE2B6896
:10A76000186000B19C6070BDFFF726FEF7E700009F
:10A77000F8B50F461546044648B905F11F010126F4
:10A78000386821F01F01FFF78FFF3046F8BD427B8C
:10A7900029463868FFF762FE06460028EDD13B687F
:10A7A0006360A368AB4210D213B12068FFF740FE8C
:10A7B000637B28462BB1FFF733FE206020B9A060F1
:10A7C000E3E7FFF7F9FDF8E7A560206805F11F0151
:10A7D000012621F01F013860FFF766FF2673D4E7DA
:10A7E00010B5044640B10068884205D1606808B1E0
:10A7F000F7F748FD0023237310BD0000F8B50F469E
:10A800001446054648B904F11F010126386821F0B5
:10A810001F01FFF75BFF3046F8BD427B21463868D9
:10A82000FFF71CFE06460028EDD1AB68A34210D20C
:10A8300013B12868FFF7FCFD6B7B20462BB1FFF7B7
:10A84000EFFD286020B9A860E5E7FFF7B5FDF8E760
:10A85000AC60396819B122462868F7F713FD2868FB
:10A8600004F11F01012621F01F013860FFF72EFFC0
:10A870002E73D0E720B103688B4204BF002303731B
:10A8800070470000034B1A681AB9034AD2F8D02463
:10A890001A607047686500200040025808B5FFF74D
:10A8A000F1FF024B1868C0F3806008BD68650020A6
:10A8B000EFF30983054968334A6B22F001024A63CA
:10A8C00083F30988002383F31188704700EF00E0C9
:10A8D000302080F3118862B60D4B0E4AD96821F4FE
:10A8E000E0610904090C0A430B49DA60D3F8FC2043
:10A8F00042F08072C3F8FC20084AC2F8B01F116809
:10A9000041F0010111602022DA7783F822007047BC
:10A9100000ED00E00003FA0555CEACC5001000E0E4
:10A92000302310B583F311880E4B5B6813F400637A
:10A9300014D0F1EE103AEFF309844FF08073683CC5
:10A94000E361094BDB6B236684F30988FEF78AFE1B
:10A9500010B1064BA36110BD054BFBE783F31188D3
:10A96000F9E700BF00ED00E000EF00E07705000828
:10A970007A05000870B5BFF34F8FBFF36F8F1A4A87
:10A980000021C2F85012BFF34F8FBFF36F8F53698E
:10A9900043F400335361BFF34F8FBFF36F8FC2F89F
:10A9A0008410BFF34F8FD2F8803043F6E074C3F3C6
:10A9B000C900C3F34E335B0103EA0406014646EACD
:10A9C00081750139C2F86052F9D2203B13F1200F92
:10A9D000F2D1BFF34F8F536943F480335361BFF318
:10A9E0004F8FBFF36F8F70BD00ED00E0FEE70000FA
:10A9F000214B2248224A70B5904237D3214BC11EC9
:10AA0000DA1C121A22F003028B4238BF0022002106
:10AA1000F7F75EFC1C4A0023C2F88430BFF34F8F67
:10AA2000D2F8803043F6E074C3F3C900C3F34E3369
:10AA30005B0103EA0406014646EA81750139C2F862
:10AA40006C52F9D2203B13F1200FF2D1BFF34F8F9C
:10AA5000BFF36F8FBFF34F8FBFF36F8F0023C2F829
:10AA60005032BFF34F8FBFF36F8F70BD53F8041B8D
:10AA700040F8041BC0E700BFBCD700086467002093
:10AA8000646700206467002000ED00E0054B996BCF
:10AA900021EA000199631A6E22EA00021A661B6E0F
:10AAA000704700BF0045025870B5D0E9244300222A
:10AAB0004FF0FF359E6804EB42135101D3F80009B3
:10AAC000002805DAD3F8000940F08040C3F80009F7
:10AAD000D3F8000B002805DAD3F8000B40F08040D3
:10AAE000C3F8000B013263189642C3F80859C3F843
:10AAF000085BE0D24FF00113C4F81C3870BD0000B1
:10AB0000890141F02001016103699B06FCD41220F8
:10AB1000FEF7F2BD10B50A4C2046FEF78DFA094B40
:10AB2000C4F89030084BC4F89430084C2046FEF727
:10AB300083FA074BC4F89030064BC4F8943010BD2C
:10AB40006C65002000000840F0D600080866002070
:10AB500000000440FCD6000870B503780546012BC0
:10AB600058D13F4BD0F89040984254D13D4B0E21E4
:10AB700065209A6B42F000629A631A6E42F000629E
:10AB80001A661B6E384BD3F8802042F00062C3F87F
:10AB90008020D3F8802022F00062C3F88020D3F810
:10ABA0008030FDF78DFC314BE360314BC4F8003849
:10ABB0000023D5F89060C4F8003EC02323604FF412
:10ABC0000413A3633369002BFCDA01230C203361E7
:10ABD000FEF792FD3369DB07FCD41220FEF78CFDF3
:10ABE0003369002BFCDA00262846A660FFF75CFFDD
:10ABF0006B68C4F81068DB68C4F81468C4F81C6893
:10AC000063BB1C4BA3614FF0FF336361A36843F048
:10AC10000103A36070BD184B9842C9D1114B4FF08E
:10AC200080609A6B42F000729A631A6E42F0007272
:10AC30001A661B6E0C4BD3F8802042F00072C3F8EA
:10AC40008020D3F8802022F00072C3F88020D3F84F
:10AC50008030FFF71BFF0E214D20A2E7074BD1E705
:10AC60006C65002000450258004402584014004022
:10AC700003002002003C30C008660020083C30C0C1
:10AC8000F8B5D0F89040054600214FF00066204608
:10AC9000FFF736FFD5F8941000234FF001128F68AC
:10ACA0004FF0FF30C4F83438C4F81C2804EB4312CA
:10ACB00001339F42C2F80069C2F8006BC2F808096C
:10ACC000C2F8080BF2D20B68D5F89020C5F898307E
:10ACD000636210231361166916F01006FBD112206F
:10ACE000FEF70AFDD4F8003823F4FE63C4F80038F8
:10ACF000A36943F4402343F01003A3610923C4F87C
:10AD00001038C4F814380B4BEB604FF0C043C4F854
:10AD1000103B094BC4F8003BC4F81069C4F8003973
:10AD2000D5F8983003F1100243F48013C5F8982049
:10AD3000A362F8BDCCD6000840800010D0F8902067
:10AD400090F88A10D2F8003823F4FE6343EA011326
:10AD5000C2F80038704700002DE9F84300EB81038A
:10AD6000D0F890500C468046DA680FFA81F9480115
:10AD7000166806F00306731E022B05EB41134FF015
:10AD8000000194BFB604384EC3F8101B4FF0010108
:10AD900004F1100398BF06F1805601FA03F391699C
:10ADA00098BF06F5004600293AD0578A04F15801A9
:10ADB000374349016F50D5F81C180B430021C5F8E3
:10ADC0001C382B180127C3F81019A7405369611EBE
:10ADD0009BB3138A928B9B08012A88BF5343D8F8F0
:10ADE0009820981842EA034301F140022146C8F82E
:10ADF0009800284605EB82025360FFF781FE08EBBE
:10AE00008900C3681B8A43EA845348341E436401A3
:10AE10002E51D5F81C381F43C5F81C78BDE8F883BF
:10AE200005EB4917D7F8001B21F40041C7F8001BB8
:10AE3000D5F81C1821EA0303C0E704F13F030B4ACD
:10AE40002846214605EB83035A60FFF759FE05EBC0
:10AE50004910D0F8003923F40043C0F80039D5F880
:10AE60001C3823EA0707D7E700800010000400021F
:10AE7000D0F894201268C0F89820FFF715BE0000A3
:10AE80005831D0F8903049015B5813F4004004D099
:10AE900013F4001F0CBF0220012070474831D0F886
:10AEA000903049015B5813F4004004D013F4001FA4
:10AEB0000CBF02200120704700EB8101CB68196AAA
:10AEC0000B6813604B6853607047000000EB810310
:10AED00030B5DD68AA691368D36019B9402B84BF07
:10AEE000402313606B8A1468D0F890201C4402EB56
:10AEF0004110013C09B2B4FBF3F46343033323F084
:10AF0000030343EAC44343F0C043C0F8103B2B683B
:10AF100003F00303012B0ED1D2F8083802EB4110E5
:10AF200013F4807FD0F8003B14BF43F0805343F00C
:10AF30000053C0F8003B02EB4112D2F8003B43F053
:10AF40000443C2F8003B30BD2DE9F041D0F89060D9
:10AF500005460C4606EB4113D3F8087B3A07C3F8C5
:10AF6000087B08D5D6F814381B0704D500EB8103FD
:10AF7000DB685B689847FA071FD5D6F81438DB07FB
:10AF80001BD505EB8403D968CCB98B69488A5A680C
:10AF9000B2FBF0F600FB16228AB91868DA68904214
:10AFA0000DD2121AC3E90024302383F311882146FD
:10AFB0002846FFF78BFF84F31188BDE8F081012359
:10AFC00003FA04F26B8923EA02036B81CB68002B3E
:10AFD000F3D021462846BDE8F041184700EB810335
:10AFE0004A0170B5DD68D0F890306C692668E6607B
:10AFF00056BB1A444FF40020C2F810092A6802F028
:10B000000302012A0AB20ED1D3F8080803EB421456
:10B0100010F4807FD4F8000914BF40F0805040F055
:10B020000050C4F8000903EB4212D2F8000940F0C6
:10B030000440C2F800090122D3F8340802FA01F1F1
:10B040000143C3F8341870BD19B9402E84BF4020A5
:10B05000206020681A442E8A8419013CB4FBF6F45F
:10B0600040EAC44040F00050C6E700002DE9F84334
:10B07000D0F8906005460C464F0106EB4113D3F81B
:10B08000088918F0010FC3F808891CD0D6F81038C9
:10B09000DB0718D500EB8103D3F80CC0DCF81430C3
:10B0A000D3F800E0DA68964530D2A2EB0E024FF0FA
:10B0B00000091A60C3F80490302383F31188FFF766
:10B0C0008DFF89F3118818F0800F1DD0D6F8343821
:10B0D0000126A640334217D005EB84030134D5F88E
:10B0E0009050D3F80CC0E4B22F44DCF8142005EBE8
:10B0F0000434D2F800E05168714514D3D5F83438DF
:10B1000023EA0606C5F83468BDE8F883012303FA8C
:10B1100001F2038923EA02030381DCF80830002BE3
:10B12000D1D09847CFE7AEEB0103BCF810008342C3
:10B1300028BF0346D7F8180980B2B3EB800FE3D8D5
:10B140009068A0F1040959F8048FC4F80080A0EBBE
:10B1500009089844B8F1040FF5D818440B449060DE
:10B160005360C8E72DE9F84FD0F8905004466E6957
:10B17000AB691E4016F480586E6103D0BDE8F84FED
:10B18000FDF7CABF002E12DAD5F8003E9B0705D0A6
:10B19000D5F8003E23F00303C5F8003ED5F8043887
:10B1A000204623F00103C5F80438FDF7E3FF370517
:10B1B00005D52046FFF778FC2046FDF7C9FFB0040F
:10B1C0000CD5D5F8083813F0060FEB6823F470534C
:10B1D0000CBF43F4105343F4A053EB6031071BD56D
:10B1E0006368DB681BB9AB6923F00803AB612378A4
:10B1F000052B0CD1D5F8003E9A0705D0D5F8003EB6
:10B2000023F00303C5F8003E2046FDF7B3FF636853
:10B21000DB680BB120469847F30200F1BA80B70211
:10B2200026D5D4F8909000274FF0010A09EB471279
:10B23000D2F8003B03F44023B3F5802F11D1D2F8AC
:10B24000003B002B0DDA62890AFA07F322EA0303B6
:10B25000638104EB8703DB68DB6813B13946204662
:10B2600098470137D4F89430FFB29B689F42DDD9EC
:10B27000F00619D5D4F89000026AC2F30A1702F05A
:10B280000F0302F4F012B2F5802F00F0CA80B2F57D
:10B29000402F09D104EB8303002200F58050DB68C6
:10B2A0001B6A974240F0B0803003D5F8185835D566
:10B2B000E90303D500212046FFF746FEAA0303D584
:10B2C00001212046FFF740FE6B0303D502212046F3
:10B2D000FFF73AFE2F0303D503212046FFF734FE84
:10B2E000E80203D504212046FFF72EFEA90203D56C
:10B2F00005212046FFF728FE6A0203D506212046D5
:10B30000FFF722FE2B0203D507212046FFF71CFE84
:10B31000EF0103D508212046FFF716FE700340F128
:10B32000A780E90703D500212046FFF79FFEAA0763
:10B3300003D501212046FFF799FE6B0703D50221B3
:10B340002046FFF793FE2F0703D503212046FFF782
:10B350008DFEEE0603D504212046FFF787FEA806E2
:10B3600003D505212046FFF781FE690603D5062196
:10B370002046FFF77BFE2A0603D507212046FFF76C
:10B3800075FEEB0574D520460821BDE8F84FFFF7A0
:10B390006DBED4F890904FF0000B4FF0010AD4F836
:10B3A00094305FFA8BF79B689F423FF638AF09EB0A
:10B3B0004713D3F8002902F44022B2F5802F20D1A0
:10B3C000D3F80029002A1CDAD3F8002942F0904271
:10B3D000C3F80029D3F80029002AFBDB3946D4F84A
:10B3E0009000FFF78DFB22890AFA07F322EA030394
:10B3F000238104EB8703DB689B6813B13946204641
:10B4000098470BF1010BCAE7910701D1D0F80080F2
:10B41000072A02F101029CBF03F8018B4FEA1828AA
:10B420003FE704EB830300F58050DA68D2F818C0D8
:10B43000DCF80820DCE9001CA1EB0C0C00218F4299
:10B4400008D1DB689B699A683A449A605A683A4422
:10B450005A6029E711F0030F01D1D0F800808C4524
:10B4600001F1010184BF02F8018B4FEA1828E6E7D9
:10B47000BDE8F88F08B50348FFF774FEBDE8084043
:10B48000FFF74EBA6C65002008B50348FFF76AFE67
:10B49000BDE80840FFF744BA08660020D0F89030B5
:10B4A00003EB4111D1F8003B43F40013C1F8003B1A
:10B4B00070470000D0F8903003EB4111D1F800390B
:10B4C00043F40013C1F8003970470000D0F8903001
:10B4D00003EB4111D1F8003B23F40013C1F8003B0A
:10B4E00070470000D0F8903003EB4111D1F80039DB
:10B4F00023F40013C1F8003970470000044BDA6BE5
:10B500000243DA635A6E104358665B6E704700BFA1
:10B510000045025808B53C4B4FF0FF31D3F880206E
:10B5200062F00042C3F88020D3F8802002F000428D
:10B53000C3F88020D3F88020D3F88420C3F8841087
:10B54000D3F884200022C3F88420D3F88400D86F75
:10B5500040F0FF4040F4FF0040F4DF4040F07F0047
:10B56000D867D86F20F0FF4020F4FF0020F4DF40C0
:10B5700020F07F00D867D86FD3F888006FEA40507A
:10B580006FEA5050C3F88800D3F88800C0F30A006F
:10B59000C3F88800D3F88800D3F89000C3F890105F
:10B5A000D3F89000C3F89020D3F89000D3F894001B
:10B5B000C3F89410D3F89400C3F89420D3F89400FF
:10B5C000D3F89800C3F89810D3F89800C3F89820DF
:10B5D000D3F89800D3F88C00C3F88C10D3F88C0003
:10B5E000C3F88C20D3F88C00D3F89C00C3F89C10CF
:10B5F000D3F89C10C3F89C20D3F89C30FCF72EFAAB
:10B60000BDE8084000F0D2B90044025808B5012254
:10B61000504BC3F80821504B5A6D42F002025A6554
:10B62000DA6F42F00202DA670422DB6F4B4BDA601A
:10B630005A689104FCD54A4A1A6001229A60494A24
:10B64000DA6000221A614FF440429A61434B9A69D2
:10B650009204FCD51A6842F480721A60424B1A6F49
:10B6600012F4407F04D04FF480321A6700221A6728
:10B670001A6842F001021A603B4B1A685007FCD569
:10B6800000221A611A6912F03802FBD101211960F7
:10B690004FF0804159605A67344ADA62344A1A617D
:10B6A0001A6842F480321A602F4B1A689103FCD555
:10B6B0001A6842F480521A601A689204FCD52D4A26
:10B6C0002D499A6200225A63196301F57C01DA63FD
:10B6D00001F5E77199635A64284A1A64284ADA62C4
:10B6E0001A6842F0A8521A601F4B1A6802F02852DA
:10B6F000B2F1285FF9D148229A614FF48862DA6189
:10B7000040221A621F4ADA641F4A1A651F4A5A65A4
:10B710001F4A9A6532231F4A1360136803F00F0310
:10B72000022BFAD1104A136943F003031361136922
:10B7300003F03803182BFAD14FF00050FFF7DEFE6C
:10B740004FF08040FFF7DAFE4FF00040BDE80840C0
:10B75000FFF7D4BE0080005100450258004802584F
:10B7600000C000F004000001004402580000FF0186
:10B77000008890083220600063020901470E050826
:10B78000DD0BBF0120000020000001100910E000C7
:10B7900000010110002000524FF0B04208B5D2F86D
:10B7A000883003F00103C2F8883023B1044A1368DB
:10B7B0000BB150689847BDE80840FFF7B1B800BF2B
:10B7C000E46600204FF0B04208B5D2F8883003F0AC
:10B7D0000203C2F8883023B1044A93680BB1D068E1
:10B7E0009847BDE80840FFF79BB800BFE46600201B
:10B7F0004FF0B04208B5D2F8883003F00403C2F825
:10B80000883023B1044A13690BB150699847BDE8E9
:10B810000840FFF785B800BFE46600204FF0B04253
:10B8200008B5D2F8883003F00803C2F8883023B195
:10B83000044A93690BB1D0699847BDE80840FFF707
:10B840006FB800BFE46600204FF0B04208B5D2F8F0
:10B85000883003F01003C2F8883023B1044A136A19
:10B860000BB1506A9847BDE80840FFF759B800BFD0
:10B87000E46600204FF0B04310B5D3F8884004F4DC
:10B880007872C3F88820A30604D5124A936A0BB1D4
:10B89000D06A9847600604D50E4A136B0BB1506B03
:10B8A0009847210604D50B4A936B0BB1D06B984790
:10B8B000E20504D5074A136C0BB1506C9847A305F9
:10B8C00004D5044A936C0BB1D06C9847BDE8104086
:10B8D000FFF726B8E46600204FF0B04310B5D3F868
:10B8E000884004F47C42C3F88820620504D5164AD7
:10B8F000136D0BB1506D9847230504D5124A936D13
:10B900000BB1D06D9847E00404D50F4A136E0BB10C
:10B91000506E9847A10404D50B4A936E0BB1D06EBC
:10B920009847620404D5084A136F0BB1506F9847CB
:10B93000230404D5044A936F0BB1D06F9847BDE838
:10B940001040FEF7EDBF00BFE466002008B50348D5
:10B95000FCF730FCBDE80840FEF7E2BFF8360020F7
:10B9600008B50348FCF726FDBDE80840FEF7D8BF40
:10B970005039002008B50348FCF71CFDBDE808401D
:10B98000FEF7CEBFBC39002008B50348FCF712FD16
:10B99000BDE80840FEF7C4BF283A002008B500F013
:10B9A000B7FCBDE80840FEF7BBBF0000062108B5A4
:10B9B0000846FCF785FD06210720FCF781FD0621DE
:10B9C0000820FCF77DFD06210920FCF779FD062102
:10B9D0000A20FCF775FD06211720FCF771FD0621F2
:10B9E0002820FCF76DFD09217A20FCF769FD09216B
:10B9F0003120FCF765FD07213220FCF761FD0C21A9
:10BA00002620FCF75DFD0C212720FCF759FD0C21B9
:10BA10005220BDE80840FCF753BD000008B5FFF711
:10BA200079FD00F043FCFDF72BF9FDF7C9F8FDF7B0
:10BA300001FBFDF7D3F9FEF791F9BDE8084000F0EE
:10BA400029BA000030B50433039C0172002104FBC5
:10BA50000325C160C0E90653049B0363059BC0E94D
:10BA60000000C0E90422C0E90842C0E90A114363AA
:10BA700030BD00000022416AC260C0E90411C0E983
:10BA80000A226FF00101FDF7E3BE0000D0E90432A5
:10BA9000934201D1C2680AB9181D7047002070474F
:10BAA000036919600021C2680132C260C26913448F
:10BAB00082699342036124BF436A0361FDF7BCBE00
:10BAC00038B504460D46E3683BB162690020131D9A
:10BAD0001268A3621344E36207E0237A33B929466C
:10BAE0002046FDF799FE0028EDDA38BD6FF0010021
:10BAF000FBE70000C368C269013BC36043691344AC
:10BB000082699342436124BF436A43610023836295
:10BB1000036B03B11847704770B53023044683F3B5
:10BB20001188866A3EB9FFF7CBFF054618B186F348
:10BB30001188284670BDA36AE26A13F8015B93423C
:10BB4000A36202D32046FFF7D5FF002383F31188B9
:10BB5000EFE700002DE9F84F04460E4617469846D9
:10BB60004FF0300989F311880025AA46D4F828B08F
:10BB7000BBF1000F09D141462046FFF7A1FF20B1DC
:10BB80008BF311882846BDE8F88FD4E90A12A7EB99
:10BB9000050B521A934528BF9346BBF1400F1BD9A2
:10BBA000334601F1400251F8040B914243F8040B73
:10BBB000F9D1A36A403640354033A362D4E90A2361
:10BBC0009A4202D32046FFF795FF8AF31188BD42BF
:10BBD000D8D289F31188C9E730465A46F6F752FBA6
:10BBE000A36A5E445D445B44A362E7E710B5029C30
:10BBF0000433017203FB0421C460C0E9061300236F
:10BC0000C0E90A33039B0363049BC0E90000C0E959
:10BC10000422C0E90842436310BD0000026A6FF0CD
:10BC20000101C260426AC0E904220022C0E90A227E
:10BC3000FDF70EBED0E904239A4201D1C26822B9B1
:10BC4000184650F8043B0B60704700231846FAE78B
:10BC5000C3680021C2690133C36043691344826928
:10BC60009342436124BF436A4361FDF7E5BD000091
:10BC700038B504460D46E3683BB1236900201A1D20
:10BC8000A262E2691344E36207E0237A33B92946EA
:10BC90002046FDF7C1FD0028EDDA38BD6FF0010048
:10BCA000FBE7000003691960C268013AC260C2691B
:10BCB000134482699342036124BF436A03610023F2
:10BCC0008362036B03B118477047000070B53023DF
:10BCD0000D460446114683F31188866A2EB9FFF794
:10BCE000C7FF10B186F3118870BDA36A1D70A36AE7
:10BCF000E26A01339342A36204D3E1692046043926
:10BD0000FFF7D0FF002080F31188EDE72DE9F84F11
:10BD100004460D46904699464FF0300A8AF3118842
:10BD20000026B346A76A4FB949462046FFF7A0FF51
:10BD300020B187F311883046BDE8F88FD4E90A07AF
:10BD40003A1AA8EB0607974228BF1746402F1BD97F
:10BD500005F1400355F8042B9D4240F8042BF9D11E
:10BD6000A36A40364033A362D4E90A239A4204D33B
:10BD7000E16920460439FFF795FF8BF311884645AA
:10BD8000D9D28AF31188CDE729463A46F6F77AFAEE
:10BD9000A36A3D443E443B44A362E5E7D0E9042363
:10BDA0009A4217D1C3689BB1836A8BB1043B9B1A3B
:10BDB0000ED01360C368013BC360C3691A44836932
:10BDC0009A42026124BF436A036100238362012314
:10BDD000184670470023FBE701F01F03F0B502F09F
:10BDE0001F0456095A1C0123B6EB511F50F8265068
:10BDF00003FA02F34FEA511703F1FF333DBF50F846
:10BE00002720C4F12000134003EA05003BBF03FADA
:10BE100000F225FA04F0E0401043F0BD70B57E2238
:10BE20007F210546FFF7D8FF18B1012819D000205F
:10BE300070BD3E2249212846FFF7CEFF2F2204463F
:10BE400031212846FFF7C8FF06460134502202364A
:10BE500053212846B440FFF7BFFF093804FA00F029
:10BE6000E6E7302245212846FFF7B6FF0130800281
:10BE7000DEE7000090F8D63090F8D7201B0403EBE3
:10BE8000026390F8D42090F8D500134403EB00200F
:10BE90007047000000F018BA014B586A704700BFA5
:10BEA000000C0040034B002258631A610222DA6042
:10BEB000704700BF000C0040014B0022DA60704761
:10BEC000000C0040014B5863704700BF000C00405D
:10BED000024B034A1A60034A5A607047BC6600204E
:10BEE0006867002000000220074B494210B55C68DB
:10BEF000201A08401968821A8A4203D3A24201D844
:10BF00005A6010BD0020FCE7BC66002008B5302355
:10BF100083F31188FFF7E8FF002383F3118808BD3E
:10BF20000448054B03600023C0E901330C3000F0E6
:10BF300017B900BFC46600200DBF0008CB1D083A2A
:10BF400023F00703591A521A10B4D2080024C0E98A
:10BF5000004384600C301C605A605DF8044B00F0B4
:10BF6000FFB800002DE9F74F364FCD1D8846002859
:10BF700018BF0746082A4FEAD50538BF082207F13F
:10BF80000C003C1D9146019000F02CF9019809F13C
:10BF90000701C9F1000E2246246864B900F02CF9AB
:10BFA0003B68CBB308224946E8009847044698B35B
:10BFB00040E9027830E004EB010CD4F804A00CEA6C
:10BFC0000E0C0AF10106ACF1080304EBC6069E4212
:10BFD000E1D9A6EB0C0CB5EBEC0F4FEAEC0BDAD881
:10BFE0009C421DD204F10802AB45A3EB02024FEACA
:10BFF000E202626009D9691CED4303EBC1025D44B2
:10C000005560256843F8315022601C46C3F804800F
:10C0100044F8087B00F0F0F8204603B0BDE8F08F4C
:10C02000AA45216802D111602346EEE7013504EBF1
:10C03000C50344F8351003F10801761AF6105E6066
:10C040001360F1E7C466002073B50446A0F108054B
:10C0500050F8080C54F8043C061D0C3007330190CE
:10C06000DB0844F8043C00F0BDF8334601989E42DA
:10C070001A6801D0AB4228D20AB1954225D244F8C1
:10C08000082C54F8042C1D60013254F8081C05EBF0
:10C09000C206B14206D14E68324444F8042C0A6804
:10C0A00044F8082C5E68711C03EBC1018D4207D176
:10C0B00054F8042C013232445A6054F8082C1A60A7
:10C0C00002B0BDE8704000F097B81346CFE700001B
:10C0D000FEE7000070B51E4B0025044686B0586090
:10C0E0000E4605638163FEF7F3FB04F12803A560A8
:10C0F0006563C4E90A3304F11003C4E904334FF063
:10C10000FF33C4E90044C4E90635FFF7C5FE2B46FA
:10C11000024604F13C012046C4E9082380230D4A6D
:10C120006567FDF7F3FA7368E0600B4A0362012369
:10C13000009280F824306846F26801923269CDE9B5
:10C140000223064BCDE90435FDF714FB06B070BDA4
:10C150004049002010D7000808D70008D1C00008C7
:10C160000023C0E9000083600361704770B51C4B79
:10C1700005468468DE685CB3B44213D103690133B9
:10C18000036170BDA36094F8243083B1062B15D1F0
:10C19000A06A2146D4E9003213605A60FDF722FA02
:10C1A000A36A9C68B368A2689A42EBD306E0D4E91C
:10C1B0000032204613605A60FDF724FA28463146C3
:10C1C000FDF710FAB5620620BDE87040FDF71CBA15
:10C1D0000369866001330361336BC3603063D0E76A
:10C1E0009846002008B5302383F31188FFF7BEFF7F
:10C1F000002383F3118808BD194BD96883688B42EB
:10C2000010B520D1302383F311880269013A02610D
:10C21000B2B90468C368A0420B631ED04A6B9BB9D5
:10C2200001238A60036103681A68026050601A6B18
:10C230008360C26018631846FDF7E4F9FDF734FA2D
:10C24000002383F3118810BD1C68A34203D0A468A7
:10C25000A24238BF2246DB68E1E78260F0E700BF18
:10C2600098460020024A536B18435063704700BF42
:10C270009846002038B5EFF311859DB9EFF305849A
:10C28000C4F30804302334B183F31188FDF718FC9C
:10C2900085F3118838BD83F31188FDF711FC84F311
:10C2A000118838BDBDE83840FDF70ABC0023054AB7
:10C2B00019460133102BC2E9001102F10802F8D12E
:10C2C000704700BFE46600200E4B9A6C42F00802F3
:10C2D0009A641A6F42F008021A670B4A1B6FD36BFD
:10C2E00043F00803D363C722084B9A624FF0FF3232
:10C2F000DA6200229A615A63DA605A6001225A6156
:10C300001A607047004502580010005C000C0040A5
:10C31000094A08B51169D3680B40D9B29B076FEA87
:10C320000101116107D5302383F31188FDF7E2F98C
:10C33000002383F3118808BD000C004010B50139BB
:10C340000244904201D1002005E0037811F8014F2A
:10C35000A34201D0181B10BD0130F2E72DE9F041D6
:10C36000A3B1C91A17780144044603F1FF3C8C427B
:10C37000204601D9002009E00578BD4204F10104FE
:10C38000F5D10CEB0405D618A54201D1BDE8F0812A
:10C3900015F8018D16F801EDF045F5D0E7E700003E
:10C3A000884210B501EB020402D98442234607D823
:10C3B000431EA14208D011F8012B03F8012FF8E722
:10C3C000024401468A4200D110BD13F8014D02F823
:10C3D000014DF7E7C9B2034610F8012B1AB18A42A2
:10C3E000F9D118467047002918BF0023F9E700006B
:10C3F000034611F8012B03F8012B002AF9D17047ED
:10C4000010B50139034632B111F8014F03F8014B61
:10C41000013A002CF7D11A440021934200D110BDFB
:10C4200003F8011BF9E70000426164206669726D40
:10C43000776172652C2073746179696E6720696E0B
:10C4400020626F6F746C6F616465720A0000000097
:10C45000F09F9AA820424F4F5420424C4F434B45E7
:10C46000443A20465720564552494649434154498B
:10C470004F4E204641494C45440A00000A426F6F26
:10C48000746C6F6164657220737461727465642E7C
:10C490002E2E0A0057616974696E67203320736518
:10C4A000636F6E647320666F72207465726D696E5F
:10C4B000616C2E2E2E0A005374617274696E6720AF
:10C4C000696E2025642E2E2E0A000A3D3D3D205324
:10C4D000454355524520424F4F54205354415254E6
:10C4E000203D3D3D0A00E29D8C205349474E41547A
:10C4F00055524520564552494649434154494F4EAD
:10C50000204641494C45440A00E29C852053494756
:10C510004E41545552452056455249464945440AD4
:10C52000000A3D3D3D20504F5354205665726966C8
:10C5300069636174696F6E20537461727473203D16
:10C540003D3D0A00526567697374657265642043F6
:10C550006865636B73756D73206163636573736581
:10C5600064207375636365737366756C6C790A0018
:10C570000A2D2D2D20465720564552494659202D2B
:10C580002D2D0A00436865636B73756D20566572C7
:10C59000696669636174696F6E20696E2050726F9D
:10C5A00067726573732E2E2E0A00E29D8C205265F1
:10C5B000676973746572656420436865636B73753E
:10C5C0006D7320696E76616C69640A00E29D8C204F
:10C5D000436F646520436865636B73756D204D69B7
:10C5E000736D617463680A00E29C8520436F646523
:10C5F00020436865636B73756D2056657269666963
:10C6000065640A00E29EA1EFB88F204A756D7069DB
:10C610006E6720746F206170706C69636174696FFC
:10C620006E2E2E2E0A0000004D4435002F617264DC
:10C630007570696C6F742E6162696E002F6172642F
:10C640007570696C6F742D7665726966792E61629A
:10C65000696E002F6172647570696C6F742D666C01
:10C660006173682E6162696E002F61726475706912
:10C670006C6F742D666C61736865642E6162696E9F
:10C68000000000000000000000000000F911000898
:10C690009512000845140008CD1200088D120008FC
:10C6A0000000000000000000F5110008A1120008C1
:10C6B0007D140008F1110008FD110008982F8A422E
:10C6C00091443771CFFBC0B5A5DBB5E95BC25639E4
:10C6D000F111F159A4823F92D55E1CAB98AA07D8FC
:10C6E000015B8312BE853124C37D0C55745DBE721F
:10C6F000FEB1DE80A706DC9B74F19BC1C1699BE49F
:10C700008647BEEFC69DC10FCCA10C246F2CE92D2E
:10C71000AA84744ADCA9B05CDA88F97652513E9852
:10C720006DC631A8C82703B0C77F59BFF30BE0C659
:10C730004791A7D55163CA0667292914850AB727E7
:10C7400038211B2EFC6D2C4D130D385354730A6584
:10C75000BB0A6A762EC9C281852C7292A1E8BFA25B
:10C760004B661AA8708B4BC2A3516CC719E892D1C3
:10C77000240699D685350EF470A06A1016C1A41946
:10C78000086C371E4C774827B5BCB034B30C1C3945
:10C790004AAAD84E4FCA9C5BF36F2E68EE828F7404
:10C7A0006F63A5781478C8840802C78CFAFFBE901E
:10C7B000EB6C50A4F7A3F9BEF27871C653544D3315
:10C7C0003248373F3F3F0053544D33324837337878
:10C7D0002F3732780053544D3332483734332F37A4
:10C7E00035332F373530000001105A00031059003F
:10C7F000012058000320560041A3E5F26569920725
:10C800000040A2E4F164689106000000E5760000B3
:10C8100000000000EDD3F55C1A631258D69CF7A215
:10C82000DEF9DE140000000000000000000000003F
:10C8300000000010B67859FF8572D300BD6E15FF59
:10C840000F0A6A0029C0010098E879FFBC3CA0FFEC
:10C850009971CEFF00B7E2FEB40D48FF59F1B2FE68
:10C860000AE5A6FF7BDD2AFE1E14D40052800300D9
:10C8700030D1F300777940FF32E39CFF006EC501B1
:10C88000671B900008C9BCF367E6096A3BA7CA8426
:10C8900085AE67BB2BF894FE72F36E3CF1361D5FDC
:10C8A0003AF54FA5D182E6AD7F520E511F6C3E2B5B
:10C8B0008C68059B6BBD41FBABD9831F79217E132F
:10C8C00019CDE05BB0A00EFED3C986FF9E188F0085
:10C8D0007F693500600CBD00A7D7FBFF9F4C80FE31
:10C8E0006A65E1FF1EFC0400920CAE00853B8C01E2
:10C8F000BDF124FFF825C30160DC3700B74C3EFFD3
:10C90000C3423D00324CA401E1A44CFF4C3DA3FFC7
:10C91000753E1F00519140FF76410E00A273D6FF75
:10C92000068A2E007CE6F4FF0A8A8F00341AC200C1
:10C93000B8F44C00818F2901BEF413FF7BAA7AFF63
:10C940006281440079D5930056651EFFA1679B0064
:10C950008C5943FFEFE5BE01430BB500C6F089FEDD
:10C96000EE45BCFF4397EE00132A6CFFE5557101BD
:10C97000324487FF116A0900326701FF5001A801A4
:10C9800023981EFF10A8B9013859E8FF65D2FC00B2
:10C9900029FA4700CCAA4FFF0E2EEFFF504DEF00B3
:10C9A000BDD64BFF118DF90026504CFFBE557500CA
:10C9B00056E4AA009CD8D001C3CFA4FF96424CFFF6
:10C9C000AFE110FF8D5062014CDBF200C6A2720095
:10C9D0002EDA98009B2BF1FE9BA068FF33BBA500CD
:10C9E0000211AF004254A001F73A1E00234135FE68
:10C9F00045ECBF002D86F501A37BDD00206E14FF02
:10CA00003417A500BAD64700E9B06000F2EF36014E
:10CA100039598A00530054FF88A064005C8E78FE68
:10CA2000687CBE00B5B13EFFFA29550098822A0104
:10CA300060FCF60097973FFEEF853E0020389C0093
:10CA40002DA7BDFF8E85B3018356D300BBB396FEE1
:10CA5000FAAA0EFFD2A34E0025349700634D1A00A8
:10CA6000EE9CD5FFD5C0D101492E540014412901B7
:10CA700036CE4F00C98392FEAA6F18FFB12132FE55
:10CA8000AB26CBFF4EF77400D1DD99008580B20153
:10CA90003A2C1900C9273B01BD13FC0031E5D20136
:10CAA00075BB7500B5B3B8010072DB00305E930052
:10CAB000F52938007D0DCCFEF4AD77002CDD20FE8D
:10CAC00054EA1400F9A0C601EC7EEAFF2F63A8FE29
:10CAD000AAE299FF66B3D800E28D7AFF7A4299FE06
:10CAE000B6F58600E3E41901D639EBFFD8AD38FF7F
:10CAF000B5E7D20077809DFF815F88FF6E7E3300AF
:10CB000002A9B7FF078262FE45B05EFF7404E3012D
:10CB1000D9F291FFCAAD1F01690127FF2EAF450071
:10CB2000E42F3AFFD7E045FECF3845FF10FE8BFFDC
:10CB300017CFD4FFCA147EFF5FD560FF09B0210074
:10CB4000C805CFFFF12A80FE2321C0FFF8E5C4010C
:10CB500081117800FB6797FF073470FF8C3842FF24
:10CB600028E2F5FFD94625FEACD609FF48438601E9
:10CB700092C0D6FF2C26700044B84BFFCE5AFB0063
:10CB800095EB8D00B5AA3A0074F4EF005C9D0200AD
:10CB900066AD6200E98960017F31CB00059B94009E
:10CBA000179409FFD37A0C0022861AFFDBCC880089
:10CBB000860829FFE0532BFE5519F7006D7F00FE14
:10CBC000A9883000EE77DBFFE7ADD500CE12FEFE80
:10CBD00008BA07FF7E0907016F2A48006F34ECFE90
:10CBE000603F8D0093BF7FFECD4EC0FF0E6AED010A
:10CBF000BBDB4C00AFF3BBFE6959AD0055195901C1
:10CC0000A2F394000276D1FE219E09008BA32EFF91
:10CC10005D4628006C2A8EFE6FFC8EFF9BDF900025
:10CC200033E5A7FF49FC9BFF5E740CFF98A0DAFF79
:10CC30009CEE25FFB3EACFFFC500B3FF9AA48D0099
:10CC4000E1C468000A2319FED1D4F2FF61FDDEFEC3
:10CC5000B865E500DE127F01A48887FF1ECF8CFE39
:10CC60009261F30081C01AFEC95421FF6F0A4EFF82
:10CC70009351B2FF04041800A1EED7FF068D2100E6
:10CC800035D70EFF29B5D0FFE78B9D00B3CBDDFF75
:10CC9000FFB97100BDE2ACFF7142D6FFCA3E2DFF65
:10CCA000664008FF4EAE10FE857544FF000102038A
:10CCB0000405060708090A0B0C0D0E0F0E0A0408DE
:10CCC000090F0D06010C00020B0705030B080C00F1
:10CCD00005020F0D0A0E03060701090407090301E7
:10CCE0000D0C0B0E0206050A04000F0809000507CB
:10CCF00002040A0F0E010B0C0608030D020C060AB3
:10CD0000000B0803040D07050F0E01090C05010FA8
:10CD10000E0D040A000706030902080B0D0B070E8F
:10CD20000C01030905000F040806020A060F0E098C
:10CD30000B0300080C020D0701040A050A0208048F
:10CD4000070601050F0B090E030C0D00000102037D
:10CD50000405060708090A0B0C0D0E0F0E0A04083D
:10CD6000090F0D06010C00020B0705031B132C0A0B
:10CD7000A3E59CEDA72963085D210621EBFFFFFFDA
:10CD8000FFFFFFFFFFFFFFFFFFFFFFFF0F000000A0
:10CD90008949000835480008B54800085D49000881
:10CDA000600100002F0000005375636365737366B4
:10CDB000756C6C79206D6F756E7465642053444397
:10CDC0006172642028736C6F77646F776E3D257590
:10CDD000290A0000EB769045584641542020200057
:10CDE0004641543332202020000000002A3A3C3EC5
:10CDF0007C223F7F002B2C3B3D5B5D004355454132
:10CE00004141414345454549494941414592924F38
:10CE10004F4F5555594F554F9C4F9E9F41494F5528
:10CE2000A5A5A6A7A8A9AAABACADAEAFB0B1B2B349
:10CE3000B4414141B8B9BABBBCBDBEBFC0C1C2C399
:10CE4000C4C54141C8C9CACBCCCDCECFD1D145454F
:10CE50004549494949D9DADBDCDD49DF4FE14F4F2C
:10CE60004F4FE6E8E85555555959EEEFF0F1F2F31A
:10CE7000F4F5F6F7F8F9FAFBFCFDFEFF01030507F0
:10CE8000090E10121416181C1E00000061001A036F
:10CE9000E0001703F8000703FF000100780100011C
:10CEA000300132010601390110014A012E017901D8
:10CEB000060180014D00430281018201820184014B
:10CEC000840186018701870189018A018B018B0119
:10CED0008D018E018F0190019101910193019401C7
:10CEE000F60196019701980198013D029B019C0172
:10CEF0009D0120029F01A001A001A201A201A401A5
:10CF0000A401A601A701A701A901AA01AB01AC01D7
:10CF1000AC01AE01AF01AF01B101B201B301B30188
:10CF2000B501B501B701B801B801BA01BB01BC0137
:10CF3000BC01BE01F701C001C101C201C301C401AE
:10CF4000C501C401C701C801C701CA01CB01CA019B
:10CF5000CD011001DD0101008E01DE011201F3019E
:10CF60000300F101F401F401F80128012202120189
:10CF70003A020900652C3B023B023D02662C3F024F
:10CF800040024102410246020A015302400081016F
:10CF90008601550289018A0158028F015A029001C7
:10CFA0005C025D025E025F02930161026202940113
:10CFB0006402650266026702970196016A02622CAA
:10CFC0006C026D026E029C01700271029D0173027F
:10CFD00074029F0176027702780279027A027B025C
:10CFE0007C02642C7E027F02A60181028202A901DA
:10CFF0008402850286028702AE014402B101B201B9
:10D0000045028D028E028F0290029102B7017B03CE
:10D010000300FD03FE03FF03AC0304008603880343
:10D0200089038A03B1031103C2030200A303A3030C
:10D03000C4030803CC0303008C038E038F03D803BF
:10D040001801F2030A00F903F303F403F503F603EE
:10D05000F703F703F903FA03FA033004200350043B
:10D060001007600422018A043601C1040E01CF04B6
:10D070000100C004D0044401610526040000000042
:10D080007D1D0100632C001E9601A01E5A01001F89
:10D090000806101F0606201F0806301F0806401F3E
:10D0A0000606511F0700591F521F5B1F541F5D1FAB
:10D0B000561F5F1F601F0806701F0E00BA1FBB1FA0
:10D0C000C81FC91FCA1FCB1FDA1FDB1FF81FF91F9C
:10D0D000EA1FEB1FFA1FFB1F801F0806901F0806A0
:10D0E000A01F0806B01F0400B81FB91FB21FBC1F45
:10D0F000CC1F0100C31FD01F0206E01F0206E51F60
:10D100000100EC1FF31F0100FC1F4E210100322122
:10D1100070211002842101008321D0241A05302CB3
:10D120002F04602C0201672C0601752C0201802C53
:10D130006401002D260841FF1A030000C700FC000F
:10D14000E900E200E400E000E500E700EA00EB00AF
:10D15000E800EF00EE00EC00C400C500C900E600E6
:10D16000C600F400F600F200FB00F900FF00D60054
:10D17000DC00F800A300D800D7009201E100ED0028
:10D18000F300FA00F100D100AA00BA00BF00AE001F
:10D19000AC00BD00BC00A100AB00BB0091259225F6
:10D1A000932502252425C100C200C000A9006325E3
:10D1B000512557255D25A200A500102514253425ED
:10D1C0002C251C2500253C25E300C3005A255425A9
:10D1D00069256625602550256C25A400F000D00047
:10D1E000CA00CB00C8003101CD00CE00CF00182509
:10D1F0000C2588258425A600CC008025D300DF00DF
:10D20000D400D200F500D500B500FE00DE00DA0043
:10D21000DB00D900FD00DD00AF00B400AD00B100BF
:10D220001720BE00B600A700F700B800B000A800A5
:10D23000B700B900B300B200A025A000286E756C3D
:10D240006C290000000000006D7700084577000899
:10D25000F5760008117700082D77000810000240CD
:10D26000080002400008024000000B0028000240B5
:10D27000080002400408024006010C004000024081
:10D28000080002400808024010020D005800024049
:10D29000080002400C08024016030E007000024015
:10D2A0000C0002401008024000040F0088000240F9
:10D2B0000C0002401408024006051000A0000240C5
:10D2C0000C0002401808024010061100B80002408D
:10D2D0000C0002401C08024016072F0010040240F8
:10D2E00008040240200802400008380028040240D8
:10D2F00008040240240802400609390040040240A4
:10D300000804024028080240100A3A00580402406B
:10D31000080402402C080240160B3B007004024037
:10D320000C04024030080240000C3C00880402401B
:10D330000C04024034080240060D4400A0040240E0
:10D340000C04024038080240100E4500B8040240A8
:10D350000C0402403C080240160F46000100000089
:10D360000000000000960000000000000000000027
:10D3700000000000000000000000000000000000AD
:10D38000559D0008599D0008558800088D8B0008A0
:10D39000E98700081188000839880008D18700084B
:10D3A00000000000418C00082D8C0008698C0008EA
:10D3B000558C0008618C00084D8C0008398C0008E1
:10D3C000258C0008758C000800000000598D0008AD
:10D3D000458D0008818D00086D8D0008798D00084D
:10D3E000658D0008518D00083D8D00088D8D000869
:10D3F0000000000001000000000000006330000099
:10D40000FCD30008000000000000000010470020CE
:10D41000404900200000812A00000000AAAAAAAA10
:10D4200000000024FFFE00000000000000A00A0031
:10D430000001000000000000AAAAAAAA0000000043
:10D44000FFFF000000000000000000001400AA56CA
:10D4500000000000AAAAAAAA14005554FFFF000069
:10D4600000000000CCCC0C0020681A000000000076
:10D47000AAAA8AAA10541500FFFF0000000C70072A
:10D48000770000004081020100100000AAAAAAAAA9
:10D4900000410100F7FF00000000007007000000DD
:10D4A0000000000000000000AAAAAAAA00000000D4
:10D4B000FFFF00000000000000000000000000006E
:10D4C00000000000AAAAAAAA00000000FFFF0000B6
:10D4D000000000000000000000000000000000004C
:10D4E000AAAAAAAA00000000FFFF00000000000096
:10D4F000000000000000000000000000AAAAAAAA84
:10D5000000000000FFFF000000000000000000001D
:10D510000000000000000000AAAAAAAA0000000063
:10D52000FFFF0000000000000000000000000000FD
:10D5300000000000AAAAAAAA00000000FFFF000045
:10D5400000000000000000004375626550696C6FC8
:10D550007400437562654F72616E67652B2D53656C
:10D56000637572652D424C2D76313000255345523E
:10D5700049414C25000000000200000000000000AE
:10D58000798F0008E98F000840004000F06100201A
:10D590000062002002000000000000000300000004
:10D5A00000000000319000080000000010000000A2
:10D5B00010620020000000000100000000000000D8
:10D5C0006C65002001010200519E0008619D000869
:10D5D000FD9D0008E19D000843000000E0D5000823
:10D5E00009024300020100C03209040000010202E6
:10D5F0000100052400100105240100010424020299
:10D600000524060001070582030800FF0904010044
:10D61000020A000000070501024000000705810220
:10D6200040000000120000002CD60008120110017A
:10D6300002000040AE2D581000020102030100005C
:10D640000403090425424F41524425004375626595
:10D650004F72616E6765506C7573003031323334D0
:10D6600035363738394142434445460000000020F2
:10D670000000020002000000000000300000040072
:10D680000800000000000024000008000400000062
:10D690000004000000FC0000020000000000043054
:10D6A00000800000080000000000003800000100B9
:10D6B000010000001F1C1F1E1F1E1F1F1E1F1E1FFC
:10D6C0001F1D1F1E1F1E1F1F1E1F1E1F00000000EC
:10D6D0008D91000845940008F19400084000400036
:10D6E000A4660020A466002001000000B4660020AB
:10D6F0008000000040010000080000000001000060
:10D70000001000000800000069646C650000000063
:10D710006D61696E002C0438040438080C10141C68
:10D7200020242526000000000000640401000400FD
:10D7300000000000000C001028303400742EFF7F21
:10D7400001000000000000002704000000000000AD
:10D7500000001E0000000000FF00000048490020FB
:10D7600050390020BC390020283A00200000000079
:10D77000BCC7000883040000C7C7000850040000AD
:10D78000D5C700080100000000000000009600005E
:10D7900000000800960000000008000004000000DF
:10D7A00040D600080000000000000000000000005B
:0CD7B0000000000000000000000000006D
:00000001FF
