:020000040800F2
:1000000000060020290400082B0400082B04000827
:100010002B0400082B0400082B0400082B04000804
:100020002B0400082B0400082B040008BDA80008BE
:100030002B0400082B0400082B0400082B040008E4
:100040002B0400082B0400082B0400082B040008D4
:100050002B0400082B040008C9B70008F5B70008F6
:1000600021B800084DB8000879B80008BD7700082D
:10007000E5770008117800083D78000869780008E5
:1000800091780008BD7800082B0400082B040008B4
:100090002B0400082B0400082B040008A5B8000856
:1000A0002B0400082B0400082B0400082B04000874
:1000B0002B0400082B0400082B0400082B04000864
:1000C0002B0400082B0400082B0400082B04000854
:1000D0002B0400082B04000891B90008A5B90008FA
:1000E00009B900082B0400082B0400082B040008A1
:1000F0002B0400082B0400082B040008E9780008F2
:100100002B0400087DB90008CDB900082B040008B5
:100110002B0400082B0400082B0400082B04000803
:10012000157900083D79000869790008957900087B
:10013000C17900082B0400082B0400082B040008D8
:100140002B0400082B0400082B0400082B040008D3
:10015000E9790008157A0008417A00082B040008A4
:100160002B0400082B0400082B0400082B040008B3
:100170002B040008A9B400082B0400082B04000875
:100180002B0400082B040008B9B900082B04000850
:100190002B0400082B0400082B0400082B04000883
:1001A0002B0400082B0400082B0400082B04000873
:1001B0002B0400082B0400082B0400082B04000863
:1001C0002B0400082B0400082B0400082B04000853
:1001D0002B04000895B400082B0400082B04000829
:1001E0002B0400082B0400082B0400082B04000833
:1001F0002B0400082B0400082B0400082B04000823
:100200002B0400082B0400082B0400082B04000812
:100210002B0400082B0400082B0400082B04000802
:100220002B0400082B0400082B0400082B040008F2
:100230002B0400082B0400082B0400082B040008E2
:100240002B0400082B0400082B0400082B040008D2
:100250002B0400082B0400082B0400082B040008C2
:100260002B0400082B0400082B0400082B040008B2
:100270002B0400082B0400082B0400082B040008A2
:100280002B0400082B0400082B0400082B04000892
:100290002B0400082B0400082B0400082B04000882
:1002A0002B0400082B0400082B0400082B04000872
:1002B0002B0400082B0400082B0400082B04000862
:1002C0002B0400082B0400082B0400082B04000852
:1002D0002B0400082B0400082B0400082B04000842
:1002E0004ECF4EA5A6B6F729B27347917F7A17D0A5
:1002F0003EFC84A9A4766B7358E33E8DE330D37E35
:100300008363D3A0A8564A005896DBA5B8CECFFC8D
:100310008C0772719EFAB24D4227090759712B64FE
:10032000034AA19F695D84F25FC8DD56AC4821494C
:1003300082B8C4A2F08853678D159175B481B45CFE
:10034000CF332D752821A822A93E03877B18A91A2F
:10035000CAF39D33301142505D1C612B9EAE998EC5
:10036000A883E964A16EF7390000000000000000D6
:10037000000000000000000000000000000000007D
:10038000000000000000000000000000000000006D
:10039000000000000000000000000000000000005D
:1003A000000000000000000000000000000000004D
:1003B000000000000000000000000000000000003D
:1003C000000000000000000000000000000000002D
:1003D000000000000000000000000000000000001D
:1003E000000000000000000000000000000000000D
:1003F00000000000000000000000000000000000FD
:1004000000000000000000000000000000000000EC
:1004100000000000000000000000000000000000DC
:10042000000000000000000002E000F000F8FEE71D
:1004300072B6374880F30888364880F30988364812
:100440003649086040F20000CCF200004EF63471EC
:10045000CEF200010860BFF34F8FBFF36F8F40F201
:100460000000C0F2F0004EF68851CEF200010860A4
:10047000BFF34F8FBFF36F8F4FF00000E1EE100A14
:100480004EF63C71CEF200010860062080F314881D
:10049000BFF36F8F0AF074FA09F0DAFB4FF05530B2
:1004A0001F491B4A91423CBF41F8040BFAE71D4922
:1004B000184A91423CBF41F8040BFAE71A491B4A1B
:1004C0001B4B9A423EBF51F8040B42F8040BF8E76D
:1004D00000201849184A91423CBF41F8040BFAE742
:1004E0000AF08CFA09F038FC144C154DAC4203DAD2
:1004F00054F8041B8847F9E700F0C4F9114C124D79
:10050000AC4203DA54F8041B8847F9E70AF074BADE
:1005100000060020002200200000000808ED00E096
:10052000000000200006002078D7000800220020EC
:10053000742200207822002064670020E002000876
:10054000E0020008E0020008E00200082DE9F04F98
:100550002DED108AC1F80CD0D0F80CD0BDEC108A6B
:10056000BDE8F08F002383F311882846A0470020C0
:1005700009F050F9FEE709F0A9F800DFFEE70000F6
:1005800053B94AB9002908BF00281CBF4FF0FF31FA
:100590004FF0FF3000F074B9ADF1080C6DE904CEF6
:1005A00000F006F8DDF804E0DDE9022304B070474E
:1005B0002DE9F047089D04468E46002B4DD18A4216
:1005C000944669D9B2FA82F252B101FA02F3C2F149
:1005D000200120FA01F10CFA02FC41EA030E9440DA
:1005E0004FEA1C48210CBEFBF8F61FFA8CF708FBFB
:1005F00016E341EA034306FB07F199420AD91CEBD3
:10060000030306F1FF3080F01F81994240F21C8104
:10061000023E63445B1AA4B2B3FBF8F008FB10334C
:1006200044EA034400FB07F7A7420AD91CEB040481
:1006300000F1FF3380F00A81A74240F20781644451
:10064000023840EA0640E41B00261DB1D4400023D6
:10065000C5E900433146BDE8F0878B4209D9002D3A
:1006600000F0EF800026C5E9000130463146BDE8C4
:10067000F087B3FA83F6002E4AD18B4202D382422E
:1006800000F2F980841A61EB030301209E46002DDD
:10069000E0D0C5E9004EDDE702B9FFDEB2FA82F232
:1006A000002A40F09280A1EB0C014FEA1C471FFA90
:1006B0008CFE0126200CB1FBF7F307FB131140EA77
:1006C00001410EFB03F0884208D91CEB010103F144
:1006D000FF3802D2884200F2CB804346091AA4B206
:1006E000B1FBF7F007FB101144EA01440EFB00FEDA
:1006F000A64508D91CEB040400F1FF3102D2A6453F
:1007000000F2BB800846A4EB0E0440EA03409CE7DD
:10071000C6F12007B34022FA07FC4CEA030C20FA8A
:1007200007F401FA06F31C43F9404FEA1C4900FAAA
:1007300006F3B1FBF9F8200C1FFA8CFE09FB181127
:1007400040EA014108FB0EF0884202FA06F20BD99A
:100750001CEB010108F1FF3A80F08880884240F2EA
:100760008580A8F102086144091AA4B2B1FBF9F02E
:1007700009FB101144EA014100FB0EFE8E4508D929
:100780001CEB010100F1FF346CD28E456AD90238AE
:10079000614440EA0840A0FB0294A1EB0E01A14293
:1007A000C846A64656D353D05DB1B3EB080261EB01
:1007B0000E0101FA07F722FA06F3F1401F43C5E9DB
:1007C000007100263146BDE8F087C2F12003D84011
:1007D0000CFA02FC21FA03F3914001434FEA1C4753
:1007E0001FFA8CFEB3FBF7F007FB10360B0C43EA45
:1007F000064300FB0EF69E4204FA02F408D91CEBF5
:10080000030300F1FF382FD29E422DD902386344F2
:100810009B1B89B2B3FBF7F607FB163341EA034192
:1008200006FB0EF38B4208D91CEB010106F1FF38E1
:1008300016D28B4214D9023E6144C91A46EA0046D8
:1008400038E72E46284605E70646E3E61846F8E66A
:100850004B45A9D2B9EB020864EB0C0E0138A3E7B3
:100860004646EAE7204694E74046D1E7D0467BE794
:10087000023B614432E7304609E76444023842E70C
:10088000704700BF38B501F013FC01F0E3FD09F03B
:1008900003FF05460AF008F8044628BB144B9D42A6
:1008A00024D001339D4241F2883504BF0124002544
:1008B00001F0E2FE38B10025032000F07FF80D487A
:1008C0002C4601F0BBFC002009F0F0FE0CB100F05A
:1008D00045F901F05FFD00F0FDFD08B100F03EF9C3
:1008E000284600F0F3F9F9E70025E1E70546DFE7E0
:1008F000010007B064C40008064D074C054808B560
:1009000001F09CFC284601F099FC204608F088FF85
:10091000F8E700BF8CC4000840420F0008B501F0A2
:1009200093FBA0F120035842584108BD07B541F29E
:100930001203022101A8ADF8043001F0A3FB03B0BB
:100940005DF804FB38B5302383F31188174803683A
:100950000BB109F043F80023154A4FF47A7113489C
:1009600009F032F8002383F31188124C236813B185
:100970002368013B2360636813B16368013B6360D4
:100980000D4D2B7833B963687BB9022001F04CFC24
:10099000322363602B78032B07D163682BB90220C5
:1009A00001F042FC4FF47A73636038BD7822002076
:1009B00045090008C8230020C0220020084B1870F9
:1009C00003280CD8DFE800F008050208022001F037
:1009D00021BC022001F014BC024B00225A60704777
:1009E000C0220020C8230020F8B501F045FE30B138
:1009F000524B03221A700022514B5A60F8BD514BE2
:100A0000514A1C4619680131F8D004339342F9D198
:100A100062684E4B9A42F1D94D4B9B6803F10063DB
:100A200003F500339A42E9D2002001F05BFB02207B
:100A3000FFF7C4FF474B0021D3F8E820C3F8E810C4
:100A4000D3F81021C3F81011D3F81021D3F8EC20FB
:100A5000C3F8EC10D3F81421C3F81411D3F81421FF
:100A6000D3F8F020C3F8F010D3F81821C3F8181108
:100A7000D3F81821D3F8802042F00062C3F8802018
:100A8000D3F8802022F00062C3F88020D3F88020C1
:100A9000D3F8802042F00072C3F88020D3F8802081
:100AA00022F00072C3F88020D3F8803072B64FF085
:100AB000E023C3F8084DD4E90004BFF34F8FBFF320
:100AC0006F8F254AC2F88410BFF34F8F536923F408
:100AD00080335361BFF34F8FD2F8803043F6E07616
:100AE000C3F3C905C3F34E335B0103EA060C294681
:100AF0004CEA81770139C2F87472F9D2203B13F1C4
:100B0000200FF2D1BFF34F8FBFF36F8FBFF34F8F23
:100B1000BFF36F8F536923F4003353610023C2F88E
:100B20005032BFF34F8FBFF36F8F302383F31188A1
:100B3000854680F30888204760E700BFC022002078
:100B4000C82300200000020820000208FFFF01085F
:100B5000002200200044025800ED00E070B5484833
:100B6000A4B00324474D01F069FB474801F066FB40
:100B70002146284601F062FB4FF47A7001F07EFBBB
:100B8000013CF5D1414801F059FB01F075FD20B160
:100B90003F4801F053FBFFF7AFFE3E4801F04EFB2C
:100BA0003D4801F04BFB3D49C1F88440BFF34F8FF6
:100BB000D1F8803043F6E074C3F3C900C3F34E3379
:100BC0005B0103EA0406024646EA8275013AC1F86F
:100BD0006052F9D2203B13F1200FF2D1BFF34F8FB7
:100BE000BFF36F8F2E4E2F4D34460FCD0FC40FCD58
:100BF0000FC495E80F0084E80F0032682A4B9A4230
:100C000022D17368013BB3F5001F1DD2274801F0C4
:100C100015FB08A801F052F97268254908A801F0EF
:100C200079F9694608A801F095F9224801F006FB18
:100C3000214801F003FB202206F1080168460BF071
:100C40009BFB18B11D48A4E71D48A2E71D480324DB
:100C50000C4D01F0F3FA1C4801F0F0FA2146284649
:100C600001F0ECFA4FF47A7001F008FB013CF5D189
:100C7000642001F003FB24B0BDE87040FFF7B4BE70
:100C8000B8C40008F3C40008D0C4000806C50008B2
:100C900022C5000845C500085DC5000800ED00E05C
:100CA0009022002000000208EFBEADDE80C50008E3
:100CB00000000408ACC50008C0C5000808C600084C
:100CC000E6C5000824C6000840C600082DE9F04F1C
:100CD00093B0B44B2022FF2100900AA89D6801F038
:100CE00003FBB14A1378A3B90121B0481170036026
:100CF000302383F3118803680BB108F06FFE0023E3
:100D0000AB4A4FF47A71A94808F05EFE002383F3E2
:100D10001188009B13B1A74B009A1A60A64A13785A
:100D2000032B03D000231370A24A53604FF0000A34
:100D3000009CD3465646D146012001F06BFA24B1FF
:100D40009C4B1B68002B00F02682002001F07CF9F0
:100D50000390039B002BF2DB012001F051FA039B6F
:100D6000213B1F2BE8D801A252F823F0ED0D00081B
:100D7000150E0008A90E0008390D0008390D0008ED
:100D8000390D00083B0F00080B1100082510000862
:100D900087100008AF100008D5100008390D0008B2
:100DA000E7100008390D0008591100088D0E0008E1
:100DB000390D00089D110008F90D00088D0E00087E
:100DC000390D000887100008390D0008390D00089A
:100DD000390D0008390D0008390D0008390D0008DB
:100DE000390D0008390D0008A90E00080220FFF790
:100DF00095FD002840F0F981009B022105A8BAF179
:100E0000000F08BF1C4641F21233ADF8143001F058
:100E100039F991E74FF47A7001F016F9071EEBDB10
:100E20000220FFF77BFD0028E6D0013F052F00F2EE
:100E3000DE81DFE807F0030A0D10133605230421D5
:100E400005A8059301F01EF917E004215548F9E7BC
:100E500004215A48F6E704215948F3E74FF01C08EB
:100E6000404608F1040801F03FF90421059005A867
:100E700001F008F9B8F12C0FF2D101204FF0000970
:100E800000FA07F747EA0B0B5FFA8BFB01F078FAE1
:100E900026B10BF00B030B2B08BF0024FFF746FD18
:100EA0004AE704214748CDE7002EA5D00BF00B03FD
:100EB0000B2BA1D10220FFF731FD074600289BD064
:100EC0000120002601F00EF90220FFF777FD1FFA3E
:100ED00086F8404601F016F90446B0B10399404641
:100EE0000136A1F140025142514101F01BF90028A5
:100EF000EDD1BA46044641F21213022105A83E463E
:100F0000ADF8143001F0BEF816E725460120FFF7D2
:100F100055FD244B9B68AB4207D9284601F0E4F805
:100F2000013040F067810435F3E70025224BBA46D3
:100F30003E461D701F4B5D60A8E7002E3FF45CAF7E
:100F40000BF00B030B2B7FF457AF0220FFF736FD9E
:100F5000322001F079F8B0F10008FFF64DAF18F03B
:100F600003077FF449AF0F4A08EB050392689342E9
:100F70003FF642AFB8F5807F3FF73EAF124BB84522
:100F8000019323DD4FF47A7001F05EF80390039A29
:100F9000002AFFF631AF039A0137019B03F8012BBA
:100FA000EDE700BF00220020C423002078220020AB
:100FB00045090008C8230020C02200200422002088
:100FC000082200200C220020C4220020C820FFF7A5
:100FD000A5FC074600283FF40FAF1F2D11D8C5F11F
:100FE00020020AAB25F0030084494245184428BF7B
:100FF0004246019201F052F9019AFF217F4801F027
:1010000073F94FEAA803C8F387027C492846019385
:1010100001F072F9064600283FF46DAF019B05EB25
:10102000830533E70220FFF779FC00283FF4E4AEA4
:1010300001F096F800283FF4DFAE0027B846704B69
:101040009B68BB4218D91F2F11D80A9B01330ED0C1
:1010500027F0030312AA134453F8203C059340469B
:10106000042205A9043701F08DFA8046E7E73846E7
:1010700001F03AF80590F2E7CDF81480042105A8B4
:1010800001F000F802E70023642104A8049300F0B3
:10109000EFFF00287FF4B0AE0220FFF73FFC0028EE
:1010A0003FF4AAAE049801F051F80590E6E700235A
:1010B000642104A8049300F0DBFF00287FF49CAEB9
:1010C0000220FFF72BFC00283FF496AE049801F0B5
:1010D0003FF8EAE70220FFF721FC00283FF48CAE3E
:1010E00001F04EF8E1E70220FFF718FC00283FF47A
:1010F00083AE05A9142001F049F8074604210490A5
:1011000004A800F0BFFF3946B9E7322000F09CFF89
:10111000071EFFF671AEBB077FF46EAE384A07EBD1
:101120000903926893423FF667AE0220FFF7F6FB91
:1011300000283FF461AE27F003074F44B9453FF460
:10114000A5AE484609F1040900F0CEFF0421059040
:1011500005A800F097FFF1E74FF47A70FFF7DEFB88
:1011600000283FF449AE00F0FBFF002844D00A9B62
:1011700001330BD008220AA9002001F0BDF8002895
:101180003AD02022FF210AA801F0AEF8FFF7CEFBEB
:101190001C4808F045FB13B0BDE8F08F002E3FF46B
:1011A0002BAE0BF00B030B2B7FF426AE0023642138
:1011B00005A8059300F05CFF074600287FF41CAEED
:1011C0000220FFF7ABFB804600283FF415AEFFF787
:1011D000ADFB41F2883008F023FB059801F018F9C7
:1011E00046463C4601F0CCF8A6E506464EE64FF0F2
:1011F000000901E6BA467EE637467CE6C4220020B6
:1012000000220020A0860100704700007047000007
:10121000704700002DE9F04100F58037044616467E
:101220003B7C5BB9C0681030204401F037F8E568BA
:101230003544B5F5004FE56002D816B1BDE8F08140
:10124000DEB905F07F0605F110000021C6F1800629
:101250002044F6B232462E4401F046F8A06804F16C
:101260001008324600F10060414600F5003008F0F9
:10127000B3FF30B901233B74E0E74FF40046354635
:10128000ECE7A26805F11001404632442144A26017
:10129000E268521BE26001F001F80220BDE8F04173
:1012A00000F0C2BF183000F0E9BC000010B50446E1
:1012B00003F0F2FC204610BD10B5044603F0ECFC30
:1012C000204610BDC0B2A0F14103052B02D837382B
:1012D000C0B27047A0F16103052B94BF5738303876
:1012E000F6E7000070B504461546084603220C498F
:1012F00000F0DEFF014688B908346E1C15F91100B4
:10130000FFF7E0FF024616F911000131FFF7DAFF9F
:10131000102940EA021004F8010BEFD170BD00BFA4
:1013200064C600082DE9F04FADF53F7D07464168E2
:1013300001222AA805F094FB002840F08780064689
:10134000824681461125DFF80C81DFF80CB101AB34
:101350004FF4805241462AA805F0E2FC002875D1DE
:10136000019AB2F5805F71D8002A65D00446019ACF
:101370009442ECD2282D0FD008DC132D2DD01E2D39
:1013800039D0112D13D00134A4B2F0E7322D2DD075
:10139000372D2FD02D2DF6D13B68121B08EB040101
:1013A00038461B692D259847BDF80440EBE7121B12
:1013B000022A09D9594608EB040000F079FF18B950
:1013C00002342825A4B2DEE718F804303A2B3DD0C9
:1013D0000A2B1CBFA1461325D5E718F804300A2BA9
:1013E00034D03A2B04BFA2463225CCE718F804309B
:1013F000202BC8D0264618F804300A2B1AD1AAEBA5
:10140000090208EB090102A811254F2A28BF4F2223
:101410000BF014F8A21B08EB060116A84F2A28BFF0
:101420004F220BF00BF83B6816AA02A9DB6838467E
:101430009847A8E71E25A6E73B68384604491B697C
:10144000984701200DF53F7DBDE8F08F0020F9E7BA
:1014500045C80008D0230020BCC5000800F11801D1
:1014600010B5044686B00846019100F0F1FB204615
:10147000FFF758FF60B1019902A800F049FC102263
:1014800004F1080102A80AF077FFB0FA80F04009E1
:1014900006B010BD70B504460025EEB2304600F02F
:1014A00031FE58B100213046013500F03BFE08B94D
:1014B000002070BD022000F0B7FEEEE72046FFF7E7
:1014C00031FF0028F4D004F58034207C80F0010046
:1014D000EFE70000F0B5C9B009F0F6F803F0F8FB4B
:1014E00018B90025284649B0F0BD69462A4805F0DC
:1014F000D9FC00284BD1294C204605F003FD284893
:1015000005F000FD274805F0FDFC2146224805F0C6
:1015100075FD0028E5D1702003F0B8FB064610B138
:10152000214B44600360336830469B68984705460A
:1015300000282ED01A4F1948394605F05FFD0546A0
:101540000028CED1194803F0A1FB044638B1184B4E
:101550004760036000F58033C0E902551D742368BD
:1015600020469B689847054628B10E490C4805F06F
:1015700045FD0028B5D1336830465B6898471CB1FB
:10158000236820465B68984703F08AFBAAE700259A
:10159000FAE70446EFE700BF68C6000878C600080F
:1015A0008FC60008A5C60008C8C6000814000100C0
:1015B000E4C600082DE9F04FD44A8DB00B68D0F88E
:1015C00004A001931A440368D14E1A44D1F81C9028
:1015D000DFF8B4C3DFF8B4B3D0E90234634003EA00
:1015E0000A03634013444A6802920AEB7363029C45
:1015F000C84A2244C468224484688AEA04051D401B
:10160000654015448A68039203EB3555039CC24A32
:101610002244846822448AEA03042C4084EA0A04AF
:101620001444CA6805EBF4340492164483EA0502B4
:10163000224056445A4032440E69059604EBB222C9
:10164000059FB64E3E441E4485EA040313406B409A
:1016500033444E69069602EB7363069FB04E3E44D8
:101660002E4484EA02051D40654035448E69079684
:1016700003EB3555079FAB4E3E44264482EA0304F4
:101680002C4054403444A84E4E4405EBF4341644E8
:1016900083EA050222405A4032440E6A089604EB5F
:1016A000B222089FA14E3E441E4485EA0403134023
:1016B0006B4033444E6A099602EB7363099F9C4E5C
:1016C000D1F830E03E44D1F83880F3442E4484EA27
:1016D00002051D40654035448E6AA6F5244703EB9C
:1016E00035550A964F3F274482EA03042C40544064
:1016F0003C44CF6A0B9705EBF4340B9E8D4F374477
:10170000029E174483EA050222405A403A448A4F17
:10171000774404EBB2221F4485EA040313406B4074
:101720003B444F6BBC4402EB7363654484EA020C98
:101730000CEA030C8CEA040C6544DFF854C2C44480
:1017400003EB3555A44482EA03042C40544064441E
:10175000D1F83CC0794905EBF4346144114483EA83
:10176000050222405A400A44754904EBB222314432
:10177000079E194484EA02032B4063400B447149DD
:1017800002EBF36331440B9E0D4482EA03012140D6
:10179000514029446C4D03EBF1513544019E2544E1
:1017A00083EA010414405C402C44684D01EBB444CE
:1017B0003544069E154481EA04021A404A402A44F0
:1017C000634D04EB323235440A9E1D4484EA020321
:1017D0000B4063402B445F4D02EBF3633544059EA1
:1017E0000D4482EA03012140514029445A4D03EB44
:1017F000F1516544254483EA010414405C402C44C3
:10180000564D01EBB4443544099E154481EA040267
:101810001A404A402A44524D04EB32323544049E69
:101820001D4484EA02030B4063402B444D4D02EB00
:10183000F36345440D4482EA0301214051402944A9
:10184000494D03EBF1513544089E2C4483EA0105D0
:1018500015405D402C44454D01EBB4443544039E96
:101860002A4481EA04051D404D402A44404D04EBC2
:1018700032323D442B4484EA020593440D406540D6
:101880002B443C4D02EBF3633544069E294482EA27
:101890000305254055402944374D03EBF1514D4494
:1018A0002C4483EA010515405D40254401EBB54514
:1018B00081EA050404EA03024A405A44A6F5B82B1B
:1018C000089E05EB3232ABF2BE6B54405B442344BE
:1018D0002A4C344402EB33730B9E0C4485EA02011C
:1018E00059402144264C344403EB7151029E254457
:1018F00082EA03044C402544224C444401EB354524
:10190000144483EA01026A40224443E078A46AD77F
:10191000EECEBDC156B7C7E8DB702024AF0F7CF513
:101920002AC68747134630A8019546FDD898806996
:10193000AFF7448BBED75C892211906B2108B44964
:1019400062251EF640B340C0515A5E26AAC7B6E9CA
:101950005D102FD65314440281E6A1D8C8FBD3E70B
:10196000E6CDE121D60737C3870DD5F4ED145A45EE
:1019700005E9E3A9F8A3EFFCD9026F6781F6718747
:1019800022619D6D0C38E5FD937198FD8A4C2A8D7E
:101990008E4379A6934C344405EB7222059E1C4479
:1019A00081EA0503534023448F4C344402EB3373E4
:1019B0000A9E0C4485EA0201594021448B4C4C4458
:1019C00003EB7151254482EA03044C402C44884DBA
:1019D000354401EB3444019E154483EA0102624020
:1019E0002A44844D3D4404EB72221D4481EA0403E1
:1019F00053402B44804D354402EB3373049E2944FD
:101A000084EA02055D4029447C4D354403EB715165
:101A1000079E254482EA03044C402C44784D35440B
:101A200001EB3444099E2A4483EA010565401544CC
:101A3000744A324404EB7525039E134481EA040280
:101A40006A401A44704B734405EB32720B4484EACB
:101A50000501514019446D4B634402EB71511C4424
:101A600085EA02034B401C44694B334401EB344488
:101A7000019E1D4482EA010363402B44654D04EB43
:101A800073233544069E154463EA010262402A44EA
:101A9000614D03EBB2624D4462EA040929445F4D93
:101AA00089EA0309454449442C445D4D02EBB15198
:101AB0003544049E61EA03081D4488EA0208444450
:101AC00001EB744464EA02034B402B44554D04EB94
:101AD000F323754463EA010E15448EEA040E0EEBFF
:101AE0000502514D03EBB262354462EA040E29440B
:101AF0000A9D8EEA030EA5F580164C4D7144A6F69C
:101B0000833602EBB151264461EA03045440344465
:101B1000029E01EB7444354464EA02061D444E40C3
:101B20007319089E424D04EBF323354463EA010622
:101B30001544664072193F4D03EBB262654462EA98
:101B4000040629443C4D5E403144079E02EBB151EE
:101B5000354461EA03062C44384D56403D44344434
:101B6000059E1D4401EB744464EA02034B402B4480
:101B7000334D04EBF32335440B9E154463EA010215
:101B800062402A442F4D03EBB2623544039E0D445C
:101B900062EA0401594029442B4D02EBB15135440E
:101BA0002A4E254461EA030454402C44099D01EB6C
:101BB00074442E4464EA02051E4485EA01039D191B
:101BC00003681A440AEB040303EBF5230260436045
:101BD00083681C44C36819448460C1600DB0BDE8CB
:101BE000F08F00BF44EABEA4A9CFDE4B604BBBF62A
:101BF00070BCBFBEC67E9B28FA27A1EA8530EFD411
:101C0000051D880439D0D4D9E599DBE6F87CA21FFC
:101C10006556ACC4442229F497FF2A43A72394AB0A
:101C200039A093FCC3595B6592CC0C8FD15D848540
:101C30004F7EA86FE0E62CFE144301A3A111084ECD
:101C4000827E53F735F23ABDBBD2D72A91D386EBC9
:101C5000094B036003F18833436003F12943A3F583
:101C60009613A3F68B638360A3F18833C3600023CC
:101C7000C0E90433704700BF012345672DE9F843ED
:101C80001446026905460E46E300C2F3C50800F19A
:101C900018079B18036122BF43690133436112F4A3
:101CA000FC7F436903EB5473436114D0C8F14009CE
:101CB00007EB08004C4504D22246BDE8F8430AF081
:101CC0008DBB403C4A464E440AF088FB44443946AA
:101CD0002846FFF76FFCA04606EB0409B8F13F0F5A
:101CE000A9EB08010AD9402238460AF077FB3946A9
:101CF0002846A8F14008FFF75DFCEFE7A1096FF067
:101D00003F02384602FB014206EB8111D5E7000095
:101D100070B50B6901F1180506460C46C3F3C503FF
:101D2000EA18501C8022EA54C3F13F02072A1FD848
:101D3000002100F0D9FA29462046FFF73BFC382263
:101D40000021284600F0D0FA236929462046236561
:101D500063696365FFF72EFC2146102230460AF0C6
:101D60003DFB204658220021BDE8704000F0BCBA7F
:101D7000C3F137020021E5E72DE9F04FC9B001F1C9
:101D8000400508AA14464B78043111F8046C1B0472
:101D900043EA066311F8016C334311F8026C8D427B
:101DA00043EA062344F8043BEDD11024916B164618
:101DB00052F8045F01344FEAF143402C83EA714347
:101DC00083EA9123716A366831440B444FEAB54186
:101DD00081EAF51181EAD5010B44D363E6D1D0E95C
:101DE00000E34FF00008009374468368009E01935F
:101DF000C36802930369039343690493836905935A
:101E0000C369DDE9031C06932B4BDDE9057BDDE9A6
:101E100001590793079B53F8042B07934FEAF123CB
:101E200083EAB11383EA716A08AB53F8283008F1EA
:101E300001081A44B8F1400F0AEB020327EA010A2D
:101E400001EA0C028AEA02024FEA743A1A4486EA6C
:101E500005038AEAB40A5A4403EA040306EA050BB6
:101E60008AEAB45A83EA0B0B02EB0903A946DA4467
:101E7000BB46524419D172440260009A2244426027
:101E8000019A32448260029A2A44C260039A1A4438
:101E9000049B0B4402614361059B63448361069B81
:101EA0003B44C36149B0BDE8F08F674635468C4678
:101EB000264619461446ADE7F8C60008002300225E
:101EC0000D4983660023DFF848C0C0E908230B4BA7
:101ED0000B4AC0E900230B4BC0E902130A4BC0E9CF
:101EE00004C30A4B836103F17453A3F52303A3F6E0
:101EF0009243C361704700BF72F36E3C85AE67BB0F
:101F000067E6096A3AF54FA58C68059BABD9831F34
:101F10007F520E51F8B50C468D1800F128070026A7
:101F2000AC4200D1F8BD836E5A1C03448266402A3D
:101F300014F8011B83F82810F2D13946FFF71CFF73
:101F40008666D0E9083213F5007342F10002C0E959
:101F50000832E5E770B5856E802204460E464319C7
:101F600005F12900002183F828206B1CC5F13702F8
:101F70002044382B4FEAC50588BF002200F0B4F991
:101F800004F128012046D4E90823AD1843F10003E9
:101F9000C4E908532DBA6566FFF7EEFE711E1823DB
:101FA0002268DA4001F8012F6268DA400A71A268FB
:101FB000DA400A72E268DA400A732269DA400A7487
:101FC0006269DA400A75A269DA400A76E269DA40A3
:101FD000083B13F1080F0A77E2D170BD2DE9F84FE5
:101FE0004FF47A7306460D46002402FB03F7DFF830
:101FF0005080DFF8509098F900305FFA84FA5A1C4C
:1020000001D0A34210D159F824002A463146036872
:10201000D3F820B03B46D847854205D1074B012075
:1020200083F800A0BDE8F88F0134042CE3D14FF40D
:10203000FA7007F0F5FB0020F4E700BF143400202D
:102040001022002014220020002307B5024601219F
:102050000DF107008DF80730FFF7C0FF20B19DF8A4
:10206000070003B05DF804FB4FF0FF30F9E7000014
:102070000A46042108B5FFF7B1FF80F00100C0B2A5
:10208000404208BD074B0A4630B41978064B53F856
:102090002140014623682046DD69044BAC4630BC34
:1020A000604700BF1434002014220020A0860100E5
:1020B00070B50A4E00240A4D08F032F830802868C6
:1020C0003388834208D908F027F82B680444013389
:1020D000B4F5003F2B60F2D370BD00BF1634002072
:1020E000D033002008F0F6B800F1006000F50030B1
:1020F0000068704700F10060920000F5003008F0C1
:102100006BB80000054B1A68054B1B889B1A83426D
:1021100002D9104408F000B800207047D0330020E6
:102120001634002038B50446074D29B128682044EC
:10213000BDE8384008F008B82868204407F0F2FFEE
:102140000028F3D038BD00BFD033002000207047F6
:1021500000F1FF5000F58F10D0F800087047000024
:10216000064991F8243033B100230822086A81F827
:102170002430FFF7BFBF0120704700BFD4330020D9
:10218000014B1868704700BF0010005C194B013804
:102190000322084470B51D68174BC5F30B042D0CC2
:1021A0001E88A6420BD15C680A46013C8242134657
:1021B0000FD214F9016F4EB102F8016BF6E7013A44
:1021C00003F10803ECD181420B4602D22C2203F822
:1021D000012B0424094A1688AE4204D1984284BFD8
:1021E000967803F8016B013C02F10402F3D1581A0E
:1021F00070BD00BF0010005C2422002024C800082D
:10220000022803D1024B4FF080529A61704700BF01
:1022100000100258022803D1024B4FF480529A61F9
:10222000704700BF00100258022804D1024A5369C7
:1022300083F4805353617047001002580FB430B5D7
:10224000B5B00C4CC82138AB02A853F8042B01934D
:1022500002F086FD2368C828024602A9DD6928BF6E
:10226000C822054B2046A84735B0BDE8304004B031
:10227000704700BF48490020A086010070B50446A1
:102280004FF47A764CB1412C254628BF412506FBF8
:1022900005F0641B07F0C4FAF4E770BD002310B525
:1022A000934203D0CC5CC4540133F9E710BD000065
:1022B000013810B510F9013F3BB191F900409C4243
:1022C00003D11AB10131013AF4E71AB191F90020B2
:1022D000981A10BD1046FCE703460246D01A12F9C0
:1022E000011B0029FAD1704702440346934202D0F1
:1022F00003F8011BFAE770472DE9F8431F4D144618
:102300000746884695F8242052BBDFF870909CB3AE
:1023100095F824302BB92022FF2148462F62FFF781
:10232000E3FF95F824004146C0F1080205EB800068
:10233000A24228BF2246D6B29200FFF7AFFF95F81F
:102340002430A41B17441E449044E4B2F6B2082E75
:1023500085F82460DBD1FFF703FF0028D7D108E020
:102360002B6A03EB82038342CFD0FFF7F9FE0028EC
:10237000CBD10020BDE8F8830120FBE7D433002057
:10238000024B1A78024B1A70704700BF14340020B9
:1023900010220020F8B5194C194806F049FD2146D5
:1023A000174806F071FD24684FF47A70154ED4F882
:1023B0009020154DD2F80438114F43F00203C2F8B3
:1023C0000438FFF75BFF2046104906F06BFED4F897
:1023D00090200424D2F8043823F00203C2F8043811
:1023E0004FF4E133336055F8040BB84202D0314664
:1023F00006F07CFC013CF6D1F8BD00BFF8D5000822
:1024000048490020FC3300201422002000D6000898
:102410000C4B70B50C4D04461E780C4B55F826201D
:102420009A420DD00A4B002118221846FFF75CFF94
:102430000460014655F82600BDE8704006F056BC21
:1024400070BD00BF14340020142200204849002031
:10245000FC3300202DE9F04771B6464B01201D6882
:10246000454BB3F8008000231A46194605F090FB4F
:102470000446802007F0CEFF0746002862D0002CDB
:1024800060D03E4EADB24FF0800A7369284643F0EB
:10249000C0637361D6F8143143F0C063C6F81431D9
:1024A00007F03AFE05EB080200FB05F34FF4D06C91
:1024B00050434FF03D0E984233D93269520144D413
:1024C000D6F81021510140D4216803F100628A60DE
:1024D0002268D7602268C2F804A02268C2F800C04F
:1024E000D4F80090D9F8002042F00102C9F8002089
:1024F000D4F80090D9F8002022F01E02C9F800207C
:10250000D4F80090D9F80020D207FBD494F80C90AE
:10251000803361680EFA09F20A60CCE7002007F008
:10252000D9FE204605F074FB384607F0AFFF134B89
:102530005A6942F0C0625A61D3F8142142F0C06275
:10254000C3F8142161B6BDE8F0870D4B9A6A42F4D6
:1025500000729A629A6A42F400429A6261B6002658
:10256000012007F0B7FEB045D8D9A819013607F009
:10257000EBFDF8E7D0330020163400200020005295
:1025800000ED00E030B50A44084D91420DD011F83D
:10259000013B5840082340F30004013B2C4013F05A
:1025A000FF0384EA5000F6D1EFE730BD2083B8ED99
:1025B00030B5002489B00B4D1C22214601A800949F
:1025C000FFF792FE20226946281909F0D5FE30B99E
:1025D0002034B4F5A07FF5D1012009B030BD002032
:1025E000FBE700BFE80200082DE9F047D8B0044639
:1025F0000D4616461F46FFF7DBFF90BBA369482B2D
:1026000031D1082204F11C01184809F0B5FE50BB75
:102610008246DFF85C80DFF85C904FF4B0720021F6
:102620006846FFF761FE08EB0A0204F124016846E0
:1026300002F0F0F92A464946684602F0F1F9684688
:102640003A46314602F0ECF9684602F0EBF928B15F
:102650000AF1200ABAF5A07FDFD1122058B0BDE8F8
:10266000F0870020FAE71120F8E700BF48C800080B
:10267000E8020008000002083E4A2DE9F341106814
:102680006B4651686A4603C308233B493B4809F03F
:1026900083FE0446002834D10A24FFF789FF00286E
:1026A00063D0374A6B46106851686A4603C30823F3
:1026B0003449324809F070FE0546002855D00369B8
:1026C000B3F5F01F51D8428B8C2A4ED12E4A0244CA
:1026D00002F110018B4248D3103B284900209E1A7A
:1026E000FFF750FF05F11801074632460020FFF7BB
:1026F00049FFAB689F4238D1EB68984208BF00247D
:1027000033E00369B3F5F01F01D90B24C5E7B0F836
:1027100066208C2A01D00C24BFE71B4E064406F12C
:102720005C02934201D21024B7E75C3B00F16407DE
:10273000324612499D1B0020FFF724FF3946804690
:102740002A460020FFF71EFFA368984501D00D24FC
:10275000A3E7E3689842FAD120462B463A46314631
:10276000FFF742FF0446002897D1204602B0BDE89B
:10277000F08100BF34C8000890FF1D00000002086F
:102780003DC80008DCFF1D000800FEF78378427892
:102790001B04007843EA022318437047006870471F
:1027A00008B50246FFF7FAFF0346101DFFF7F6FFD4
:1027B0000146184608BD00000B0A017043700B0C5F
:1027C000090E8370C170704708B501EB8202031FC8
:1027D00008460431FFF7E2FF43F8040F9142F7D1B6
:1027E00008BD000010B500EB82020C1F54F8041F56
:1027F000FFF7E2FF04309042F8D110BD2DE9F0411F
:1028000088460546FFF7CCFF06460C464046FFF7D4
:10281000C7FF464005F108004C40FFF7C1FF0746DF
:102820000D4608F10800FFF7BBFF784069403043D0
:102830002143BDE8F0810000F8B506460F46FFF7DA
:10284000DDFF05460C4606F1100007F11001FFF709
:10285000D5FF28432143F8BD2DE9F04F0368B7B0F9
:10286000384CC1F1000A1A93436837491B938368B7
:10287000364D1C93C368364F1D930369DFF8F8B0DB
:102880001E9343698AEA0B0B324E1F938369DFF86C
:10289000ECE02093C369DFF8E8C02193036A229338
:1028A000436A2393D0E9102362402B4C05922B4AB4
:1028B00053400693836A2493C36A2593D0E9122375
:1028C00062400D92264A5340264A0E93036B0092B3
:1028D0002693436B279381EAEA7320991793836BBE
:1028E00018912893C36B289A299300F150031192F1
:1028F000299A21991292269A19910792279A1E993C
:102900000892249A159103921F99259A1691049280
:10291000DDE922421C990F911D9910911A99099194
:102920001B990A911049CDE9015101F14F7101F54F
:10293000D341583113910D4914910D49CDE90B71D3
:102940000C4F1FE0D182E6ADABD9831F79217E13F6
:102950002BF894FE85AE67BB1F6C3E2B7F520E5149
:102960008C68059BE8CC000819CDE05B3AF54FA5D3
:1029700072F36E3C3BA7CA846BBD41FB08C9BCF334
:1029800067E6096A0099097803EBC10553F831102D
:102990006D68611842EB0508099D49190A9D45EBD0
:1029A0000808059D81EA0509069D88EA050A1AEBD3
:1029B0000E0E4CEB090C8EEA04048CEA0202250E82
:1029C00045EA0225120E42EA0422009C647809922C
:1029D00003EBC40253F834405268091948EB02086B
:1029E0004A190592099A48EB02020692059A82EA70
:1029F0000A0A069A4FEA1A4182EA090941EA09429B
:102A000009994FEA1949349249EA0A423592349AAF
:102A10001EEB02022A92359A4CEB02022B922A9A62
:102A200055402B9A51400A46490041EAD5716D0044
:102A3000339145EAD2723292009A927803EBC20146
:102A400053F832204968039C0D9DA218049C44EB66
:102A5000010E0F9912EB010A1099009A41EB0E0E2C
:102A60000E9985EA0A058EEA0108039918EB070713
:102A700046EB050687EA010C74404FEA1C6141EA07
:102A80000421240E44EA0C2492F803C003EBCC0981
:102A900053F83CC0D9F804901AEB0C024EEB090E27
:102AA00052180D924EEB04020E920D9A82EA08081B
:102AB0000E9A55404FEA184242EA05422D0C3092D8
:102AC00045EA08423192309ABA182C92319A46EB74
:102AD00002022D922C9A51402D9A5440620042EAF3
:102AE000D1724900099241EAD4720492009A127993
:102AF00003EBC20153F832204D6807998A180899F0
:102B000041EB050515995218169941EB05051799E2
:102B100082EA0B04039285EA010A0B99009A1AEBE8
:102B200001060C9992F805E041EB040B079953F864
:102B30003E8086EA010C0899039A8BEA01074FEA66
:102B40001C6112EB080241EA07214FEA176747EAC6
:102B50000C2703EBCE0CDCF8049045EB090552186A
:102B6000159245EB07021692159A82EA0A0A169AFE
:102B70004FEA1A49544049EA0442240C2E9244EA8E
:102B80000A42119C2F922E9AB6182F9A4BEB020BE9
:102B900071408BEA07077A0042EAD1724900089235
:102BA00041EAD7720792009A917903EBC10253F878
:102BB000311052686118129C44EB0208189A891867
:102BC000199A42EB0808019A029C4A40129F88EA2F
:102BD000040E139C1EEB0405149C44EB0209119C8B
:102BE0006C4089EA070C270E47EA0C274FEA1C6C59
:102BF0004CEA042C009CE47903EBC40A53F83440FB
:102C0000DAF804A00919059C48EB0A08C9191791BC
:102C100048EB0C011891179981EA0E0E18994FEAAA
:102C20001E4A4A404AEA024A120C15EB0A0542EAD9
:102C30000E4E87EA050749EB0E0989EA0C0C4FEAAC
:102C40004C0848EAD7727F00129247EADC72119270
:102C5000009A117A03EBC10253F8311052686118DF
:102C6000069C44EB0208049A8918099A48EB02086A
:102C700081EA0A0A049A88EA0E0E1EEB06064BEB5E
:102C80000A0B86EA0204099A270E8BEA020247EA37
:102C900002274FEA126C009A527A4CEA042C03EB9A
:102CA000C20453F832206468891848EB0408CA1932
:102CB000099248EB0C020A92099A8EEA020E0A9ACD
:102CC0008AEA020A4FEA1E4242EA0A424FEA1A4AD6
:102CD00001924AEA0E420292019A92190B92029ACA
:102CE00042EB0B020C920B9A57400C9A8CEA020CA6
:102CF0004FEA4C0444EAD772359C7F00049247EABD
:102D0000DC720392009A927A03EBC20153F83220EC
:102D10004E680D998A180E9941EB0606079912EB39
:102D200001080899009A46EB0106349986EA040ADC
:102D300088EA0101079C1AEB050549EB010985EAC0
:102D4000040C089C89EA04074FEA1C6444EA07243F
:102D50003F0E47EA0C2792F80BC003EBCC0E53F85A
:102D60003CC0DEF804E018EB0C0246EB0E0612192C
:102D70000F9246EB070210920F9A8AEA020A109A03
:102D800051404FEA1A4242EA0142090C059241EAD7
:102D90000A420692059A52191392069A42EB0902C8
:102DA0001492139A5440149A57407A0042EAD4720B
:102DB0006400089244EAD7720792009A127B03EBF0
:102DC000C20153F832204D6815998A18169941EBC3
:102DD0000505119912EB010A1299009A45EB0105BC
:102DE00030998AEA0106319985EA01072A9911EB9F
:102DF000070E2B9941EB060C11998EEA01041299EA
:102E00008CEA0108210E41EA08214FEA186848EAD5
:102E1000042492F80D8003EBC80953F83880D9F8E0
:102E200004901AEB080245EB09055218159245EB80
:102E300004021692159A5740169A56403A0C42EAE6
:102E40000642360C0D9246EA07420E920D9A12EB9C
:102E50000E0E0E9A42EB0C0C81EA0E0184EA0C0471
:102E60004FEA440A4AEAD1724900129241EAD47206
:102E7000179C1192009A917B03EBC10253F8311019
:102E800052686118189C44EB0208329A009C891819
:102E9000339AE47B48EB02082E9A81EA02092F9AC2
:102EA00088EA020A2C9A12EB0A072D9A42EB0906CD
:102EB000329A87EA020B339A4FEA1B65724045EA61
:102EC0000225120E42EA0B2203EBC40B53F83440E6
:102ED000DBF804B0091948EB0B084919189148EBC5
:102EE0000201199118998AEA010A199989EA0109D6
:102EF0004FEA1A4141EA094B4FEA19491BEB070710
:102F000049EA0A4185EA070541EB0606179182EA7C
:102F100006014A0042EAD5726D0045EAD174009973
:102F200010310091009D3949A9427FF42BAD099BD6
:102F30000C9D83EA0E010A9B83EA0C081A9B5940F8
:102F40001B9B88EA0303C0E900130F9B13997B4086
:102F50001F46109B73401E461C9B5F401D9B5E409E
:102F6000159BC0E902760B9E5E40169B5D401E9B42
:102F70005E401F9B5D40189BC0E904655940199D48
:102F8000149B83EA0508209B5940219B88EA030390
:102F9000C0E90613059B83EA0409069B83EA020A3B
:102FA000229B89EA0304239B8AEA0302C0E90842C0
:102FB000039B0D9A049C83EA020C0E9B259A5C40AD
:102FC000249B12998CEA03035440179AC0E90A34EF
:102FD000079B83EA0B04089B83EA020A269B5C405A
:102FE000279B8AEA0302119BC0E90C42019A5A40CE
:102FF000029B83EA010A289B5A40299B8AEA030321
:10300000C0E90E2337B0BDE8F08F00BFA8CD00089F
:1030100070B505460E46144622B98022214650302E
:10302000FFF762F924F00700E40004F038042844B4
:10303000A4F12003C4F1200206FA04F406FA03F313
:1030400026FA02F21343D0E9146234431343C0E971
:10305000144370BD28220021FFF746B90123242222
:10306000002140F8043BFFF73FB90000002351F86E
:10307000232040F8232001330A2BF8D170470000A9
:10308000002351F82320524240F8232001330A2B19
:10309000F7D17047002330B551F8234052F8235040
:1030A0002C4440F8234001330A2BF5D130BD0000F9
:1030B000002330B551F8234052F82350641B40F8E8
:1030C000234001330A2BF5D130BD000030B5524208
:1030D000041F0439243054F8045F51F8043F84423B
:1030E00083EA050303EA020383EA05032360F2D1BE
:1030F00030BD00002DE9F04F8BB004460846002596
:10310000FFF74CFB0190081DFFF740FB8301C81D32
:103110000093FFF73BFB4FEA401A01F10A00FFF76B
:1031200035FB4FEAC00B01F10D00FFF72FFB8600C6
:1031300001F11000FFF732FB814601F11400FFF7A7
:1031400025FB4FEAC01801F11700FFF71FFB4701ED
:1031500001F11A00FFF71AFB030101F11D000493AE
:10316000FFF714FB019A6C4B03EA800312F1007025
:1031700005934FEA906045F1000340EA83109B16E7
:1031800081064FEA901C521A06926CEB4C02079291
:10319000009A101843F1000216F1007C45F100017D
:1031A0004FEA9C6C4CEA811C89164FEA8C634FEA0B
:1031B0009C15F31A65EB450619EB0C0941F100016A
:1031C00010F1807C42F100054FEA5C6C4CEAC51CB2
:1031D0006D161AEB0C0AA0EB4C6245F1000519F1D3
:1031E000807008924FEA506041F1000240EAC2103C
:1031F0005216A9EB4061099118EB0001009142F1D0
:1032000000021AF1007145F10005890E41EA8511AD
:10321000AD161BEB01004FF0130B019045F10005BB
:10322000009810F1007042F10002800E40EA821016
:1032300092163F18029742F10002019F17F1807E1B
:1032400045F100054FEA5E6E4EEAC51E029D13EB86
:103250000E0346F1000615F18077049D42F100024D
:103260007F0E039347EAC2175216ED1942F100028E
:1032700013F1007C049546F100064FEA9C6C069B16
:103280004CEA861C15F10076059D42F10002B60E4F
:1032900046EA8216921615EB060942F1000219F170
:1032A000807542F100026D0E45EAC215A5FB0B2B9D
:1032B000A9EB4565D218079B4BEB030B12F1007885
:1032C000089B4BF1000B4FEA986848EA8B18A2EB79
:1032D0008862226013EB08026260AAEB8162A2603E
:1032E000019B6562A3EB4E61039BA3EB8C63E160E2
:1032F0002361099B13EB0C036361009BA3EB8063C9
:10330000A361029BA3EB4760049BA3EB8666E0618D
:1033100026620BB0BDE8F08FFCFFFF012DE9F04FF6
:103320000D688BB00C694FF0130B82FB055C82FBC0
:10333000044615F100774CF1000ABF0E47EA8A17E0
:103340004FEAAA680AF07C4ABB064AEA971AEB1AC7
:103350004D6806936CEB0A0314F1007CC2FB057800
:10336000079346F1000E4FEA9C6C4D694CEA8E1CA7
:103370004FEAAE6A0EF07C4E4FEA8C634EEA9C1E1A
:10338000C2FB05CAE41A66EB0E0E17F1807548F110
:1033900000086D0E45EAC8154FEA6863A7EB45665D
:1033A0008F6808961CF18076C2FB07534AF1000A29
:1033B000760E15F1007946EACA1643F100034FEA8A
:1033C0009969ACEB466749EA831909974FEA6A6A3B
:1033D0008F699B16A5EB8965C2FB076ACF680196CA
:1033E0004E46C2FB07630296019ECF6916F1007C30
:1033F0004AF1000A4FEA9C6C4CEA8A1C4FEAAA6A1E
:103400006646C2FB076A0396029E16F1807843F176
:1034100000034FEA586848EAC31814EB08044EEB5F
:103420006366039B13F180770B6A496A4AF1000ACD
:103430007F0E856047EACA174FEA6A6ABE46C2FB3A
:1034400003EACDF810E014F1007E46F100034FEAE4
:103450009E6E4EEA831E049B13F10076A4EB8E64ED
:103460004AF10003B60E46EA83169B16B246C2FB2B
:1034700001A31AF18071CDF814A043F10003490EA5
:1034800041EAC3115B16A1FB0B2A0BFB03AA069BA7
:10349000D218079B4AEB030A12F100734AF1000AA3
:1034A0009B0E43EA8A13A2EB83620260089AD31848
:1034B0004360029BA3EB4863C3600461099B13EB69
:1034C0000E034361019BA3EB8C638361039BA3EB1E
:1034D0004767049BA3EB8666059BC761A3EB41612D
:1034E000066241620BB0BDE8F08F00002DE9F04F9D
:1034F000A5B04FF0130E8146D1E90053D2E9008404
:1035000008938B680EFB04F00193CB680993D1E913
:1035100004C30A93D1E906730B93D1E908630C93B2
:1035200093680293D36804931369069353690D93C8
:1035300093690F93D3691693136A1893536A199377
:10354000089B5B001093099B5B0011930A9B5B0037
:1035500012930B9B5B0013930C9B5B001493029BD9
:103560000EFB03F31A93049B0EFB03FB069B0EFB5F
:1035700003F317930D9B0EFB03F315930F9B0EFBA9
:1035800003F30E93169B0EFB03F30793189B0EFB9E
:1035900003F30593199B0EFB03F30393039A109B0C
:1035A00083FB021A019B1A46059BC5FB081AC2FB46
:1035B000031A119B1A46079BC2FB031A0E9BCCFBF6
:1035C000031A129B1A46159BC2FB031A179B039AF8
:1035D000C7FB031A139BC3FB0B1A1A9BC6FB031AE8
:1035E000149BC3FB001A089B1B9188FB03300199B5
:1035F000C5FB0430C2FB013005990A460999C2FB9C
:1036000001300799C1FB0C300E990A460A99C2FB9A
:1036100001301599C1FB073017990A460B99C2FB77
:1036200001301A99CBFB063002460C98C1FB0032E0
:103630001A93109B029983FB04301C92C5FB013046
:103640000199039AC8FB01301199C2FB0130059919
:10365000C1FB0C3007990A461299C2FB01300E9942
:10366000C1FB073015990A461399C2FB013017991F
:10367000C1FB06301499CBFB01300299CDE91D3016
:10368000089B83FB01B0049B0A99C5FB03B0019B17
:10369000C3FB04B0099BC8FB03B0039BC3FB0CB086
:1036A000059BC3FB01B0079B0B99C3FB07B00E9BA7
:1036B000C3FB01B017990C9BC2FB06B0C1FB03B062
:1036C000109B0499209083FB01310698CDF87CB0C3
:1036D000C5FB0031019802460298C2FB00311198E7
:1036E000039AC0FB04311298C8FB0C31C2FB0031B5
:1036F0000598C0FB0731079802461398C2FB0031BA
:103700000E98C0FB0631159802461498C2FB003192
:1037100006981593089B0D9A83FB00031791C5FB30
:103720000203019A9346049ACBFB0203099A93463B
:10373000029ACBFB02030A9ACCFB0403C8FB0203E8
:10374000039AC2FB0703059A93460B9ACBFB02032D
:10375000079AC2FB06030E9A93460C9ACBFB020310
:103760000D9A2193109B0E9083FB02030F9AC5FBC9
:103770000203019A9346069ACBFB0203119A9346E1
:10378000049ACBFB0203029ACCFB0203129AC2FBFF
:103790000403139A0399C8FB0703C1FB0203059AAC
:1037A000C2FB0603079A9346149ACBFB02030F9AB7
:1037B0002293089B079083FB0203169AC5FB020322
:1037C000019A93460D9ACBFB0203099A9346069AF7
:1037D000CBFB0203049ACCFB02030A9A9346029A9B
:1037E000CBFB02030B9AC7FB0403C8FB0203059A39
:1037F000C1FB060393460C9ACBFB0203169A239354
:10380000109B059083FB0203189AC5FB0203019AE3
:1038100093460F9ACBFB0203119A93460D9ACBFB6A
:103820000203069ACCFB0203129A9346049ACBFB3E
:103830000203029AC7FB0203139AC2FB0403149A01
:10384000C8FB0603C1FB0203189A1193089B109052
:1038500083FB023219981799C5FB0032019815466F
:10386000169AC0FB0235099A0F98C2FB00350D9AD3
:103870000698CCFB02350A9AC2FB0035049A0298DE
:10388000C7FB02350B9A159FC2FB00350C98C6FB8F
:1038900004352A461B9CC8FB003206931B9B0892EA
:1038A00013F100764AF10000B60E46EA801600F0E9
:1038B0007C43B20643EA9613A21A6AEB0303099209
:1038C0000A931A9B9E191C9B43EBA060159B13F156
:1038D0000075179B4FEA956543F1000345EA831590
:1038E00003F07C44AA0644EA9514BA1A61EB040179
:1038F0000E9C6519219C44EBA36316F1807440F182
:103900000000640E44EAC014A6EB44660B961D9EAC
:10391000341901941E9C44EB606015F1807443F1EE
:103920000003640E44EAC314A5EB44650C95079D9F
:103930002C190294229C44EB6363019C14F10074E3
:1039400040F100004FEA94681F9C48EA801814EB8D
:10395000080B209C44EBA060029C14F10076059CAF
:1039600043F10003B60E46EA831614EB060A239CC5
:1039700044EBA3631BF1807C40F100004FEA5C6CD8
:103980004CEAC01C12EB0C0241EB60611AF180752D
:10399000109843F100036D0E039245EAC3154019D8
:1039A000AAEB45650490119840EB636312F1007730
:1039B00041F10001BF0E47EA8117049911F100742B
:1039C000069943F10003A40E44EA831409190591F2
:1039D000089941EBA363059911F1807043F100034D
:1039E000400E40EAC3105B16A0FB0E120EFB032331
:1039F000099A89180A9A43EB020311F1007E43F1F8
:103A000000034FEA9E6E4EEA831E0B9B13EB0E03E0
:103A1000A1EB8E61C9F80430019BC9F80010A3EB3B
:103A20008863C9F80830ABEB4C63C9F80C30039BD2
:103A3000A3EB8762C9F810200C9BC9F81C50DF1952
:103A4000029BA3EB8666049BC9F81470A3EB846405
:103A5000059BC9F81860A3EB4060C9F82040C9F87D
:103A6000240025B0BDE8F08F2DE9F04F95B08246D7
:103A70004FF02608D1E90262D1E9003008924FEAFE
:103A8000400B4FEA430ED1E904720392D1E906528A
:103A900004920A6A05924A6A1321099272000692F8
:103AA000089A52000192039A52000292049A52001C
:103AB0000A9201FB05F20B92049A08FB02F20792AC
:103AC000059A01FB02F9099A039908FB02F208FB27
:103AD00001F88BFB021CC3FB031C7300C3FB091C16
:103AE000019B1C46079BC4FB031C0B9C7B00C3FB78
:103AF000041C039BC3FB081C82FB06380C91019934
:103B0000CEFB0038C9FB01380799C1FB0738029981
:103B10000C460B99C1FB04380D938BFB00310198C7
:103B2000CEFB0631C2FB00317800C9FB003107989B
:103B300004460298C4FB00310B98C0FB053108987D
:103B40000E910B938BFB0631CEFB00310298C2FB2A
:103B50000731C9FB0031C4FB0531CDE90F31019BB1
:103B6000680002998BFB0334CEFB0734C6FB063496
:103B7000C2FB01340799C9FB00340498C1FB00342F
:103B80008BFB07160793039B0898C3FB0E16069B37
:103B9000C3FB00160A98C2FB05160B463146C9FB4B
:103BA0000031CDE91131029B8BFB0310069BCEFB4C
:103BB0000510C3FB0710019B1E46089BC6FB0310A4
:103BC0000A9BC2FB0310059B0E46C9FB03608BFBDF
:103BD00005130896049ECEFB0613069EB146039E6F
:103BE000C9FB0613019EC6FB0713059E894606996D
:103BF000C2FB069313930A9BCDF80C908BFB0393A7
:103C0000CEFB0693C1FB0593DDE90116C1FB0693CC
:103C10000999C7FB0793C2FB01930A93059B0E46C4
:103C20008BFB0312069BCEFB0612049EC3FB0612FF
:103C3000019BC3FB0512029D0E461346C7FB05639D
:103C400006930C9B0C9D13F1007E05964CF1000130
:103C50004FEA9E6E4EEA811E01F07C434FEA8E626F
:103C600043EA9E13AD1A6CEB03030995079D0C9371
:103C70000D9B13EB0E0E079B48EBA16813F1007C24
:103C800044F100034FEA9C6C4CEA831C03F07C4136
:103C90004FEA8C6241EA9C11AA1A64EB0104119963
:103CA00011EB0C0C129941EBA3631EF1807648F1E5
:103CB0000001760E46EAC116AEEB466507950B9DF0
:103CC000AD1901950E9D45EB61611CF1807E43F1BC
:103CD00000064FEA5E6343EAC613ACEB43650B95FF
:103CE000089DEB18029340EB6663019810F1007693
:103CF0000F9841F100014FEA966848EA811810EBED
:103D0000080B109840EBA161029810F1007643F186
:103D10000000B60E039B46EA80169B190393139B83
:103D200043EBA0631BF1807C41F100004FEA5C6C27
:103D30004CEAC01C12EB0C0244EB60610398049245
:103D400010F180750A9843F100036D0E45EAC31522
:103D500019EB050940EB636312F100774FF0130292
:103D600041F1000119F100744FEA976743F1000334
:103D7000A40E47EA8117059944EA83140919A9EBAF
:103D800084640591069941EBA363059911F1807054
:103D900043F10003400E40EAC3105B16A0FB021E75
:103DA00002FB03E3099A89180C9A43EB020311F111
:103DB000007E43F100034FEA9E6E4EEA831E079B8E
:103DC00013EB0E03A1EB8E61CAF80430019BCAF815
:103DD0000010A3EB8863CAF80830ABEB4C63CAF859
:103DE0000C30049BA3EB87620B9BDF19CAF81020F1
:103DF000CAF81470029BCAF82040A3EB8666039BA6
:103E0000A3EB4565059BCAF81860A3EB4060CAF8B0
:103E10001C50CAF8240015B0BDE8F08F0029A1BFDE
:103E2000CB1001F00701C05C40FA01F1ACBF01F01A
:103E3000010000207047000070B500F11C02041F53
:103E4000084E0120002556F8041B54F8043FC943CE
:103E50005B1845EB05011B1841F10000A242F2D1AD
:103E600070BD00BF50C80008F8B5002406460846DB
:103E70000D46FFF7E1FFDFF834C00246C117C0F17D
:103E8000000E20465CF8043B55F824702EEA03032C
:103E9000DB1940EB00079B1846F8243004F10104BD
:103EA00041EB07020021082CECD1F8BD50C80008F6
:103EB00010B50446FFF7CEF804F12800FFF7CEF85E
:103EC00004F15000FFF7CAF804F17800BDE8104093
:103ED000FFF7C0B838B50A4605460C462831FFF74B
:103EE000D9F82830FFF7E4F804F1500105F150004B
:103EF000FFF7BCF804F1780105F17800024ABDE84B
:103F00003840FFF7F3BA00BF98C800082DE9F04326
:103F100095B0044616460D460A466846283104F117
:103F20002808FFF7B7F80AA8FFF7C2F83246694633
:103F30006846FFF7DBFA0AA906F1280204F15007E8
:103F4000084604F17809FFF7D1FA0AAA6946404603
:103F5000FFF7A0F82046FFF7ABF805F1500238460E
:103F60001146FFF797F806F150023946FFF7BEFAFF
:103F700006F1780205F178014846FFF7B7FA4A469C
:103F800039466846FFF786F80AA8FFF791F84246D7
:103F900021464846FFF7AAFA0AAA21462046FFF71B
:103FA000A5FA6A4641464046FFF7A0FA0AAA6946C2
:103FB0003846FFF79BFA15B0BDE8F0832DE9F84FBE
:103FC0000A9E1C460546904618460F460A4628316A
:103FD000FFF760F8304605F1280AFFF769F8424616
:103FE0002146204605F15009FFF780FA08F1280222
:103FF00031463046FFF77AFA324621465046FFF7FF
:1040000049F82846FFF754F807F1500205F1780BFC
:1040100048461146FFF73EF808F1500207F17801D3
:104020005846FFF763FA5A4649462046FFF732F8EA
:104030003046FFF73DF8524629465846FFF756FAF4
:10404000324629462846FFF751FA22465146504645
:10405000FFF74CFA324621464846BDE8F84FFFF7D5
:1040600045BA00002DE9F047144689460746104638
:1040700004F1280809F1280A04F15005FFF7F4FCBF
:1040800051464046FFF7F0FC09F15001284604F183
:104090007806FFF7E9FC294628460222FFF73EF999
:1040A000494607F1780952463046FEF7F3FF31469C
:1040B0004846FFF7D9FC224641463046FEF7EAFF64
:1040C0004046FEF7F5FF324649462046FEF7F0FF30
:1040D000424629462846FEF7EBFF2A462146384647
:1040E000FFF704FA4246314607F12800FFF7FEF9D0
:1040F0002A46414607F15000FFF7F8F932462146BB
:104100004846BDE8F047FFF7F1B9000038B5FC229A
:1041100004460D4611462846FFF780FE08B9013ACD
:10412000F8D14FF6FF7301322380E270A37038BDDF
:104130002DE9F84F9846C37805460E4693420CD1B8
:1041400011464046571EFFF769FE04464046394671
:10415000FFF764FE844209D1EF70B5F90030934255
:104160000CBF95F902000020BDE8F88F511C4FF0FC
:1041700000098E42A8BF0E4606F1FF3A971B04FACB
:104180000AF4BB466442CA450BF1010B09DD5946EE
:104190004046FFF743FE00FA09F009F10109044423
:1041A000F1E739464046FFF739FE044463422340B5
:1041B00013F0AA0F14BF0120002013F0CC0118BF88
:1041C000022113F0F00340EA010018BF0423511C40
:1041D00003438E1B1E4444FA03F32E80AB70BBE7EF
:1041E000D0E9103210B5D0F8D04000211B1952F19F
:1041F000000228BF0121C0E9103231B1D0E91232EA
:10420000013342F10002C0E9123210BD70B50D4613
:10421000A0F1080600F1780428460835FEF7C0FA38
:10422000E6E90201A642F7D170BD0000F8B50446E8
:104230000D468E180027B54218D0D4F8D030802B08
:1042400007D12046FFF7CCFF0021FEF705FBC4F89D
:10425000D070D4F8D020204615F8011BFEF7D8FE08
:10426000D4F8D0300133C4F8D030E4E7F8BD000012
:1042700008B5FEF7E1FA0843B0FA80F040090138CA
:1042800008BD000000231A468B4202D0C2540133FD
:10429000FAE7704770B59EB005460C46042668469E
:1042A000FFF7E2FB69460AA8FFF7DEFB0AA908460A
:1042B000FFF7DAFB0AAA21461046FFF717F90AAA08
:1042C00069466846FFF712F969466846FFF7CCFB76
:1042D0006A460AA96846FFF709F969460AA8FFF77E
:1042E000C3FB0AA90846FFF7BFFB013EF9D16A46A6
:1042F0000AA968460926FFF7F9F869460AA8FFF7F0
:10430000B3FB0AA90846FFF7AFFB013EF9D10AA9A2
:104310006A4613260846FFF7E9F80AA914A8FFF72A
:10432000A3FB14A90846FFF79FFB013EF9D10AAA97
:1043300014A909261046FFF7D9F80AA90846FFF77D
:1043400093FB0AA90846FFF78FFB013EF9D16A46A5
:104350000AA968463126FFF7C9F869460AA8FFF797
:1043600083FB0AA90846FFF77FFB013EF9D10AA9A2
:104370006A4663260846FFF7B9F80AA914A8FFF7AA
:1043800073FB14A90846FFF76FFB013EF9D10AAA97
:1043900014A931261046FFF7A9F80AA90846FFF725
:1043A00063FB0AA90846FFF75FFB013EF9D16A46A5
:1043B0000AA96846FFF79AF869466846FFF754FB72
:1043C00069466846FFF750FB224669462846FFF7D4
:1043D0008DF828216846FFF755FF0DEB0100FFF728
:1043E00051FF14A8FFF74EFF1EB070BD10B58CB082
:1043F000044602A80191FFF74DFF02A90846FFF706
:1044000033FB02A90846FFF72FFB02A9019A0846D1
:10441000FFF76CF802A90846FFF726FB019A02A9EC
:104420002046FFF763F8282102A8FFF72BFF0CB006
:1044300010BD000070B58AB002460B4601F1280697
:104440006D461868083353F8041C2C46B34203C465
:104450002546F6D11321099B684600244B43694643
:1044600003F180735B160568013408302B4450F863
:10447000045C052C05EBA3634FEA6363F3D11320BF
:10448000002443430868013408310344052C23F019
:104490007C4041F8080C51F8040C00EBA3604FEA93
:1044A000606320F07E4041F8040CEBD11046DDE95A
:1044B000003143EA8161FEF77FF90299019B101DEB
:1044C000C90441EA9311FEF777F90399029B02F1BF
:1044D0000800490341EA5331FEF76EF90499039B42
:1044E00002F10C00890141EAD341FEF765F902F1BE
:1044F0001000DDE9053143EA4161FEF75DF90799F6
:10450000069B02F11400C90441EAD311FEF754F9E5
:104510000899079B02F11800090341EA5331FEF79D
:104520004BF90999089B02F11C00890141EA1351DA
:10453000FEF742F928216846FFF7A4FE0AB070BDD5
:104540002DE9F04F2DED028B9DB00C466422002129
:1045500008EE100A03A8FDF7C7FE0DF10C080022B3
:10456000DFF8E0E0414604F13C099246CDF80080D6
:104570005EF8043B251F8C4600269846284650F8D6
:10458000047FD346DCF800300197019FE8FB073B2E
:104590009B194BF1000681454CF8043BEFD10132E9
:1045A0000E640431092AE3D10021202203A8FDF77B
:1045B0009BFE002103AB8E461A6C0020DFF888A01A
:1045C0009C4690460646C1F108095AF8047BF3461A
:1045D000DCF8002001300197019FE8FB072B9219BE
:1045E0004BF1000648454CF8042BEED3013104335F
:1045F0000829E1D11C3401210020009B1A6855F8DC
:10460000043FD2439B1840EB00025B18009941F82D
:10461000043B009142F10001A542EED103A90846F6
:10462000FFF722FC082203A918EE100AFEF7DAF8B9
:10463000642103A8FFF726FE1DB0BDEC028BBDE888
:10464000F08F00BFA8CD000850C8000810B588B092
:1046500001466846FFF7EEFE9DF8004068462021BF
:1046600004F00104FFF70EFE204608B010BD000064
:1046700030B59FB00D46044650316846FFF7B6FE90
:104680006A4629460AA8FEF731FF6A4605F1280165
:1046900014A8FEF72BFF14A92046FFF7CBFE0AA8AB
:1046A000FFF7D4FFE37F282183EAC010E077684654
:1046B000FFF7E8FD0DEB0100FFF7E4FD14A8FFF79D
:1046C000E1FD1FB030BD000010B590B004461022CF
:1046D00001466846FEF778F869462046FFF730FF46
:1046E00040216846FFF7CEFD10B010BD10B590B068
:1046F0000C4601466846FFF79DFE214608A8FFF7D5
:1047000099FE08A96846FFF7B3FD202104466846D4
:10471000FFF7B8FD0DEB0100FFF7B4FD601C10B012
:1047200010BD0000F0B595B004466846FEF79EFC4B
:1047300069462046FFF7AEFD21460AA8FFF794F927
:104740000AA96A460846FEF7D1FE6846FEF786FCCF
:1047500069460AA8FFF7CAFF694606466846FEF79B
:104760008FFC0AA8FFF7C2FF104A054668461146AB
:10477000FEF786FC69460AA8FFF7B8FF0746214600
:1047800068460A4AFEF7B2FE45EA07026946204635
:10479000FEF79CFC28210DEB0100FFF773FD684636
:1047A000FFF770FD46EA050015B0F0BD00C900082E
:1047B000DFF880C02DE9F0419046A0B004460E46D7
:1047C0001D4600F108070CF138026346083703CB99
:1047D000934247F8080C47F8041C9C46F5D186EA3A
:1047E0000522124B0021534000222360104B6360CE
:1047F0000023C4E93416C4E91023C4E912238DB19F
:104800007C2201A80091FDF76FFD2A4641466846CB
:10481000FDF744FD694604F15000FFF7F7FC8023E3
:10482000C4F8D03020B0BDE8F08100BF08C9BDF2A7
:1048300067E6096AC8C80008002340211A46FFF746
:10484000B7BF00008830FFF7F7BF00002DE9F04741
:1048500004460D4617469AB3D0F8D0604FF0000AD0
:1048600004F150094FF08008764206F07F06964228
:1048700028BF164632463544BE1BFFF7D7FC26F04C
:104880007F072F44AF4213D0D4F8D030802B07D10C
:104890002046FFF7A5FC0021FDF7DEFFC4F8D0A0FD
:1048A00029464846FFF7B2FC8035C4F8D080E9E7D6
:1048B00006F07F0239462046BDE8F047FFF7B6BC58
:1048C000BDE8F0878830FFF7C1BF00002DE9F8434D
:1048D00004460D46D0F8D0607F2E06D8324600211F
:1048E00020460136FEF794FBF6E72046A4F10807C0
:1048F000FFF776FC0121FDF7AFFFD4F8D4202E4658
:1049000022F00708A84446450CD057F8081F304647
:10491000D7F80490FDF750FF301D08364946FDF7E3
:104920004BFFF0E722F00703D4F8D4209A4217D9BE
:1049300003F0070223F00700DE08D100204454F8FA
:1049400036204768C1F12006A1F12000CA4007FACD
:1049500006F627FA00F032430243EA540133E3E754
:104960002046D821BDE8F843FFF78CBC8830FFF71C
:10497000ADBF000010B5B6B004466846FFF718FF9B
:104980006846DDE93812FFF761FF21466846FFF708
:104990009DFF36B010BD0000002307B5CDE9001221
:1049A0001A464021FFF7E6FF03B05DF804FB000064
:1049B00003689B68184700002DE9F0410E46044645
:1049C00015460139024606F13F0042F8043B11F852
:1049D000017F814202F8017BF9D16A1E04F1640172
:1049E00005F11F0012F8017F824201F8017BF9D125
:1049F00020465B6898472368314620469B68202202
:104A000098472368294620469B682022BDE8F0414C
:104A100018470000014BFFF7CFBF00BFCCCD000807
:104A2000FFF7C6BF2DE9F04F8046ADF56F7D054617
:104A300058F8043B16A905F1240A05F16409DB685E
:104A400026AC984716A8FFF73FFE0822514604A857
:104A5000FDF7BAFE494630A8FEF74CFB3AA8FEF730
:104A6000FDFA30A944A8FEF7FFFF864A44A9204674
:104A7000FEF73CFD44A93AAA0846FEF719FB20467A
:104A80002146FEF707FB44A92246FEF72FFD2146EB
:104A90002046FFF747FE28B94FF0FF300DF56F7D38
:104AA000BDE8F08F224644A92046FEF71FFD2046B0
:104AB000FFF7CCFD95F88330B0EBD31F03D0214630
:104AC0002046FEF7DDFA44A830AA2146FEF70EFD87
:104AD00004A8FFF7B1F90028DED121462046FEF7F1
:104AE000CFFA44A94EAF0846FEF7CAFA76AA214685
:104AF0003846FFF7B7FA21469EA8FFF7EBF99EAAC2
:104B0000394676A8FFF702FA76A9C6A8FFF7E2F9B8
:104B100016A902A8FFF7FAFA03A85146FFF7F6FA1A
:104B20009DF80B609DF80F3020469E4238BF1E4610
:104B3000FFF7BEF93A4621462046FFF793FA16AB37
:104B40003246032102A8FFF7F3FA05465346052132
:104B500003A8FFF7EDFA002D834623DD6D10A02298
:104B60009EAB02FB053221462046FFF7CFF9BBF191
:104B7000000F3ADD76AB44494FEA6B0B7822009385
:104B8000204602FB0B120CAB2146FFF717FA013E41
:104B9000D0D226A94846FFF76BFD49464046FFF7AD
:104BA00067FB7BE7E3D005EBD5756FF09F019EAB0C
:104BB00080A86D104D435919FEF758FA9EAB05F1C8
:104BC000280176A81944FEF751FA9EAB05F1500171
:104BD0008AA81944FEF74AFA9EAB05F1780194A819
:104BE0001944FEF74DFA76AABDE7D0D00BEBDB7384
:104BF000254A6FF0770530A95B100CA803FB05254B
:104C00002246FEF747FA76A8FEF752FA0CA905F1FC
:104C100028020846FEF76AFC76A92A460846FEF7EF
:104C200065FC76AA0CA930A8FEF734FA2046FEF7F8
:104C30003FFA3AAA11461046FEF72CFA44A905F1AC
:104C400050020846FEF752FC44AA3AA90CA8FEF707
:104C50002FFA76A8FEF71EFA30AA214644A8FEF7DE
:104C600045FC76AA21462046FEF740FC30A90CAA56
:104C70000846FEF73BFC76AA0CA93AA8FEF736FCDC
:104C800085E700BF70C8000828C9000801218842D4
:104C900038BF084605F0F6BB08B105F0F7BB704712
:104CA00010B5084C01220849002001F0B5FE237818
:104CB0003BB1064803F092FF044803F0C5FF002310
:104CC000237010BD18340020E0CD0008F836002015
:104CD0001D482DE9F041036D2BB901224FF480519D
:104CE000503005F033FD194E33780BB1FFF7D8FF84
:104CF0000324174F4FF00008134D15492846C7F8F5
:104D0000048003F093FF284603F0CCFD48B1013C3A
:104D1000284603F099FF14F0FF04EED120463470CA
:104D20000FE00C4901220C4801F076FE014618B153
:104D3000284603F053FFEAE7084800F013F8012083
:104D40003070BDE8F08100BFF83600201834002034
:104D50003C220020E0CD00081C340020E4CD0008F7
:104D600002F0B4BC0FB4002004B070470068704774
:104D700003460068596870470B0A017043700B0CBA
:104D8000090E8370C1707047110A0270037141707F
:104D9000110C120E8170C2701A0A42711A0C1B0E8D
:104DA0008271C37170470000C36A0239023B8B42B3
:104DB00083BF4389006C01FB0300002070470000A3
:104DC000C2F307238A76CB760378032B01BF120C3C
:104DD0000A75120A4A75704700F10B010022D301CF
:104DE00043EA520310F8012B52FA83F38842DAB2F5
:104DF000F5D110467047000010B5417804460020F8
:104E0000013102464901022A16BFA35C032203EBCB
:104E1000C03302F101021EBF9BB203EB500398B2F4
:104E20009142F0D810BD000002684AB1134613F851
:104E3000011B1F290DD93A29F9D1911C8B4202D0AF
:104E40004FF0FF3070471278302AF9D1036000200C
:104E50007047014B187870476836002038B50D460A
:104E6000044618B9092000232B6038BD0368002BC5
:104E7000F8D01A78002AF5D08188DA889142F1D1E9
:104E8000587804F069FE10F00100EBD12368EBE7DD
:104E900038B50D4640F25231144602F0B9F9FF28F8
:104EA00007D9012C0BD9030A022468702B70204605
:104EB00038BD30B1002CFAD001242870F7E7002467
:104EC000F5E70446F3E700002DE9F8430026D0F8A3
:104ED000008005460C468E76836B002B4AD098F8EE
:104EE0000030042B4BD133463546402720E0B7F540
:104EF000187F80F0C480F90606F1010608BF02376A
:104F0000D05B02372BB900F5205292B2B2F5006F98
:104F10000DD305F11A01C5F1FF0240EA0340214417
:104F2000FFF7B6FF002800F0AA80054400200346E2
:104F3000D8F8102092F82310B142D8D8002B40F0B6
:104F40009E80002D00F09B8000232544AB76637388
:104F5000D8F81020137903F03701DB0621730BD446
:104F600002F13800FFF704FFC4E90001938963816F
:104F7000D3892381BDE8F88300200146F4E7C36CA0
:104F800001335ED1EA6B00232E26551E184615F814
:104F9000011F013020290CD0052908BFE52109286F
:104FA00004D10B2B9EBFE71801337E73E718013342
:104FB00079730B28EBD1E11800204873A17E0029FA
:104FC0004BD1002B40D06FF00C0604F10D000825EA
:104FD000361B331810F8011B002938D02E298BB24C
:104FE0004AD0A3F14101192903D8117B0D4200D009
:104FF00020330373EDE7B9F1000F05D100F520531D
:105000009BB2B3F5006F0BD307F11A01C7F1FF0292
:1050100040EA09402144FFF73BFF48B10744002024
:1050200002368146D8F80C30985B0028E3D1384628
:10503000B9F1000F4FF0000218BF002023189A7634
:10504000A0E7B1463746EDE73F23A376012323448B
:1050500000219976137B03B96373D37A02F11C00A4
:1050600003F03F0323730023FFF780FE206063609B
:10507000D38A6381138B7CE710250B46B9E73F2366
:105080000125A37660E7000038B50546002435F811
:10509000020B08B9204638BD02F0EEF86308C2B230
:1050A00003EBC43312FA83F39AB2C0F3072303EB82
:1050B000520303EBC2339CB2E9E7000037B5C37873
:1050C00004461BB90025284603B030BD00F14C0151
:1050D000826C01234078019104F064FD054680B99B
:1050E000A36BE070A06C226BC31A9342EAD2A37840
:1050F0000199022BE6D102440123607804F052FDAD
:10510000E1E70125DFE7000038B5836C05460C4672
:105110008B4210D0FFF7D2FF60B92246012305F180
:105120004C01687804F01AFD00281CBF4FF0FF34D2
:105130000120AC6438BD0020FCE7000038B5002336
:105140000446C3704FF0FF338364FFF7DDFF002890
:105150004BD1B4F84A524AF655239D4207D10B224F
:10516000254904F14C0007F007F900283FD094F8D6
:105170004C30EB2B03D01833DBB2012B2ED84AF680
:1051800055239D4206D108221C4904F19E0007F0D8
:10519000F3F848B3B4F85730B3F5007F1ED194F854
:1051A0005930DBB15A1E1A4218D1B4F85A30ABB19B
:1051B00094F85C30013B012B10D8B4F85D306BB132
:1051C000B4F85F307F2B06D804F16C00FFF7CEFDFA
:1051D000B0F5803F02D3B4F8623053B94AF6552097
:1051E00085420CBF0220032038BD0420FCE70120CB
:1051F000FAE70020F8E700BF10CE00081CCE000838
:1052000002392DE9F04701F007044FF0010A466C1E
:1052100005460AFA04F41746984606EB1136C1F320
:10522000C809E4B2314628460136FFF76DFF18B1D0
:105230000120BDE8F087994605EB090292F84C3051
:10524000234214BF01210021414513D06340013F97
:1052500082F84C3085F803A0EBD0640014F0FF0412
:10526000EAD109F1010301244FF00009B3F5007FF1
:10527000E1D1D7E70220DCE701290246F8B50C4668
:1052800040F28C800668F36A8B4240F28780337864
:10529000013B032B00F28280DFE803F00229384B48
:1052A00004EB5405B16B304601EB5521FFF72CFFA1
:1052B00010B14FF0FF30F8BD6F1CC5F30805B16B9E
:1052C0003046354401EB572195F84C50FFF71CFF51
:1052D0000028EED1C7F30807E3073E4496F84C00D8
:1052E00045EA00204CBF0009C0F30B00E3E7B16BB7
:1052F000304601EB1421FFF707FF0028D9D16400E5
:1053000004F4FF742644B6F84C00D4E7B16B304681
:1053100001EBD411FFF7F8FE0028CAD1A40006F172
:105320004C0004F4FE742044FFF720FD20F0704090
:10533000C1E7D0E90430D57953EA000101D0916882
:1053400001B95DBB9168022DA4EB01010DD1013BB8
:10535000728940F1FF305B0A43EAC053B3FBF2F3BA
:1053600099421BD81CD0601CA5E7032D02D193697C
:105370008B42F8D8D3699BB9B16B304601EBD4119D
:10538000FFF7C2FE002894D1A0004C3600F4FE7056
:105390003044FFF7EBFC20F000408CE701208AE767
:1053A0006FF0004087E70000F8B5066804460D4638
:1053B0003378042B0CBF4FF080524FF400128A4216
:1053C00001D80220F8BDCA06FBD182680163D2B9B8
:1053D000022B13D83389B3EB551FF2D9F36BA363B8
:1053E000A36B6263002BECD003EB55234C36C5F363
:1053F00008050020A3633544E563E3E7F36BC2715E
:10540000002BE7D01A4677897F02BD42114604D2AD
:105410003046FFF7C9FCA063E2E72046FFF72CFF08
:10542000431C024606D00128CBD9F36A8342C8D96F
:10543000ED1BEAE70120C5E701292DE9F047064603
:105440000C46174608D9C36A8B4205D90378022B4C
:1054500062D003D8012B22D0022552E0033B012B5E
:10546000FAD8816B01EBD411FFF74EFE05460028F8
:1054700047D1A40006F14C0304F4FE741C443378B5
:10548000042B07D0204627F07047FFF76FFC00F091
:105490007040074339462046FFF76EFC2FE001EBD2
:1054A0005108816B01EB5821FFF72EFE054640BBEA
:1054B00014F0010406F14C0908F1010AC8F30808C8
:1054C00008BFFBB230461FBF19F8083003F00F02C7
:1054D0003B0103F0F00318BF134309F80830012320
:1054E000B16BF37001EB5A21FFF70EFE054640B990
:1054F000CAF3080A44B1C7F3071709F80A70012371
:10550000F3702846BDE8F08719F80A30C7F303277F
:1055100023F00F031F43F0E7816B01EB1421FFF72A
:10552000F3FD05460028ECD1640006F14C0304F4B9
:10553000FF741F551919C7F307274F70DFE70000E5
:10554000F8B504460E461746E3690BB91846F8BD90
:10555000012BA6EB0305206814BFAA1C3A46691C60
:10556000FFF76AFF0028F2D1E369013BE361EBE753
:1055700001292DE9F84306460C461746056802D86E
:105580000220BDE8F883EB6A8B42F9D97AB9A146CB
:1055900021463046A046FFF76FFE0446B0B92B788F
:1055A000042B02D1002F43D1F7710020E9E72B78BB
:1055B000042B02D1C379022BE9D04FF0FF323946D8
:1055C0002846FFF739FF0028E1D0DAE70128D7D0D5
:1055D000421C01D10120D4E72B78042B19D1EA6AAF
:1055E000AB69023A93421CD308F10102A2420CD0EB
:1055F0002B78042B08D10023A2EB09024946284648
:10560000FFF7FEFD0028BCD1A146EB6AA342BFD83C
:10561000C5E7002241462846FFF70EFF0028DED0EE
:10562000AFE70133AB612B7943F001032B71DBE76B
:10563000F3798BB9B468BC4202D10223F371B4E7A9
:1056400021463046FFF718FE012899D9431CC1D0E6
:1056500001348442EFD0A8E7032BA6D1B368BB4244
:10566000A3D8B2691344BB429FD3E6E770B5C379B0
:105670000446032B06D181688369CD18A94203D162
:105680000023E371002070BD4E1C20683246FFF7F6
:10569000D3FE0028F7D13146F0E700002DE9F743AB
:1056A00005460191FFF70AFD0446002849D105F19E
:1056B0004C09019928464FF40072FFF775FB21460B
:1056C000A86407464846FCF70FFE6C896402B4F5EF
:1056D000004F28BF4FF40044B4F5007F2FD9204677
:1056E00004F0D8FE804630B122460021640A00262C
:1056F000FCF7FAFD09E06408EEE72346BA194146D3
:10570000687804F04FFA18B926446B899E42F4D3A6
:10571000404604F0CFFE6889801B18BF012003B00B
:10572000BDE8F08301366B899E42F4D20123BA1999
:105730004946687804F036FA0028F3D0EBE70026F3
:10574000F1E70120EBE70000F8B50446FFF7B6FCEF
:105750000546002842D12378032B37D12779012F22
:1057600034D104F14C0601464FF400723046FCF788
:10577000BBFD55234122722184F84A32AA2304F545
:105780000D7084F84F2084F84B32522384F8301285
:1057900084F84C3084F84D30612384F8311284F859
:1057A0004E3084F83332A16984F83222FFF7E4FAEC
:1057B000616904F50E70FFF7DFFA626B3B46314614
:1057C00001326078A26404F0EDF92571002260785E
:1057D000114604F00BFA003818BF0120F8BD000094
:1057E00000232DE9F0430B6085B00F461546FFF707
:1057F0001BFB061EC0F2B281804B53F82640002CE2
:1058000000F0AE813C6005F0FE0523786BB1607856
:1058100004F0A2F9C70708D41DB110F0040500D0A8
:105820000A25284605B0BDE8F0830023F0B22370B6
:10583000607004F07DF9C10700F194810DB1420759
:10584000EED400212046FFF779FC022840F0998031
:105850006E4604F2122304F25221324618461033E7
:10586000FFF784FA42F8040B8B42F7D1002556F873
:10587000041B00297DD02046FFF760FC012879D861
:105880000128A26C40F0C08004F1570304F18C01A0
:1058900013F8015B002D7BD18B42F9D1B4F8B43001
:1058A000B3F5807F74D194F8B830092B70D104F12E
:1058B0009400FFF75DFA4FF0FF33171841F1000134
:1058C000BB4275EB010363D304F1A000FFF74EFA6E
:1058D00094F8BA302063012BA37059D194F8B99091
:1058E00003FA09F91FFA89F36381002B50D0444B66
:1058F00004F1A800FFF73AFA0646984248D8831CFC
:10590000626304F1A400E362FFF730FA00EB0208DF
:1059100004F19C00C4F84080FFF728FA10441FFAF5
:1059200089F2A06306FB02F313EB080345EB0502C3
:105930009F4271EB02032BD32E4604F1AC00FFF71C
:1059400015FAE06365B96389B34221D9E16B20465A
:10595000FFF72AFA81192046FFF7D6FB98B90136DE
:10596000631993F84C30812B14D02035C5F308050A
:10597000E8E703200135042D7FF479AF042807D12F
:1059800001E0042801D101254BE701287FF678AF1B
:105990000D2546E705F1140004F14C063044FFF7ED
:1059A000E5F901280546F3D9E36A8342F0D9618914
:1059B000821E236C02FB01336364A16B204601EB62
:1059C000D511FFF7A1FB0028DDD105F07F0006EB24
:1059D0008000FFF7CBF9431C03D00135A842ECD07F
:1059E000D6E70425C4E90500064A2570002513887A
:1059F000E56101339BB21380E38012E76C3600202F
:105A0000FDFFFF7F70360020B4F85730B3F5007FFC
:105A1000BED1B4F8626026B904F17000FFF7A6F9B0
:105A2000064694F85C302663591EA3700129AFD84E
:105A300094F859506581002DAAD0691E2942A7D13A
:105A4000B4F85D8018F00F0FA4F80880A0D1B4F866
:105A50005F0018B904F16C00FFF788F9B4F85A1028
:105A6000002995D006FB03FE01EB181CF4446045A9
:105A70008ED3A0EB0C00A842B0FBF5F388D33E48D0
:105A8000834285D84FF6F57083426DD903259F1C5C
:105A9000114402EB0C03032DE7626263A1632364EC
:105AA0004CD1B4F8763053EA08037FF471AFBB00F1
:105AB00004F17800FFF75AF9E06303F2FF13B6EB45
:105AC000532FFFF465AF4FF0FF33032DC4E90533C7
:105AD0004FF08003237187D1B4F87C30012B83D140
:105AE000511C2046FFF710FB00287FF47DAFB4F86F
:105AF0004A224AF6552320719A427FF475AF1F4B14
:105B000004F14C00FFF732F998427FF46DAF03F1D6
:105B1000FF5304F50C70FFF729F903F50053203308
:105B200098427FF461AF04F50D70FFF71FF9A06193
:105B300004F50E70FFF71AF9606155E7B8F1000F30
:105B40003FF426AF7144022D4FEA4703E1631EBFC5
:105B5000D91907F0010303EB5103AEE70B2560E60B
:105B60000C255EE603255CE640F6F575AB428CBF7E
:105B7000022501258BE700BFF5FFFF0F525261415F
:105B80002DE9F84F07460568884649B96E69C6B1E0
:105B9000EB6AB34298BF0126AB69A3B9002405E0C4
:105BA000FFF76AFB0128044603D801242046BDE81C
:105BB000F88F421C00F0D280EB6A8342F6D846464A
:105BC000EAE70126E8E72A78EB6A042A40F08380B6
:105BD000A6F1020A023B4FF0010B9A4528BF4FF095
:105BE000000AD146696C284601EB1931FFF78CFA9F
:105BF00000283BD109F00703EA6AC9F3C8010BFA90
:105C000003F3901EDBB26A184C4609F1010992F8C1
:105C10004C20814502EA030233BF5B0000234FF4AE
:105C20000071DBB228BF9946B2B90234631E033358
:105C3000BCD80123214628461A46FFF7E1FA02287C
:105C4000B3D0012800F08A80B8F1000F13D10223ED
:105C5000FB710028A9D130E0CA450AD0002BD2D16F
:105C60000131B1F5007FBDD20123CCE74FF0FF3405
:105C7000DCE70024DAE7FB79022B07D1731CA3428F
:105C8000E7D0BB68F31ABB610323FB7108F1010283
:105C9000FB69A24205D113B10133FB61D9E70223AD
:105CA000FBE70BB90123FB61224641463846FFF76B
:105CB00047FC00284FD10123FB61EA6AAB69023A35
:105CC0006C6193429CBF03F1FF33AB612B7943F0CE
:105CD00001032B716AE7464514D1741C3846A34270
:105CE00098BF02242146FFF7C7FA01283FF45DAFB1
:105CF000431C33D0E0B16B69012B03D9EA6A9342AC
:105D000038BF1E4634460134EB6AA34203D8012E45
:105D10007FF644AF022421463846FFF7ADFA48B17A
:105D200001283FF442AF013018D0B442EBD135E73F
:105D3000002CE7D04FF0FF3221462846FFF77CFBCE
:105D400048B9B8F1000FB8D0224641462846FFF7BF
:105D500073FB0028B1D001287FF427AF4FF0FF3448
:105D600024E700002DE9F84306680446076B8946DE
:105D700033782037042B0CBF4FF080534FF40013BF
:105D8000BB429CBF00238363836B73B1C7F30808D6
:105D9000B8F1000F3CD10133416B836339B93389CA
:105DA000B3EB571F34D80023A36304200AE07389A0
:105DB000013B13EA57232BD1FFF75EFA0128054672
:105DC00002D80220BDE8F883421C01D10120F9E786
:105DD000F36A834216D8B9F1000FE4D0616B204614
:105DE000FFF7CEFE0546C8B10128EAD0431CEDD02E
:105DF00001463046FFF752FC0028E7D1E37943F033
:105E00000403E371294630466563FEF7CDFFA063C6
:105E10004C36002027634644E663D3E70720D1E7EA
:105E2000F8B50E46002104460768FFF7BDFA98B999
:105E30000546A16B3846FFF767F968B93A78E36B16
:105E4000042A1B780CD11B060ED5054601212046DD
:105E5000FFF788FF0028ECD0042808BF072006E0E1
:105E6000E52B01D0002BF0D10135B542EED1F8BDC4
:105E7000C16C4B1C2DE9F04104460568066B1FD12F
:105E8000E5274FF00108A16B2846FFF73DF998B9C7
:105E90002A78E36B042A09BF1A781F7002F07F0288
:105EA0001A7085F80380236BB3420DD2002120467F
:105EB000FFF758FF0028E6D0042808BF022003E0BF
:105EC000FFF772FA0028DBD0BDE8F0812DE9F04140
:105ED00005460068A96B0669FFF716F9044620B964
:105EE000EB6B1A78852A03D002242046BDE8F081A6
:105EF000324603F1200153F8040B8B4242F8040BA5
:105F0000F9D1777801377F01A7F16003B3F5007FFE
:105F1000EAD800212846FFF725FF04280446E3D0ED
:105F20000028E2D1A96B2868FFF7EEF804460028A4
:105F3000DBD1EB6B1A78C02AD6D106F1200203F12F
:105F4000200153F8040B8B4242F8040BF9D196F868
:105F500023300F222C33B3FBF2F3B7EB431FC3D331
:105F60004FF0400800212846FFF7FCFE04280446B5
:105F7000BAD00028B9D1A96B2868FFF7C5F8044644
:105F80000028B2D1EB6B1A78C12AADD1B8F5187FD1
:105F900009D206EB080203F1200153F8040B8B42EF
:105FA00042F8040BF9D108F120084745DAD8B8F5D2
:105FB000187F9AD83046FEF71FFF7388834294D02B
:105FC00092E700000B68002210B5036004460B6ADC
:105FD00083604B6AC261C37123F0FF03896AC0E921
:105FE0000432C164FFF7E0F920B92046BDE8104053
:105FF000FFF76CBF10BD0000F8B503680546012728
:106000001C692046FEF7F8FEA070000A6678E07072
:106010002846E96CFFF7C8F920B1022828BF022002
:10602000C0B2F8BDA96B2868FFF76EF80028F4D15C
:10603000EB6B04F1200254F8041B944243F8041B58
:10604000F9D12B68DF70002EE7D000212846013EF1
:10605000FFF788FEE0E700002DE9F8434FF0FF0866
:1060600006460768042445464FF6FF79B16B11B91F
:10607000002C73D063E03846FFF746F8044600284A
:106080005DD1F06B0378002B6ED03A78042A11D1E1
:10609000852B4DD1336B3046F364FFF717FF044671
:1060A00000284CD13B691B7903F03F03B3712046B4
:1060B000BDE8F883C27AE52B02F03F02B27143D00B
:1060C0002E2B41D022F0200108293DD00F2A40D1AB
:1060D000590637D503F0BF05336B90F80D80F36494
:1060E000437B434530D1428B72BB03780D21FC6862
:1060F00023F04003DFF874E0013B4B4301211EF81D
:1061000001CB30F80CC009B3FF2B1DD824F813C005
:106110006146013301320D2AF1D10278520605D5CC
:1061200021B1FF2B10D8002224F81320013DEDB23D
:1061300000213046FFF716FE0446002896D00023C3
:10614000B363B4E7AB42CBD0FF25F1E7CC45E1D058
:10615000FAE72DB9FEF740FE404501D10024A6E73D
:106160004FF0FF33F364A2E70424E8E7B8CE000859
:106170002DE9F04F002187B00446D0F80090FFF7DA
:1061800013F9804670B999F80030042B33D1D9F84F
:106190000C00FEF779FF07462046FFF75DFF054636
:1061A00020B18046404607B0BDE8F08FD9F81030E6
:1061B0009A8CBA42F0D193F823B040265D4506D1BF
:1061C000D9F80C3033F81530002BE5D1EAE7F106A9
:1061D000D9F8103008BF0236985B01F04DF8D9F8B5
:1061E0000C30824633F8150001F046F88245D3D1D1
:1061F00002360135E2E74FF0FF0A4FF0FF3B55460C
:10620000C4F84CB0A16B4846FEF77EFF00285CD175
:10621000E66B3778002F77D0F27AE52F02F03F0354
:10622000A37103D0120704D50F2B04D0C4F84CB0CF
:106230004FE00F2B54D194F84B3058063FD47906D9
:1062400045D5236B07F0BF0796F80DA0E364737B79
:1062500053453ED1738B002B3BD135780121D9F8C2
:106260000C3005F03F0501930D23013D5D43284BA4
:1062700013F8012BB25A71B3FF2D059329D810469C
:10628000049200F0F9FF6B1C03900293019B33F81A
:10629000150000F0F1FF039981421AD1049A029D82
:1062A0001146059B1B4A9342E2D133785A0604D526
:1062B00019B1019B33F815305BB97D1EEDB2002199
:1062C0002046FFF74FFD00289CD080466AE7BD427C
:1062D000BDD0FF25F3E74FF6FF708242E2D0F8E72A
:1062E0002DB93046FEF778FD50453FF45BAF94F88A
:1062F0004B30DB079AD40B2204F14001304606F004
:106300003BF8002892D14DE74FF004084AE700BF60
:10631000B8CE0008C5CE00082DE9F04F90F84BB07C
:1063200099B004461BF0A00540F068810668F26849
:1063300032F81530002B4AD13378042B40F0878097
:106340000F230E352046B5FBF3F5A91CFFF768FDBA
:106350008146002877D1236B0135A3EB4515E379FE
:106360005A07E56435D523F004032046E371FFF7AF
:106370007DF950BB4FF0FF32616B2046FFF7E0F82C
:1063800018BBA3682BB3214604A8FFF71BFEE0B996
:1063900070894FF40071D4E90423E0FB01233069D4
:1063A000C4E904233830FEF7EFFC3069D4E9042354
:1063B0002830FEF7E9FCE379326904A843F00103D1
:1063C00082F82130FFF718FE18B181463BE0013515
:1063D000AEE7D6E90354402200212046FBF784FFB4
:1063E0008523012140222370C0234FF0C10C04EB10
:1063F000010884F8203000231E469E46571C04F8EE
:1064000002C0F0B2023204F807E021B135F81310EF
:1064100009B10133DBB20F0AA15408F8027002324D
:10642000D706F2D135F813700136002FE6D184F883
:106430002330831C28466370FEF726FE84F8240070
:10644000000A84F82500484619B0BDE8F08F04F131
:1064500040070DF1100A1BF0010F97E807008AE8CA
:10646000070000F0D38040234FF0010884F84B3040
:10647000BC46F368B8F1050F9AE80700ACE80300E2
:106480002CF8022B4FEA12428CF8002059D9981EA2
:10649000424630F8021F002942D10DF10F0C0721AE
:1064A00002F00F0E914612090EF13000392888BF14
:1064B0000EF1370001390CF8010902D0B9F10F0FC4
:1064C000EED818AB7E205A1802F8580C3846002235
:1064D000914206D010F801CB02F1010EBCF1200F61
:1064E00031D104F13F0C072902F1010297BF18AB2B
:1064F00020205818013198BF10F8580C072A0CF8C2
:106500000200F0D92046FFF733FE8146002878D1FB
:1065100008F10108B8F1640FAAD14FF0070992E71A
:106520004FF0100C01F0010E49080EEB4202D303AC
:1065300044BF82F4883282F02102BCF1010CF1D117
:10654000A7E74246A9E77246C2E7216B2046A1EBC6
:106550004511FEF729FF814600287FF474AF4FF6FE
:10656000FF783846FEF738FC0190A16B3046FEF705
:10657000CBFD814600287FF466AFE36BE9B2019A58
:106580004FF00D0CD6F80CE05A734FF00F02DFF805
:10659000E0A0DA724A1E18730CFB02F28446987669
:1065A000D87640451AF8019B0CF1010C18BF3EF853
:1065B000120003EB090B18BF013203F809004FEA80
:1065C0001029002808BF4046BCF10D0F8BF8019040
:1065D000E7D1404502D03EF812200AB941F040010F
:1065E0001970012300212046F370FFF7BBFB8146A1
:1065F00000287FF428AF013DB7D11BE04FF006091A
:1066000021E704287FF41FAF84F84BB01BF0020F82
:1066100020461BBF0C350D210125B5FBF1F518BF38
:1066200001352946FFF7FCFB814600287FF40BAFBC
:10663000013D8AD1A16B3046FEF766FD81460028F8
:106640007FF401AF01462022E06BFBF74DFEE36BC8
:1066500003CF18605960BA7839889A72198194F812
:106660004B30E26B03F0180313730123F370EAE677
:10667000B8CE000810B504460A463430FEF776FB63
:10668000886004F13800FEF773FBC2E9040194F856
:10669000213003F00203D3710023D36110BD000049
:1066A00003284B8B04BF8A8A43EA0243184670478B
:1066B0002DE9F04F0B7899B0044689462F2BD0F87E
:1066C00000B001D05C2B09D14A46137891460132C3
:1066D0002F2BFAD05C2BF8D0002301E0DBF81C3024
:1066E000A3600023E3619BF80030042B1ED1A36854
:1066F000E3B1DBF82030214604A82362DBF8243024
:106700006362DBF82830A362FFF75CFC03460028D5
:1067100054D1DBF8102002F13800FEF727FBC4E962
:10672000040392F8213003F00203E37199F800307A
:106730001F2B00F2358180230021204684F84B3046
:1067400019B0BDE8F04FFEF72FBE49460B788946D9
:1067500001312F2BFAD05C2BF8D01F2B8CBF0025DA
:106760000425012F2FD113882E2B31D1002322F89D
:10677000173004F140029F428CBF2E2120210133AB
:106780000B2B02F8011BF6D145F02005204684F8BA
:106790004B50FFF7EDFC94F84B30002800F0E780F9
:1067A00004280BD1990603F0040240F1DC80002A92
:1067B00000F0F6808023002084F84B3019B0BDE84B
:1067C000F08F0425CDE7022F02D153882E2BCAD09B
:1067D000911E87BB002322F81730002F00F0118193
:1067E00032F81300194601332028F9D009B92E28B0
:1067F00001D145F00305901E30F817302E2B01D043
:10680000013FF9D14FF020334FF0000A6364D046C6
:106810002364C4F847300823481C32F81160009004
:10682000F6B1202E03D02E2E0DD1B84210D045F057
:1068300003050099F0E731F81730202B01D02E2BFB
:10684000C8D1013FC5E79A4505D20099B9423BD16D
:106850000B2B30D101E00B2B27D145F003050B2387
:1068600094F84020E52A04BF052284F84020082B34
:1068700004BF4FEA88085FFA88F808F00C030C2B75
:1068800003D008F00303032B01D145F00205A8074C
:106890003FF57CAF18F0010F18BF45F0100518F058
:1068A000040F18BF45F0080570E70099B94202D0FF
:1068B00045F00305D4D84FEA88080B234FF0080AA7
:1068C00000975FFA88F8B4E77F2E15D9304640F27A
:1068D0005231CDE9022345F00203019300F098FC08
:1068E00010F0800F0646DDE9022316D000F07F0687
:1068F00046498E5D019D46B331464548CDE90123A9
:1069000005F086FDDDE90123F8B9A6F1410189B260
:1069100019291ED848F0020810E0FF28EAD9591EAC
:106920008A4503D345F003059A4682E704EB0A0142
:10693000000A0AF1010A019D81F8400004EB0A01F6
:106940000AF1010A81F8406073E745F003055F260C
:10695000F4E7A6F1610189B219299EBF203E48F0F3
:106960000108B6B2EAE7002A08BF052026E75A0761
:106970003FF524AFA379DB0645D59BF8000004283A
:1069800035D1A3682146E27923622369DBF8100040
:1069900023F0FF0313436362E36CA362FFF76AFE15
:1069A00023680027DA6819F8010B00283FF409AFC3
:1069B00040F25231009200F04BFC054608B31F280C
:1069C000009A7FF6FEAE2F283FF4BFAE5C283FF45E
:1069D000BCAE7F2805D801460E4805F019FD009A87
:1069E00078B9FF2F0DD022F817500137DBE7216B64
:1069F0000BF14C03C1F308011944FFF751FEA060ED
:106A0000CEE70620DAE60520D8E600BF38CE00083B
:106A100031CE000828CE00081FB5CDE9001003A82C
:106A200014460391FEF700FA002815DB0B4A52F8D2
:106A300020300BB100211970019B0BB1002119709E
:106A400042F820302CB1002201A96846FEF7C8FEAA
:106A50000446204604B010BD0B24FAE76C36002033
:106A60002DE9F04798B0904605460191002800F0C6
:106A7000528102F03F0603A901A83246FEF7B0FE9C
:106A8000002840F04681039B4FF48C60049303F090
:106A900001FD0746002800F04081039B00F50072CD
:106AA0000199D86004A81A61FFF702FE044620B9D4
:106AB0009DF95B30002BB8BF062418F01C0F00F0C6
:106AC000CD80002C4CD0042C40D104A8FFF724FC2E
:106AD000044600283AD146F00806039B1A78042A97
:106AE00040F08380186929462B60FFF7C3FD039BA4
:106AF0001E22002118690230FBF7F6FB039C0021DF
:106B00001A2220692630FBF7EFFB236920221A7135
:106B1000246903F0F9FC0146012208342046FEF7FF
:106B20002BF9039B04A81B6983F82120FFF764FA63
:106B3000044658B9A96801B302462846FEF718FD75
:106B4000AB68039A0446013B5361B4B1384603F085
:106B5000B1FC0CB100232B60204618B0BDE8F087D3
:106B60009DF8163013F0110F40F0848018F0040FD8
:106B700040F0C98018F0080FAFD1039A310713997C
:106B8000936C48BF46F04006E964AB641078042873
:106B900072D1069B9DF817102B62089B106923F099
:106BA000FF030B4329466B62179BAB62FFF762FD45
:106BB000DDF80CA00024002205F15008BAF80630D8
:106BC00021464046C5F800A0AB80002385F8306020
:106BD00085F831406C64C5E90E234FF40072FBF771
:106BE00083FBB20653D40024B0E703F08DFC0146CA
:106BF000009013980E30FEF7BFF8139800991630E6
:106C0000FEF7BAF8039C13992078FFF749FD20237B
:106C100000228046CB7220461399FEF7D1F8139BD1
:106C2000002201211A775A779A77DA77039BD97075
:106C3000B8F1000FA1D0414604A8D3F84890FEF760
:106C400097FC0446002881D149460398FEF75CFA78
:106C5000039B044608F1FF30586176E7002C7FF46F
:106C600075AF9DF81630DC064FD418F0020F84D0B3
:106C7000D80782D5072469E7FFF712FD0023A86033
:106C800001F11C00FEF772F86B61286190E7D5E90D
:106C9000046956EA0903A6D0BAF80AA0A9684FEA1F
:106CA0004A2AC5E90E69B24574EB09031BD30024D7
:106CB0002964002C7FF44AAFC6F30803002B92D05E
:106CC000039C2046FEF770F808B3760A012341467C
:106CD00046EAC95682196A64607802F03FFF041ED2
:106CE00018BF012432E72846FEF7C6FAB6EB0A06BB
:106CF000014669F10009012803D9431CD3D10124BD
:106D0000D6E70224D4E7082420E704241EE702245F
:106D10001CE704461EE709241EE711241CE70000B7
:106D20002DE9F04F994685B00023884603A9044613
:106D3000C9F800301646FEF791F8054680BB94F876
:106D400031506DBB94F8303013F00103009300F024
:106D5000A68004F1500AD4E90432D4E90E011B1ACA
:106D600062EB0102B34272F1000238BF1E46BEB1AF
:106D7000D4E90E10C1F30803002B40F08280039B7E
:106D80005A894B0A013A43EAC0531A401BD151EACF
:106D9000000309D1A06801280DD8022584F83150DC
:106DA000284605B0BDE8F08F216C20460192FEF721
:106DB00063FA019AEFE7431C04D10123009D84F894
:106DC0003130EDE72064DDF80CB0216C5846FDF75A
:106DD000EBFF0028E1D0B6F5007F02EB000731D3CE
:106DE000BBF80A1002EB5620730A88429BF8010098
:106DF00088BF8B1A3A464146019302F0AFFE002845
:106E0000DBD194F93020019B002A0BDA606CC01BA7
:106E1000984207D24FF40072514608EB4020FBF72E
:106E20003DFA019B5F02D9F80030F61BB8443B44A1
:106E3000C9F80030D4E90E32DB1942F10002C4E98E
:106E40000E3294E7626CBA421AD094F93030002BBB
:106E50000DDA012351469BF8010002F0A3FE002841
:106E6000ABD194F8303003F07F0384F830300398CE
:106E700001233A465146407802F070FE00289CD12A
:106E80006764A16B4046C1F30801C1F50077514426
:106E9000B74228BF37463A46FBF700FAC3E7072553
:106EA0007EE7000070B596B00E460022019002A960
:106EB00001A8FEF795FC0446E0B94FF48C6003F09E
:106EC000E9FA0546D8B1029B00F500720199D86035
:106ED00002A81A61FFF7ECFB044640B99DF9533054
:106EE000002B0ADB1EB1314602A8FDF7EDFF284654
:106EF00003F0E0FA204616B070BD0624F7E711242F
:106F0000F8E7000070B5B8B00222019003A901A80B
:106F1000FEF766FC044608BB039B4FF48C6010939D
:106F200003F0B8FA0546002866D0039B00F500720E
:106F30000199D86010A81A61FFF7BAFB044650B94E
:106F40009DF88B30980655D4190653D49DF84630D9
:106F5000DA0706D50724284603F0ACFA204638B0F5
:106F600070BD039B04931878042814D104A91869F0
:106F7000FFF780FB069E9DF84630DB0610D410A874
:106F8000FEF776FF04460028E5D156BB0398FEF7CE
:106F9000DBFB0446DFE71F99FFF782FB0646EAE7C3
:106FA000039BDA69B242D5D024930021269624A807
:106FB0001B78042B01BFDDE90823CDE928239DF8C8
:106FC00017308DF89730FEF7EFF904460028C2D14C
:106FD00024A8FFF741F804460028BBD00428BAD102
:106FE000CDE70246314604A8FEF7C2FA044600285F
:106FF000B1D1CBE70624AEE71124AFE7F0B5BDB0C1
:10700000CDE900106846FDF70FFF022203A901A891
:10701000FEF7E6FB0446002841D1039B4FF48C6049
:10702000149303F037FA0546002800F0EE80039B26
:1070300000F5007214AE0199D8601A613046FFF76E
:1070400037FB044640BB9DF89B3013F0A00F40F087
:10705000D880039B009F1A78042A68D11B6904AC6E
:1070600003F1400C1868083353F8041C22466345AA
:1070700003C21446F6D15022314628A8FBF70EF978
:10708000394628A8FFF714FB044600284CD12A9A59
:10709000169B9A4206D00824284603F00BFA204695
:1070A0003DB0F0BD349A209B9A42F4D128A8FFF756
:1070B00033F904460028EFD1039B04AF1B6993F812
:1070C00001E093F823C09C8C3A46083303CAB242CD
:1070D00043F8080C43F8041C1746F5D1039B28A875
:1070E0001B6983F801E0039B1A6982F823C01A69BF
:1070F00082F82440240A82F825401A691379D906B7
:107100005CBF43F020031371FEF776FF04460028AE
:10711000C2D13046FEF7ACFE04460028BCD103982D
:10712000FEF712FB0446B7E70428B5D1BEE7239A61
:1071300004AB02F1200C1068083252F8041C1C4603
:10714000624503C42346F6D15022314628A8FBF7F6
:10715000A5F8394628A8FFF7ABFA044600284CD119
:107160002A9A169B9A4296D1349A209B9A4292D19F
:1071700028A8FFF7D1F8044600288DD137990DF1E2
:107180001D030DF12D0001F10D0253F8044B834254
:1071900042F8044BF9D11888012710809B7893702E
:1071A0009DF81B30039CDA0658BF43F02003CB72D6
:1071B000E770CB7ADB06ACD5169A2A9B9A42A8D008
:1071C0002078FFF76DFA01462046FDF7EDFD0146F8
:1071D000C8B12046FDF798FF044600287FF45CAF55
:1071E000039890F86D302E2B93D12A9A00F16C0100
:1071F000FDF7E6FD039BDF708BE704287FF44CAFBF
:10720000B6E7062448E7022446E7112447E70000D2
:107210007F2810B501D880B210BDB0F5803F13D2E1
:1072200040F2523399420FD10849002231F8024B03
:1072300093B2844203D103F18000C0B2ECE7013283
:10724000802AF3D11346F6E70020E5E778D100085D
:107250007F280DD940F25233994208D1FF2806D831
:1072600000F10040034B803833F8100070470020D5
:10727000704700BF78D10008B0F5803FF0B522D24A
:107280001F4A83B21F49B0F5805F28BF0A46141D0C
:1072900034F8042C2146AAB1934213D334F8025C8B
:1072A0002E0AEFB252FA85F5A84222DA082E09D842
:1072B000DFE806F0050A10121416181A1C00801ACE
:1072C00034F810301846F0BD981A00F001001B1A6F
:1072D0009BB2F7E7103BFBE7203BF9E7303BF7E7D2
:1072E0001A3BF5E70833F3E7503BF1E7A3F5E35327
:1072F000EEE70434002ECBD101EB4702C7E700BF15
:10730000C8CE0008BCD00008F0B500F10B0423463D
:107310000D46B1FBF2F102FB115707F13006392E91
:10732000C8BF07F13706954203F8016DF0D2421E3F
:10733000E11A13F8015B9C4202F8015FF9D108449D
:10734000F0BD00002DE9F04F804687B015464FF0A4
:1073500000090C4614F8013B002B3BD0252B08D02C
:10736000D8F800201946404609F10109D268904733
:1073700049E14B782D2B06BF8C1C01230023019380
:1073800023782B2B06BF01340127002794F800A097
:10739000BAF1300F0CBF01344FF0200A23782A2BAA
:1073A0001CD16178023455F804BB2E2943D12178D1
:1073B00081B12A2921D0661C0020A1F13002344677
:1073C000D2B2092A1DD80A2316F8011B03FB00209C
:1073D0000029F2D1484607B0BDE8F08F4FF0000B0E
:1073E00014F8011B0029F5D0A1F13002D2B2092A0C
:1073F000DBD80A2303FB0B2BF2E76178023455F844
:10740000040B01F0DF024C2A17D121780029E1D0CA
:10741000782904F101041FD8622900F2008158295B
:107420001AD84E2900F23081442900F09180492970
:1074300000F08E8010E00020E3E7A1F141027829FE
:10744000D2B209D862290BD8582905D84E293BD881
:10745000442978D0492976D02E468DF80C1056E074
:10746000A1F16306152EF7D80FF2040C5CF826F094
:107470000175000847750008597400085974000820
:1074800059740008597400084775000859740008B9
:107490005974000859740008597400085974000898
:1074A000D7750008C576000859740008597400089B
:1074B0001775000859740008C1760008597400084F
:1074C00059740008C5760008A1F14F02092AC3D8F3
:1074D00001A050F822F000BFD7750008C57600085B
:1074E0005974000859740008597400085974000848
:1074F000C17600085974000859740008C576000860
:107500002E464FF0200A56F8042B8DF80C2003ADC0
:107510000DF10D002BE02E4647F6FF726A4B56F830
:10752000045B002808BF1046002D08BF1D462A46F0
:107530002F18104612F8011B11B1B91A0029F8DAF8
:107540004FF0200A13E02E46192A56F8041B02D8E1
:107550002E4656F8041B002936DA2D2249428DF8B2
:107560000C200DF10D000A2203ADFFF7CDFE471BE5
:107570000199ABEB070323EAE372002945D1002B05
:10758000C2F1000B1EDD29782D2901D02B290DD148
:10759000BAF1300F0AD1D8F800304046019209F113
:1075A0000109DB68013F98470135019AD8F800309E
:1075B000514640460192DB6898471BF1010B019A46
:1075C000F4D191443B4615E01FB12B228DF80C20DD
:1075D000C7E703A8C7E708222E4603A856F8041BEE
:1075E000C2E7D8F80020404615F8011BD268019385
:1075F0009047019B013BF4D5002FA8BFB9445D46DD
:107600002DB9D94435462146A3E69346DAE7D8F8A2
:10761000003051464046013DDB689847F0E7A1F154
:107620006302152A3FF618AF01A353F822F000BFFA
:107630000175000851750008597400085974000854
:1076400059740008597400085175000859740008ED
:1076500059740008597400085974000859740008D6
:10766000D7750008C57600085974000859740008D9
:107670001775000859740008C1760008597400088D
:1076800059740008C5760008A1F14F02092A3FF697
:10769000E3AE01A353F822F0D7750008C5760008C1
:1076A0005974000859740008597400085974000886
:1076B000C17600085974000859740008C57600089E
:1076C0000A2289E7102287E778D20008F0B505463C
:1076D00087B016461F460C4689B14A1E002329462C
:1076E00001A800F05FF83A46314601A8FFF72AFEEC
:1076F000049BA3423CBF0022EA5407B0F0BD0A46F7
:10770000ECE70000D0E902239A421FBF4268D1543F
:10771000C36801331ABFC36000206FF001007047D7
:10772000D0E903239A421FBF4268D25C0133036150
:1077300014BF10466FF001007047000003692BB1C1
:10774000013B426803610020D15470476FF0010093
:107750007047000038B504460846D4E903315B1A87
:10776000934228BF13461D4663682A461944FAF718
:1077700095FD236928462B44236138BD38B504465E
:10778000D0E902301B1A934228BF13461D46636896
:107790002A461844FAF782FDE36828462B44E36042
:1077A00038BD000010B5C0E90223034C0023C0E936
:1077B0000041036110BD00BF80D2000808B5074B2F
:1077C000074A196801F03D01996053680BB1906850
:1077D0009847BDE8084003F0A9B800BF0000024088
:1077E0007436002008B5084B1968890901F03D017D
:1077F0008A019A60054AD3680BB110699847BDE8C1
:10780000084003F093B800BF000002407436002027
:1078100008B5084B1968090C01F03D010A049A608B
:10782000054A53690BB190699847BDE8084003F0D9
:107830007DB800BF000002407436002008B5084B38
:107840001968890D01F03D018A059A60054AD369DE
:107850000BB1106A9847BDE8084003F067B800BF55
:10786000000002407436002008B5074B074A5968EB
:1078700001F03D01D960536A0BB1906A9847BDE8A9
:10788000084003F053B800BF0000024074360020E7
:1078900008B5084B5968890901F03D018A01DA6091
:1078A000054AD36A0BB1106B9847BDE8084003F056
:1078B0003DB800BF000002407436002008B5084BF8
:1078C0005968090C01F03D010A04DA60054A536B5E
:1078D0000BB1906B9847BDE8084003F027B800BF94
:1078E000000002407436002008B5084B5968890D25
:1078F00001F03D018A05DA60054AD36B0BB1106CCB
:107900009847BDE8084003F011B800BF00000240EE
:107910007436002008B5074B074A196801F03D018D
:107920009960536C0BB1906C9847BDE8084002F029
:10793000FDBF00BF000402407436002008B5084BAC
:107940001968890901F03D018A019A60054AD36CE2
:107950000BB1106D9847BDE8084002F0E7BF00BFCB
:10796000000402407436002008B5084B1968090C61
:1079700001F03D010A049A60054A536D0BB1906D08
:107980009847BDE8084002F0D1BF00BF00040240A4
:107990007436002008B5084B1968890D01F03D01C7
:1079A0008A059A60054AD36D0BB1106E9847BDE801
:1079B000084002F0BBBF00BF000402407436002044
:1079C00008B5074B074A596801F03D01D960536E6D
:1079D0000BB1906E9847BDE8084002F0A7BF00BF0A
:1079E000000402407436002008B5084B5968890924
:1079F00001F03D018A01DA60054AD36E0BB1106FC8
:107A00009847BDE8084002F091BF00BF0004024063
:107A10007436002008B5084B5968090C01F03D0187
:107A20000A04DA60054A536F0BB1906F9847BDE8BE
:107A3000084002F07BBF00BF000402407436002003
:107A400008B5084B5968890D01F03D018A05DA60D7
:107A5000054AD36F13B1D2F880009847BDE80840BB
:107A600002F064BF000402407436002000230C4979
:107A700010B51A460B4C0B6054F82300026001EB62
:107A8000430004334260402BF6D1074A4FF0FF33E6
:107A90009360D360C2F80834C2F80C3410BD00BF44
:107AA0007436002098D20008000002400F28F8B574
:107AB00010D9102810D0112811D0122808D10F2465
:107AC0000720DFF8C8E00126DEF80050A04208D900
:107AD000002653E00446F4E70F240020F1E70724D2
:107AE000FBE706FA00F73D424AD1264C4FEA001C5C
:107AF0003D4304EB00160EEBC000CEF80050C0E989
:107B00000123FBB273B12048D0F8D83043F0010311
:107B1000C0F8D830D0F8003143F00103C0F800318C
:107B2000D0F8003117F47F4F0ED01748D0F8D83076
:107B300043F00203C0F8D830D0F8003143F002031C
:107B4000C0F80031D0F8003154F80C00036823F07D
:107B50001F030360056815F00105FBD104EB0C035E
:107B60003D2493F80CC05F6804FA0CF43C602124B7
:107B70000560446112B1987B00F0CAFC3046F8BD44
:107B80000130A3E798D20008004402587436002060
:107B900010B5302484F31188FFF788FF002383F3A6
:107BA000118810BD10B50446807B00F0C7FC01238E
:107BB0001549627B03FA02F20B6823EA0203DAB288
:107BC0000B6072B9114AD2F8D81021F00101C2F845
:107BD000D810D2F8001121F00101C2F80011D2F83A
:107BE000002113F47F4F0ED1084BD3F8D82022F098
:107BF0000202C3F8D820D3F8002122F00202C3F811
:107C00000021D3F8003110BD743600200044025822
:107C100008B5302383F31188FFF7C4FF002383F3F3
:107C2000118808BD836CC26A8B42506810B506D9B2
:107C30005A1E4C0002EB4103B3FBF4F3184410BD91
:107C400001F001038A0748BF43F002034A0748BF17
:107C500043F008030A0748BF43F00403CA0648BFBD
:107C600043F010038A06426B48BF43F020031343DE
:107C70004363704710B5074C204600F0CBFF064B1E
:107C80000022C4E91023054BA364054BE363054BB5
:107C9000E36410BDF83600200070005200B4C40444
:107CA0004C3700204C390020C36A0BB9104BC3621B
:107CB0000379012B11D10F4B98420ED10E4BD3F803
:107CC000D42042F48032C3F8D420D3F8FC2042F40C
:107CD0008032C3F8FC20D3F8FC30436C00221A65D4
:107CE000DA621A605A605A624FF0FF329A63704744
:107CF00098D30008F8360020004402580379012B7D
:107D00001BD0436C00221A65DA621A605A605A620C
:107D10004FF0FF329A63094B98420ED1084BD3F8CB
:107D2000D42022F48032C3F8D420D3F8FC2022F4EB
:107D30008032C3F8FC20D3F8FC307047F8360020BE
:107D40000044025810B5446C0649FFF76BFF6060B1
:107D5000236842F2107043F003032360BDE8104033
:107D600001F05EBD801A06000129F8B5466C0B4F84
:107D700009D175680A493D40FFF754FF054345F4B2
:107D800080557560F8BD746806493C40FFF74AFFAE
:107D9000044344F480547460F4E700BF00ECFFFF38
:107DA00080F0FA0240787D01436C00225A601A602C
:107DB00070470000426C0129536823F4404304D00B
:107DC000022905D001B95360704743F48043FAE7B4
:107DD00043F40043F7E70000436C41F480519A609C
:107DE000D9605A6B1206FCD580229A637047000056
:107DF00010B541F48851446CA260E160616B11F0F0
:107E00004502FBD0A26311F0040203D0FFF718FF74
:107E1000012010BD616910461960FAE710B541F400
:107E20008851446CA260E160616B11F04502FBD0A7
:107E3000A26311F0050203D0FFF702FF012010BD7D
:107E4000616910461960FAE773B5134604460E4699
:107E5000302282F31188426CD26B32B14FF0FF3185
:107E60004030019301F0E8FC019B606C0022026548
:107E7000C263C262456B15F4807504D185F3118825
:107E8000012002B070BD4FF0FF31816382F3118891
:107E9000012E06D90C21204602B0BDE87040FFF744
:107EA000BDBF1046EDE7000073B5446C0E460025DB
:107EB0000192616BA1632565E562FFF7C1FE012EAA
:107EC00007D9019B2A460C2102B0BDE87040FFF79C
:107ED000A5BF02B070BD000010B541F49851446CCC
:107EE000A260E160616B11F04502FBD0A26311F06A
:107EF0003F0203D0FFF7A4FE012010BD216A104607
:107F00001960E1695960A16999606169D960F4E714
:107F10002DE9F74304460191006D01A917469846E3
:107F200002F02CFC064600284AD0626C2046DDF8A0
:107F300004905568C5F3090501356B00A56CB5FBC8
:107F4000F3F54FF47A73B5FBF3F55D43556200F03A
:107F500027FE50BB636C4FF0FF3201254146C3F84A
:107F6000589020461D659A634FF49572DA6342F289
:107F700007029F62DA62E36C0A9AFFF74FFFA0B92B
:107F8000E26C104B11680B407BB929462046FFF785
:107F90005BFF054648B92E463A460199206D02F02E
:107FA00025FC304603B0BDE8F0833A460199206DC8
:107FB00002F01CFCE26C01212046FFF775FFF0E7A0
:107FC0000126EEE708E0FFFD2DE9F7431F46436C6D
:107FD00001924FF47A725D6804468846C5F309053C
:107FE00001356E00856CB5FBF6F5B5FBF2F5554332
:107FF0005D6200F0D5FD20B10125284603B0BDE843
:10800000F0837E0201A9206D324602F0B7FB0546DF
:108010000028F1D0636C019AD4F84C909A65012243
:108020001A654FF0FF329A634FF49572DA639E62DD
:10803000236BDB064B4658BF4FEA4828012F4246C8
:108040001BD912212046FFF7E9FEC0B9D9F800205C
:10805000104B13409BB9636C42F2930239462046A1
:10806000DA62E26CFFF7F0FE804640B932460199D1
:10807000206D454602F0BAFBBFE71121E2E7324628
:108080000199206D02F0B2FBE26C39462046FFF701
:108090000BFFB2E708E0FFFD2DE9F3411F46436CFB
:1080A00001924FF47A725D6804468846C5F309056B
:1080B00001356E00856CB5FBF6F5B5FBF2F5554361
:1080C0005D6200F06DFD20B10125284602B0BDE8DB
:1080D000F0817E0201A9206D324602F095FB054633
:1080E0000028F1D0636C019A9A6501221A654FF05D
:1080F000FF329A634FF48D72DA639E62236BE66CF3
:10810000DB06334658BF4FEA4828012F424619D9AB
:1081100019212046FFF782FEB0B932680F4B134099
:1081200093B9636C42F2910239462046DA62E26CFE
:10813000FFF78AFE064638B901993546206D02F0F0
:108140009FFBC2E71821E4E70199206D02F098FB3C
:10815000E26C39462046FFF7A7FEB6E708E0FFFDD0
:1081600012F0030F2DE9F04107460C4615461E4656
:1081700017D00E44B44202D10020BDE8F0810123A3
:10818000FA6B21463846FFF71FFF0028F5D1284635
:108190004FF40072F96B05F500750134FAF77EF8BB
:1081A000E8E7BDE8F041FFF70FBF000012F0030F52
:1081B0002DE9F04107460C4615461E4617D00E44E1
:1081C000B44202D10020BDE8F08129464FF400728C
:1081D000F86B05F50075FAF761F80123FA6B214693
:1081E0003846FFF759FF0028EDD10134E8E7BDE834
:1081F000F041FFF751BF000000207047302310B559
:1082000083F311880024436C40302146DC6301F085
:1082100021FB84F3118810BD02684368114301609B
:1082200003B1184770470000024A136843F0C003C7
:108230001360704700440040024A136843F0C003D3
:108240001360704700480040024A136843F0C003BF
:108250001360704700780040064BD3F8E8200243D3
:10826000C3F8E820D3F810211043C3F81001D3F865
:10827000103170470044025837B5274C274D20462F
:1082800000F028FD04F11400009400234FF4007264
:10829000234900F0C3F94FF40072224904F1380079
:1082A0000094214B00F03CFA204BC4E91735204CD8
:1082B000204600F00FFD04F11400009400234FF459
:1082C00000721C4900F0AAF94FF400721A4904F137
:1082D00038000094194B00F023FA194BC4E9173504
:1082E000184C204600F0F6FC04F1140000234FF473
:1082F00000721549009400F091F9144B4FF400728C
:10830000134904F13800009400F00AFA114BC4E953
:10831000173503B030BD00BF5039002000E1F5052E
:10832000943A002094400020298200080044004034
:10833000BC390020943C002094420020398200087F
:1083400000480040283A0020943E0020498200085E
:10835000944400200078004038B5264D0446037C44
:10836000002918BF0D46012B06D1234B984230D16E
:108370004FF40030FFF770FF2A68236EE16D03EBC6
:108380005203A566B3FBF2F36A68100442BF23F000
:10839000070003F0070343EA4003CB60AB6843F0F8
:1083A00040034B60EB6843F001038B6042F496732B
:1083B00043F001030B604FF0FF330B62510505D50D
:1083C00012F0102211D0B2F1805F10D084F8643026
:1083D00038BD0A4B984205D0094B9842CCD14FF09A
:1083E0008040C7E74FF48020C4E77F23EEE73F23B8
:1083F000ECE700BFA0D3000850390020BC390020B2
:10840000283A00202DE9F047C66D05463768F46923
:10841000210734621AD014F0080118BF4FF480719C
:10842000E20748BF41F02001A3074FF0300348BFE7
:1084300041F04001600748BF41F0800183F311889B
:10844000281DFFF7E9FE002383F31188E2050AD512
:10845000302383F311884FF48061281DFFF7DCFE81
:10846000002383F311884FF030094FF0000A14F015
:10847000200838D13B0616D54FF0300905F1380AEF
:10848000200610D589F31188504600F07DF90028A8
:1084900036DA0821281DFFF7BFFE27F0800333607E
:1084A000002383F31188790614D5620612D5302390
:1084B00083F31188D5E913239A4208D12B6C33B189
:1084C00027F040071021281DFFF7A6FE3760002384
:1084D00083F31188E30618D5AA6E1369ABB150690E
:1084E000BDE8F047184789F31188736A284695F864
:1084F0006410194000F008FC8AF31188F469B6E7AB
:10850000B06288F31188F469BAE7BDE8F08700002B
:10851000090100F16043012203F56143C9B283F808
:10852000001300F01F039A4043099B0003F16043CE
:1085300003F56143C3F880211A60704700F01F0300
:1085400001229A40430900F160409B0000F5614020
:1085500003F1604303F56143C3F88020C3F8802131
:10856000002380F800337047F8B51546826804464A
:108570000B46AA4200D28568A1692669761AB542DF
:108580000BD218462A46F9F789FEA3692B44A3614A
:108590002846A3685B1BA360F8BD0CD9AF1B184627
:1085A0003246F9F77BFE3A46E1683044F9F776FE49
:1085B000E3683B44EBE718462A46F9F76FFEE368A9
:1085C000E5E7000083689342F7B50446154600D2FC
:1085D0008568D4E90460361AB5420BD22A46F9F709
:1085E0005DFE63692B4463612846A3685B1BA3603F
:1085F00003B0F0BD0DD93246AF1B0191F9F74EFE25
:1086000001993A46E0683144F9F748FEE3683B4493
:10861000E9E72A46F9F742FEE368E4E710B50A44C1
:108620000024C361029B8460C16002610362C0E9EF
:108630000000C0E9051110BD08B5D0E9053293422C
:1086400001D1826882B98268013282605A1C42611B
:1086500019700021D0E904329A4224BFC3684361F3
:1086600001F012F9002008BD4FF0FF30FBE70000D9
:1086700070B5302304460E4683F31188A568A5B172
:10868000A368A269013BA360531CA361157822690A
:10869000934224BFE368A361E3690BB12046984786
:1086A000002383F31188284607E03146204601F075
:1086B000DBF80028E2DA85F3118870BD2DE9F74F69
:1086C00004460E4617469846D0F81C904FF0300AE4
:1086D0008AF311884FF0000B154665B12A463146E2
:1086E0002046FFF741FF034660B94146204601F0AE
:1086F000BBF80028F1D0002383F31188781B03B066
:10870000BDE8F08FB9F1000F03D001902046C847B3
:10871000019B8BF31188ED1A1E448AF31188DCE764
:10872000C160C361009B82600362C0E9051111440E
:10873000C0E9000001617047F8B504460D461646D1
:10874000302383F31188A768A7B1A368013BA36016
:1087500063695A1C62611D70D4E904329A4224BFD5
:10876000E3686361E3690BB120469847002080F31A
:10877000118807E03146204601F076F80028E2DA59
:1087800087F31188F8BD0000D0E9052310B59A429F
:1087900001D182687AB982680021013282605A1C54
:1087A00082611C7803699A4224BFC368836101F027
:1087B0006BF8204610BD4FF0FF30FBE72DE9F74F77
:1087C00004460E4617469846D0F81C904FF0300AE3
:1087D0008AF311884FF0000B154665B12A463146E1
:1087E0002046FFF7EFFE034660B94146204601F000
:1087F0003BF80028F1D0002383F31188781B03B0E5
:10880000BDE8F08FB9F1000F03D001902046C847B2
:10881000019B8BF31188ED1A1E448AF31188DCE763
:108820000379052B05BF836A002001204B6004BF3C
:108830004FF400730B60704770B55D1E866A044686
:108840000D44B54205D9436B43F0800343630120D7
:1088500070BD06250571FFF783FC05232371F7E73B
:1088600070B55D1E866A04460D44B54205D9436B5A
:1088700043F080034363012070BD07250571FFF7B6
:1088800095FC05232371F7E738B505790446052DD6
:1088900005D108230371FFF7AFFC257138BD012016
:1088A000FCE700000323F0B5037185B00446FFF731
:1088B00049FA002220461146FFF78EFA4FF4D5728E
:1088C00003AB08212046FFF7A9FA0246B8B90123F5
:1088D0002363039BC3F30323012B09D103AB37218C
:1088E0002046FFF79BFA18B9A44B039A1340ABB18B
:1088F00020460125FFF758FA0223237137E103AB25
:10890000002237212046FFF789FA28B99B4A039BAA
:108910001A40002A00F0A78002232363236B03F090
:108920000F03022B40F0A9806425954E42F210708F
:1089300000F076FF03AB324601212046FFF758FADC
:108940000028D5D1039B002B80F293805A0003D5D9
:10895000236B43F010032363002204F10803022178
:108960002046FFF7B9FA02460028C1D104F13803C6
:1089700003212046FFF752FA0028B9D104F1180567
:10898000A26B092120462B46FFF7A6FA0028AFD19B
:1089900002ABA26B07212046FFF740FA06460028EB
:1089A000A6D1236B03F00F03022B40F08F807E22B1
:1089B0007F21284603F028FA012840F28780E76BE0
:1089C00042F2107000F02CFF08234FF40072394679
:1089D00020460096FFF79CFA002889D1384603F01C
:1089E00061FA236BA06203F00F03022B72D103AB79
:1089F000644A06212046FFF711FA002871D15F4929
:108A0000039B1940B1FA81F149092046FFF7ACF9FF
:108A100002AB4FF4007210212046FFF7FFF9054624
:108A200000287FF465AF554E029B33427FF460AF60
:108A3000236B13F00E0F03F00F0273D0022A7FF4A2
:108A400057AFE36A1978012900F09480022900F0F9
:108A50009380002900F089804B4F2046FFF7AAF948
:108A600003AB3A4676E0114620462263FFF7B4F99D
:108A700054E7013D7FF45AAF3AE7444D6426444A37
:108A80003E4F012B18BF154603AB0022372120466D
:108A9000FFF7C4F900287FF42BAF039B3B427FF420
:108AA00027AF03AB2A4629212046FFF7A1F900286A
:108AB0007FF41EAF039B002BFFF648AF013E3FF44F
:108AC00017AF42F2107000F0ABFEDDE7284603F06E
:108AD000BDF986E77E227F212846E66B03F094F9F4
:108AE00008B9002191E70023402231462046009337
:108AF0000623FFF70DFA0028F3D1B3895BBA9B0771
:108B0000EFD5244B40223146204600930623FFF741
:108B1000FFF90028E5D1317C01F00F010F3918BFB2
:108B2000012172E7E36A1978F9B101297FF4E0AE17
:108B30002046FFF73FF903ABA26B37212046FFF732
:108B40006DF900287FF4D4AE039B33427FF4D0AE9E
:108B500003AB022206212046FFF760F900287FF4CC
:108B6000C7AE039B33427FF4C3AE0523237128466F
:108B700005B0F0BD084F70E7084F6EE708E0FFFD55
:108B80000080FFC00001B9030000B7030080FF5060
:108B900000001080F1FFFF800001B7030002B7035F
:108BA00037B504460C4D01ABA26B0D212046FFF7F3
:108BB00035F978B9019B2B420BD1C3F34323042B26
:108BC00008D0053B022B04D84FF47A7000F028FE41
:108BD000E9E7012003B030BD08E0FFFD70B53023A8
:108BE000054683F3118803790024022B03D184F313
:108BF0001188204670BD0423037184F31188022676
:108C0000FFF7CEFF04462846FFF7CEF82E71F0E7B7
:108C1000FFF730B8044B0360012303710023436363
:108C2000C0E90A33704700BFB8D3000810B530233D
:108C3000044683F31188C162FFF736F8022300204F
:108C4000237180F3118810BD10B53023044683F3DF
:108C50001188FFF753F800230122E362227183F3A6
:108C6000118810BD026843681143016003B11847C1
:108C7000704700001430FFF721BD00004FF0FF33B4
:108C80001430FFF71BBD00003830FFF797BD000020
:108C90004FF0FF333830FFF791BD00001430FFF77D
:108CA000E7BC00004FF0FF311430FFF7E1BC0000DB
:108CB0003830FFF741BD00004FF0FF323830FFF78A
:108CC0003BBD0000012914BF6FF013000020704766
:108CD000FFF7D2BA044B036000234360C0E90233BC
:108CE00001230374704700BFDCD3000810B53023A4
:108CF000044683F31188FFF72FFB0223002023741F
:108D000080F3118810BD000038B5C36904460D46D4
:108D10001BB904210844FFF7A5FF294604F11400FC
:108D2000FFF78AFC002806DA201D4FF40061BDE839
:108D30003840FFF797BF38BD0268436811430160B0
:108D400003B118477047000013B5406B00F580541D
:108D5000D4F8A4381A681178042914D1017C0229A6
:108D600011D11979012312898B4013420BD101A92A
:108D70004C3002F077FFD4F8A4480246019B2179D9
:108D8000206800F0DFF902B010BD0000143002F0DE
:108D9000F9BE00004FF0FF33143002F0F3BE0000C4
:108DA0004C3002F0CBBF00004FF0FF334C3002F0EC
:108DB000C5BF0000143002F0C7BE00004FF0FF3105
:108DC000143002F0C1BE00004C3002F097BF00002A
:108DD0004FF0FF324C3002F091BF0000002070478E
:108DE00010B500F58054D4F8A4381A681178042915
:108DF00017D1017C022914D15979012352898B4062
:108E000013420ED1143002F059FE024648B1D4F894
:108E1000A4484FF4407361792068BDE8104000F029
:108E20007FB910BD406BFFF7DBBF0000704700004B
:108E30007FB5124B01250426044603600023057408
:108E400000F1840243602946C0E902330C4B0290D2
:108E5000143001934FF44073009602F00BFE094B5F
:108E600004F69442294604F14C000294CDE90063D3
:108E70004FF4407302F0D2FE04B070BD04D4000879
:108E8000258E0008498D00080A68302383F3118875
:108E90000B790B3342F823004B79133342F823004C
:108EA0008B7913B10B3342F8230000F58053C3F8DC
:108EB000A41802230374002080F311887047000077
:108EC00038B5037F044613B190F85430ABB901258F
:108ED000201D0221FFF730FF04F114006FF00101A3
:108EE000257700F0DDFC04F14C0084F854506FF05D
:108EF0000101BDE8384000F0D3BC38BD10B50121F8
:108F000004460430FFF718FF0023237784F8543019
:108F100010BD000038B504460025143002F0C2FD33
:108F200004F14C00257702F091FE201D84F8545086
:108F30000121FFF701FF2046BDE83840FFF750BF91
:108F400090F8803003F06003202B06D190F8812048
:108F50000023212A03D81F2A06D800207047222A7E
:108F6000FBD1C0E91D3303E0034A42670722826751
:108F7000C3670120704700BF4422002037B500F5C9
:108F80008055D5F8A4381A68117804291AD1017CC3
:108F9000022917D11979012312898B40134211D16B
:108FA00000F14C04204602F011FF58B101A92046FF
:108FB00002F058FED5F8A4480246019B21792068AA
:108FC00000F0C0F803B030BD01F10B03F0B550F86C
:108FD000236085B004460D46FEB1302383F311882B
:108FE00004EB8507301D0821FFF7A6FEFB6806F19C
:108FF0004C005B691B681BB1019002F041FE0198B7
:1090000003A902F02FFE024648B1039B29462046E1
:1090100000F098F8002383F3118805B0F0BDFB68D9
:109020005A691268002AF5D01B8A013B1340F1D11E
:1090300004F18002EAE70000133138B550F821400E
:10904000ECB1302383F3118804F58053D3F8A428BE
:109050001368527903EB8203DB689B695D6845B155
:1090600004216018FFF768FE294604F1140002F09D
:109070002FFD2046FFF7B4FE002383F3118838BD8F
:109080007047000001F050BD01234022002110B5BF
:10909000044600F8303BF9F727F90023C4E901330F
:1090A00010BD000010B53023044683F3118824223C
:1090B000416000210C30F9F717F9204601F056FD08
:1090C00002230020237080F3118810BD70B500EBDF
:1090D0008103054650690E461446DA6018B1102225
:1090E0000021F9F701F9A06918B110220021F9F760
:1090F000FBF831462846BDE8704001F03DBE000057
:1091000083682022002103F0011310B50446836018
:109110001030F9F7E9F82046BDE8104001F0B8BE7C
:10912000F0B4012500EB810447898D40E4683D439C
:10913000A469458123600023A2606360F0BC01F054
:10914000D5BE0000F0B4012500EB810407898D40F5
:10915000E4683D436469058123600023A260636085
:10916000F0BC01F04BBF000070B50223002504469F
:10917000242203702946C0F888500C3040F8045C63
:10918000F9F7B2F8204684F8705001F089FD636861
:109190001B6823B129462046BDE87040184770BDC2
:1091A0000378052B10B504460AD080F88C300523CF
:1091B000037043681B680BB1042198470023A36028
:1091C00010BD00000178052906D190F88C20436875
:1091D00002701B6803B118477047000070B590F823
:1091E0007030044613B1002380F8703004F180021F
:1091F000204601F071FE63689B68B3B994F8803033
:1092000013F0600535D00021204602F063F90021FB
:10921000204602F053F963681B6813B1062120460B
:109220009847062384F8703070BD20469847002880
:10923000E4D0B4F88630A26F9A4288BFA36794F94D
:109240008030A56F002B4FF0300380F20381002D9A
:1092500000F0F280092284F8702083F31188002145
:109260002046D4E91D23FFF76DFF002383F3118807
:10927000DAE794F8812003F07F0343EA022340F207
:109280000232934200F0C58021D8B3F5807F48D0E8
:109290000DD8012B3FD0022B00F09380002BB2D1D0
:1092A00004F1880262670222A267E367C1E7B3F5AF
:1092B000817F00F09B80B3F5407FA4D194F8823089
:1092C000012BA0D1B4F8883043F0020332E0B3F5AB
:1092D000006F4DD017D8B3F5A06F31D0A3F5C063A0
:1092E000012B90D86368204694F882205E6894F839
:1092F0008310B4F88430B047002884D04368636793
:109300000368A3671AE0B3F5106F36D040F6024247
:1093100093427FF478AF5C4B63670223A36700231B
:10932000C3E794F88230012B7FF46DAFB4F8883036
:1093300023F00203A4F88830C4E91D55E56778E7F7
:10934000B4F88030B3F5A06F0ED194F88230204687
:1093500084F88A3001F002FD63681B6813B10121B3
:1093600020469847032323700023C4E91D339CE75C
:1093700004F18B0363670123C3E72378042B10D127
:10938000302383F311882046FFF7BAFE85F3118856
:109390000321636884F88B5021701B680BB1204651
:1093A000984794F88230002BDED084F88B30042369
:1093B000237063681B68002BD6D002212046984793
:1093C000D2E794F8843020461D0603F00F010AD539
:1093D00001F074FD012804D002287FF414AF2B4B58
:1093E0009AE72B4B98E701F05BFDF3E794F88230A6
:1093F000002B7FF408AF94F8843013F00F01B3D042
:109400001A06204602D502F07DF8ADE702F06EF8AC
:10941000AAE794F88230002B7FF4F5AE94F88430FC
:1094200013F00F01A0D01B06204602D502F052F81F
:109430009AE702F043F897E7142284F8702083F348
:1094400011882B462A4629462046FFF769FE85F3F8
:109450001188E9E65DB1152284F8702083F3118844
:1094600000212046D4E91D23FFF75AFEFDE60B221A
:1094700084F8702083F311882B462A46294620461B
:10948000FFF760FEE3E700BF34D400082CD40008E7
:1094900030D4000838B590F870300446002B3ED028
:1094A000063BDAB20F2A34D80F2B32D8DFE803F0AC
:1094B00037313108223231313131313131313737C1
:1094C000856FB0F886309D4214D2C3681B8AB5FB05
:1094D000F3F203FB12556DB9302383F311882B4649
:1094E0002A462946FFF72EFE85F311880A2384F8C1
:1094F00070300EE0142384F87030302383F3118829
:10950000002320461A461946FFF70AFE002383F37C
:10951000118838BDC36F03B198470023E7E70021E6
:10952000204601F0D7FF0021204601F0C7FF636805
:109530001B6813B10621204698470623D7E7000091
:1095400010B590F870300446142B29D017D8062B8C
:1095500005D001D81BB110BD093B022BFBD800215F
:10956000204601F0B7FF0021204601F0A7FF636805
:109570001B6813B1062120469847062319E0152BD6
:10958000E9D10B2380F87030302383F31188002356
:109590001A461946FFF7D6FD002383F31188DAE750
:1095A000C3689B695B68002BD5D1C36F03B1984733
:1095B000002384F87030CEE70023826880F82430DE
:1095C00083691B6899689142FBD25A6803604260C4
:1095D00010605860704700000023826880F82430D3
:1095E00083691B6899689142FBD85A68036042609E
:1095F000106058607047000008B50846302383F3B8
:10960000118891F82430032B05D0042B0DD02BB9F1
:1096100083F3118808BD8B6A00221A604FF0FF3374
:109620008362FFF7C9FF0023F2E7D1E9003213603C
:109630005A60F3E7034610B51B68984203D09C6854
:109640008A689442F8D25A680B604A601160596087
:1096500010BD0000FFF7B0BF064BD96881F82400A9
:109660001868026853601A600122D86080F82420CC
:10967000F6F76CBF984600200C4B30B5DD684B1CEC
:1096800087B004460FD02B46094A684600F09CF983
:109690002046FFF7E1FF009B13B1684600F09EF9FA
:1096A000A86A07B030BDFFF7D7FFF9E7984600205A
:1096B000F9950008044B1A68DB6890689B6898422B
:1096C00094BF00200120704798460020094B10B538
:1096D0001C68D868226853601A600122DC6084F834
:1096E0002420FFF779FF01462046BDE81040F6F739
:1096F0002DBF00BF98460020044B1A68DB689268B3
:109700009B689A4201D9FFF7E1BF70479846002055
:1097100038B50123084C00252370656002F0F0FB8A
:1097200002F016FC0549064802F0ECFC0223237007
:1097300085F3118838BD00BF404900203CD40008A3
:109740009846002000F080B9034A516853685B1ABC
:109750009842FBD8704700BF001000E08B604B635D
:109760000023CA6100F128020B6302230A618B8483
:109770000123886181F8263001F11003C26A4A6131
:109780001360C36201F12C030846CB6270470000EE
:10979000D0E90131026841F8183CA1F19C03383945
:1097A000CB60036941F8243C436941F8203C034BFA
:1097B00041F8043CC3680248FFF7D0BF65050008C4
:1097C0009846002008B5FFF7E3FFBDE80840FFF723
:1097D00041BF000038B50E4BDC6804F12C05A062D7
:1097E000E06AA8420FD194F826303BB994F82530AE
:1097F0009B0702BFD4E9043213605A600F20BDE812
:109800003840FFF729BF0368E362FFF723FFE7E76C
:1098100098460020302383F31188FFF7DBBF000058
:1098200008B50146302383F311880820FFF724FF91
:10983000002383F3118808BD054BDB6821B1036069
:1098400098620320FFF718BF4FF0FF30704700BF4A
:109850009846002003682BB10022026018469962E6
:10986000FFF7F8BE70470000064BDB6839B142686D
:1098700018605A60136043600420FFF7FDBE4FF08C
:10988000FF307047984600200368984206D01A6857
:109890000260506018469962FFF7DCBE7047000016
:1098A00038B504460D462068844200D138BD0368AF
:1098B00023605C608562FFF7CDFEF4E7036810B5B6
:1098C0009C68A2420CD85C688A600B604C60216086
:1098D000596099688A1A9A604FF0FF33836010BD0F
:1098E000121B1B68ECE700000A2938BF0A2170B57B
:1098F00004460D460A26601902F0FCFA02F0E4FA6A
:10990000041BA54203D8751C04462E46F3E70A2E15
:1099100004D90120BDE8704002F0BCBC70BD00005D
:10992000F8B5144B0D460A2A4FF00A07D96103F126
:109930001001826038BF0A22416019691446016033
:1099400048601861A81802F0C5FA02F0BDFA431B7E
:109950000646A34206D37C1C28192746354602F04A
:10996000C9FAF2E70A2F04D90120BDE8F84002F055
:1099700091BCF8BD98460020F8B506460D4602F0A9
:10998000A3FA0F4A134653F8107F9F4206D12A4686
:1099900001463046BDE8F840FFF7C2BFD169BB6859
:1099A000441A2C1928BF2C46A34202D92946FFF796
:1099B0009BFF224631460348BDE8F840FFF77EBFD3
:1099C00098460020A8460020C0E90323002310B4D5
:1099D0005DF8044B4361FFF7CFBF000010B5194C91
:1099E000236998420DD08168D0E9003213605A6033
:1099F0009A680A449A60002303604FF0FF33A36122
:109A000010BD0268234643F8102F53600022026005
:109A100022699A4203D1BDE8104002F065BA93680A
:109A200081680B44936002F04FFA2269E169926801
:109A3000441AA242E4D91144BDE81040091AFFF7C4
:109A400053BF00BF984600202DE9F047DFF8BC80E7
:109A500008F110072C4ED8F8105002F035FAD8F85B
:109A60001C40AA68031B9A423ED814444FF00009D8
:109A7000D5E90032C8F81C4013605A60C5F8009060
:109A8000D8F81030B34201D102F02EFA89F31188D0
:109A9000D5E9033128469847302383F311886B6951
:109AA000002BD8D002F010FA6A69A0EB04098246B4
:109AB0004A450DD2022002F0EDFB0022D8F810300A
:109AC000B34208D151462846BDE8F047FFF728BF0A
:109AD000121A2244F2E712EB09092946384638BF28
:109AE0004A46FFF7EBFEB5E7D8F81030B34208D08E
:109AF0001444C8F81C00211AA960BDE8F047FFF71C
:109B0000F3BEBDE8F08700BFA846002098460020BD
:109B100038B502F0D9F9054AD2E90845031B1819EE
:109B200045F10001C2E9080138BD00BF9846002098
:109B300010B560B9074804790368053C9B6818BFF5
:109B40000124984708B144F00404204610BD0124C4
:109B5000FBE700BFF8360020FFF7EABF2DE9F0472A
:109B6000884617469A460446B0B90D4E3579052DFC
:109B700005D003240DE0013D15F0FF050ED032683D
:109B8000534639463046D2F814904246C84700281A
:109B9000F1D12046BDE8F0870424FAE70124F8E774
:109BA000F83600202DE9F047884617469A460446C5
:109BB000B0B90D4E3579052D05D003240DE0013DDA
:109BC00015F0FF050ED03268534639463046D2F8BC
:109BD00018904246C8470028F1D12046BDE8F087DA
:109BE0000424FAE70124F8E7F836002037B50C46DC
:109BF000154670B951B101290BD107486946036870
:109C00001B6A984710B9019B04462B60204603B09D
:109C100030BD0424FAE700BFF8360020002070476A
:109C2000FEE70000704700004FF0FF307047000073
:109C30004B6843608B688360CB68C3600B6943618A
:109C40004B6903628B6943620B68036070470000D5
:109C500008B53C4B40F2FF713B48D3F888200A43DB
:109C6000C3F88820D3F8882022F4FF6222F007028C
:109C7000C3F88820D3F88820D3F8E0200A43C3F83B
:109C8000E020D3F808210A43C3F808212F4AD3F86B
:109C900008311146FFF7CCFF00F5806002F11C018E
:109CA000FFF7C6FF00F5806002F13801FFF7C0FF43
:109CB00000F5806002F15401FFF7BAFF00F5806003
:109CC00002F17001FFF7B4FF00F5806002F18C0132
:109CD000FFF7AEFF00F5806002F1A801FFF7A8FFD3
:109CE00000F5806002F1C401FFF7A2FF00F580607B
:109CF00002F1E001FFF79CFF00F5806002F1FC013A
:109D0000FFF796FF02F58C7100F58060FFF790FF7A
:109D100001F090FC0E4BD3F8902242F00102C3F800
:109D20009022D3F8942242F00102C3F89422052233
:109D3000C3F898204FF06052C3F89C20054AC3F83E
:109D4000A02008BD004402580000025850D400086A
:109D500000ED00E01F00080308B501F077FEFFF7F3
:109D6000D7FC104BD3F8DC2042F04002C3F8DC20D3
:109D7000D3F8042122F04002C3F80421D3F80431BF
:109D8000094B1A6842F008021A601A6842F004028D
:109D90001A6000F07DFD00F041FBBDE8084000F0D6
:109DA000B5B800BF004402580018024801207047AF
:109DB000002070477047000002290CD0032904D00E
:109DC0000129074818BF00207047032A05D8054815
:109DD00000EBC2007047044870470020704700BF86
:109DE0005CD600085422002010D6000870B59AB046
:109DF00005460846144601A900F0C2F801A8F8F784
:109E00006BFA431C0022C6B25B001046C5E9003461
:109E100023700323023404F8013C01ABD1B20234B5
:109E20008E4201D81AB070BD13F8011B013204F83C
:109E3000010C04F8021CF1E708B5302383F3118804
:109E40000348FFF79BF8002383F3118808BD00BF88
:109E50004849002090F8803003F01F02012A07D102
:109E600090F881200B2A03D10023C0E91D3315E0AF
:109E700003F06003202B08D1B0F884302BB990F8A0
:109E80008120212A03D81F2A04D8FFF759B8222A93
:109E9000EBD0FAE7034A426707228267C3670120D3
:109EA000704700BF4B22002007B5052917D8DFE80F
:109EB00001F0191603191920302383F31188104A71
:109EC00001210190FFF702F9019802210D4AFFF7E5
:109ED000FDF80D48FFF71EF8002383F3118803B047
:109EE0005DF804FB302383F311880748FEF7E8FF91
:109EF000F2E7302383F311880348FEF7FFFFEBE717
:109F0000B0D50008D4D500084849002038B50C4D1C
:109F10000C4C2A460C4904F10800FFF767FF05F1D5
:109F2000CA0204F110000949FFF760FF05F5CA7283
:109F300004F118000649BDE83840FFF757BF00BFDD
:109F4000206200205422002084D5000891D500080A
:109F5000A7D5000870B5044608460D46F8F7BCF9C9
:109F6000C6B22046013403780BB9184670BD32469C
:109F70002946F8F79DF90028F3D10120F6E7000003
:109F80002DE9F84F05460C46F8F7A6F92C49C6B25C
:109F90002846FFF7DFFF08B10336F6B22949284605
:109FA000FFF7D8FF08B11036F6B2632E0DD8DFF8F0
:109FB0009080DFF89090244FDFF894A0DFF894B001
:109FC0002E7846B92670BDE8F88F29462046BDE8B0
:109FD000F84F02F02BBA252E2ED1072241462846F3
:109FE000F8F766F970B9DBF8003007350A3444F841
:109FF0000A3CDBF8043044F8063CBBF8083024F88F
:10A00000023CDDE7082249462846F8F751F998B99D
:10A01000A21C0E4B197802320909C95D02F8041C12
:10A0200013F8011B01F00F015345C95D02F8031C31
:10A03000F0D118340835C3E7013504F8016BBFE7E8
:10A040007CD60008A7D500088FD6000800E8F11FCD
:10A050000CE8F11F84D60008BFF34F8F044B1A6938
:10A060005107FCD1D3F810215207F8D1704700BF37
:10A070000020005208B50D4B1B78ABB9FFF7ECFF81
:10A080000B4BDA68D10704D50A4A5A6002F18832CC
:10A090005A60D3F80C21D20706D5064AC3F804212A
:10A0A00002F18832C3F8042108BD00BF7E6400209D
:10A0B000002000522301674508B5114B1B78F3B906
:10A0C000104B1A69510703D5DA6842F04002DA6092
:10A0D000D3F81021520705D5D3F80C2142F04002E5
:10A0E000C3F80C21FFF7B8FF064BDA6842F0010213
:10A0F000DA60D3F80C2142F00102C3F80C2108BD4C
:10A100007E640020002000520F289ABF00F5806076
:10A1100040040020704700004FF4003070470000FA
:10A12000102070470F2808B50BD8FFF7EDFF00F59A
:10A1300000330268013204D104308342F9D1012096
:10A1400008BD0020FCE700000F2838B505463FD8C1
:10A15000FFF782FF1F4CFFF78DFF4FF0FF330728FB
:10A160006361C4F814311DD82361FFF775FF030242
:10A1700043F02403E360E36843F08003E360236972
:10A180005A07FCD42846FFF767FFFFF7BDFF4FF4DF
:10A19000003100F0B7FA2846FFF78EFFBDE83840DF
:10A1A000FFF7C0BFC4F81031FFF756FFA0F1080356
:10A1B0001B0243F02403C4F80C31D4F80C3143F0F3
:10A1C0008003C4F80C31D4F810315B07FBD4D9E715
:10A1D000002038BD002000522DE9F84F04460D46FE
:10A1E000104644EA0203DE0602D00020BDE8F88FE4
:10A1F00020F01F00DFF8D4B0DFF8D4A0FFF73AFF5B
:10A2000005EB0008454503D10120FFF755FFEDE7B9
:10A2100020222946204602F0AFF810B9203420351C
:10A22000F0E7234604F120021F68791CDDD10433D6
:10A230009342F9D104F178432048214EB3F5801FB1
:10A24000204B38BF184603F1F80332BFD946D14638
:10A250001E46FFF701FF0760A4EB050C336805F10C
:10A260001C0143F0020333602B1FD9F8007017F074
:10A270000507FAD153F8042F8B424CF80320F4D190
:10A28000BFF34F8FFFF7E8FE4FF0FF3303603368F3
:10A2900023F002033360BFF34F8F0B4BC3F85C42D4
:10A2A000BFF34F8FBFF36F8F20222946204602F065
:10A2B00063F80028B2D03846A7E700BF1421005247
:10A2C0000C2000521420005200ED00E0102000523B
:10A2D0001021005210B5084C237828B11BB9FFF7A4
:10A2E000C9FE0123237010BD002BFCD02070BDE8F7
:10A2F0001040FFF7E1BE00BF7E6400202DE9F04F63
:10A300000D4685B0814658B111F00D0614BF2022CC
:10A31000082211F00803019304D0431E034269D0C0
:10A32000002435E0002E37D009F11F0121F01F096C
:10A330004FF00108314F05F00403DFF8CCA005EA27
:10A34000080BBBF1000F32D07869C0072FD408F199
:10A3500001080C37B8F1060FF3D19EB9284D4946D4
:10A36000A819019201F016FE0446002839D12036C2
:10A37000019AA02EF3D1494601F00CFE04460028B4
:10A380002FD1019A49461F4801F004FE044660BBE4
:10A39000204605B0BDE8F08F0029C9D10146284606
:10A3A000029201F0F7FD0446D8B9029AC0E713B152
:10A3B00078694107CBD5AC0702D578698007C6D547
:10A3C000019911B178690107C1D549460AEB4810D6
:10A3D000CDE9022301F0DEFD0446DDE90223002879
:10A3E000B5D04A460021204601E04A460021F7F751
:10A3F0007BFFCDE70246002E96D199E7A0D6000854
:10A40000C064002080640020A06400200021FFF7C9
:10A4100075BF00000121FFF771BF000070B5144D3A
:10A420000124144E40F2FF3200210120F7F75CFFB7
:10A4300006EB441001342A6955F80C1F01F096FD13
:10A44000062CF5D137254FF4C0542046FFF7E2FF24
:10A45000014628B122460848BDE8704001F086BD9B
:10A46000C4EBC404013D4FEAD404EED170BD00BF7B
:10A47000A0D60008A0640020806400200421FFF71B
:10A480003DBF00004843FFF7C1BF000008B101F025
:10A49000F3BD7047B0F5805F10B5044607D8FFF7ED
:10A4A000EDFF28B92046BDE81040FFF7AFBF002000
:10A4B00010BD0000FFF7EABF70B5AAB140EA010382
:10A4C00013F01F030FD1094C0144A5686D0706D591
:10A4D0002568A84203D366683544A94204D90333EA
:10A4E0000C34122BF1D10022104670BDA0D600080A
:10A4F00008B501F0D7FE034AD2E90032C01842EB9A
:10A50000010108BD60650020434BD3E900232DE91C
:10A51000F34113437CD0FFF7EBFF404A00230027B1
:10A52000F6F72EF806460D463D4A0023F6F728F8C2
:10A530000023144630462946394AF6F721F84FF4ED
:10A5400061613C23ADF80170B4FBF1F5B4FBF3F6A7
:10A5500001FB154103FB16464624B1FBF3F1314BD9
:10A56000F6B28DF8004098423CD84FF0640C4FF49E
:10A57000C87EA30704F26C7225D1B2FBFCF30CFB7E
:10A58000132313BBB2FBFEF30EFB1322B2FA82F3CA
:10A590005B0903F26D18621C8045D2B217D90FB166
:10A5A0008DF800400022204C4FF00C0C17460CFB9D
:10A5B0000343D4B2013213F804C084450CD8A0EB95
:10A5C0000C000127F5E70023E3E70123E1E7A0EB17
:10A5D000080014460127CCE70FB18DF80140431C59
:10A5E0008DF802309DF80100431C9DF800005038A2
:10A5F000400640EA43509DF8023040EA034040EAFA
:10A60000560040EAC52040EA411002B0BDE8F081A2
:10A610004FF40410F9E700BF6065002040420F00CE
:10A620008051010090230B00E8D600080244074B3C
:10A63000D2B210B5904200D110BD441C00B253F804
:10A64000200041F8040BE0B2F4E700BF504000588E
:10A650000E4B30B51C6F240405D41C6F1C671C6F97
:10A6600044F400441C670A4C02442368D2B243F409
:10A6700080732360074B904200D130BD441C51F8D9
:10A68000045B00B243F82050E0B2F4E70044025803
:10A69000004802585040005807B5012201A9002087
:10A6A000FFF7C4FF019803B05DF804FB13B504463F
:10A6B000FFF7F2FFA04205D0012201A9002001947A
:10A6C000FFF7C6FF02B010BD10B56424013C4FF483
:10A6D0007A70FFF7A5F814F0FF04F7D1084B4FF09C
:10A6E000807214249A6103F5805308229A61013C18
:10A6F0004FF47A70FFF794F814F0FF04F7D110BD0F
:10A70000000002580144BFF34F8F064B884204D328
:10A71000BFF34F8FBFF36F8F7047C3F85C022030D9
:10A72000F4E700BF00ED00E00144BFF34F8F064B9C
:10A73000884204D3BFF34F8FBFF36F8F7047C3F8C6
:10A7400070022030F4E700BF00ED00E070B5054670
:10A7500016460C4601201021FFF794FE2860467330
:10A760003CB1204636B1FFF789FE2B68186000B176
:10A770009C6070BDFFF74EFEF7E70000F8B50F468E
:10A780001546044648B905F11F010126386821F035
:10A790001F01FFF7B7FF3046F8BD427B29463868F6
:10A7A000FFF78AFE06460028EDD13B686360A36888
:10A7B000AB4210D213B12068FFF768FE637B2846D6
:10A7C0002BB1FFF75BFE206020B9A060E3E7FFF745
:10A7D00021FEF8E7A560206805F11F01012621F0A0
:10A7E0001F013860FFF78EFF2673D4E710B50446CB
:10A7F00040B10068884205D1606808B1F7F74EFDA6
:10A800000023237310BD0000F8B50F46144605461B
:10A8100048B904F11F010126386821F01F01FFF734
:10A8200083FF3046F8BD427B21463868FFF744FE7F
:10A8300006460028EDD1AB68A34210D213B12868B8
:10A84000FFF724FE6B7B20462BB1FFF717FE286035
:10A8500020B9A860E5E7FFF7DDFDF8E7AC603968EF
:10A8600019B122462868F7F719FD286804F11F017D
:10A87000012621F01F013860FFF756FF2E73D0E745
:10A8800020B103688B4204BF0023037370470000AC
:10A89000034B1A681AB9034AD2F8D0241A607047D9
:10A8A000686500200040025808B5FFF7F1FF024B31
:10A8B0001868C0F3806008BD68650020EFF3098365
:10A8C000054968334A6B22F001024A6383F3098821
:10A8D000002383F31188704700EF00E0302080F3FD
:10A8E000118862B60D4B0E4AD96821F4E061090463
:10A8F000090C0A430B49DA60D3F8FC2042F080725D
:10A90000C3F8FC20084AC2F8B01F116841F00101E9
:10A9100011602022DA7783F82200704700ED00E012
:10A920000003FA0555CEACC5001000E0302310B589
:10A9300083F311880E4B5B6813F4006314D0F1EEBF
:10A94000103AEFF309844FF08073683CE361094BE0
:10A95000DB6B236684F30988FEF7ACFE10B1064B6F
:10A96000A36110BD054BFBE783F31188F9E700BF36
:10A9700000ED00E000EF00E0770500087A05000830
:10A9800070B5BFF34F8FBFF36F8F1A4A0021C2F823
:10A990005012BFF34F8FBFF36F8F536943F40033EF
:10A9A0005361BFF34F8FBFF36F8FC2F88410BFF3B3
:10A9B0004F8FD2F8803043F6E074C3F3C900C3F37D
:10A9C0004E335B0103EA0406014646EA817501390C
:10A9D000C2F86052F9D2203B13F1200FF2D1BFF33D
:10A9E0004F8F536943F480335361BFF34F8FBFF3ED
:10A9F0006F8F70BD00ED00E0FEE70000214B2248A4
:10AA0000224A70B5904237D3214BC11EDA1C121A6C
:10AA100022F003028B4238BF00220021F7F764FCCA
:10AA20001C4A0023C2F88430BFF34F8FD2F8803025
:10AA300043F6E074C3F3C900C3F34E335B0103EA8A
:10AA40000406014646EA81750139C2F86C52F9D212
:10AA5000203B13F1200FF2D1BFF34F8FBFF36F8F65
:10AA6000BFF34F8FBFF36F8F0023C2F85032BFF395
:10AA70004F8FBFF36F8F70BD53F8041B40F8041B5A
:10AA8000C0E700BFECD700086467002064670020BF
:10AA90006467002000ED00E0074BD3F8D81021EAEE
:10AAA0000001C3F8D810D3F8002122EA0002C3F84D
:10AAB0000021D3F8003170470044025870B5D0E946
:10AAC000244300224FF0FF359E6804EB42135101EE
:10AAD000D3F80009002805DAD3F8000940F08040D7
:10AAE000C3F80009D3F8000B002805DAD3F8000BEF
:10AAF00040F08040C3F8000B013263189642C3F85F
:10AB00000859C3F8085BE0D24FF00113C4F81C38B1
:10AB100070BD0000890141F02001016103699B06BD
:10AB2000FCD41220FEF710BE10B50A4C2046FEF7EA
:10AB3000ABFA094BC4F89030084BC4F89430084C79
:10AB40002046FEF7A1FA074BC4F89030064BC4F834
:10AB5000943010BD6C6500200000084024D7000828
:10AB6000086600200000044030D7000870B5037864
:10AB70000546012B5CD1434BD0F89040984258D108
:10AB8000414B0E216520D3F8D82042F00062C3F873
:10AB9000D820D3F8002142F00062C3F80021D3F896
:10ABA0000021D3F8802042F00062C3F88020D3F85F
:10ABB000802022F00062C3F88020D3F88030FDF7B7
:10ABC000A7FC324BE360324BC4F800380023D5F8C1
:10ABD0009060C4F8003EC02323604FF40413A363C5
:10ABE0003369002BFCDA01230C203361FEF7ACFD46
:10ABF0003369DB07FCD41220FEF7A6FD3369002B76
:10AC0000FCDA00262846A660FFF758FF6B68C4F8F8
:10AC10001068DB68C4F81468C4F81C6883BB1D4B5B
:10AC2000A3614FF0FF336361A36843F00103A360A6
:10AC300070BD194B9842C9D1134B4FF08060D3F8C7
:10AC4000D82042F00072C3F8D820D3F8002142F097
:10AC50000072C3F80021D3F80021D3F8802042F01D
:10AC60000072C3F88020D3F8802022F00072C3F86D
:10AC70008020D3F88030FFF70FFF0E214D209EE794
:10AC8000064BCDE76C65002000440258401400409C
:10AC900003002002003C30C008660020083C30C0A1
:10ACA000F8B5D0F89040054600214FF000662046E8
:10ACB000FFF730FFD5F8941000234FF001128F6892
:10ACC0004FF0FF30C4F83438C4F81C2804EB4312AA
:10ACD00001339F42C2F80069C2F8006BC2F808094C
:10ACE000C2F8080BF2D20B68D5F89020C5F898305E
:10ACF000636210231361166916F01006FBD112204F
:10AD0000FEF722FDD4F8003823F4FE63C4F80038BF
:10AD1000A36943F4402343F01003A3610923C4F85B
:10AD20001038C4F814380B4BEB604FF0C043C4F834
:10AD3000103B094BC4F8003BC4F81069C4F8003953
:10AD4000D5F8983003F1100243F48013C5F8982029
:10AD5000A362F8BD00D7000840800010D0F8902012
:10AD600090F88A10D2F8003823F4FE6343EA011306
:10AD7000C2F80038704700002DE9F84300EB81036A
:10AD8000D0F890500C468046DA680FFA81F94801F5
:10AD9000166806F00306731E022B05EB41134FF0F5
:10ADA000000194BFB604384EC3F8101B4FF00101E8
:10ADB00004F1100398BF06F1805601FA03F391697C
:10ADC00098BF06F5004600293AD0578A04F1580189
:10ADD000374349016F50D5F81C180B430021C5F8C3
:10ADE0001C382B180127C3F81019A7405369611E9E
:10ADF0009BB3138A928B9B08012A88BF5343D8F8D0
:10AE00009820981842EA034301F140022146C8F80D
:10AE10009800284605EB82025360FFF77BFE08EBA3
:10AE20008900C3681B8A43EA845348341E43640183
:10AE30002E51D5F81C381F43C5F81C78BDE8F8839F
:10AE400005EB4917D7F8001B21F40041C7F8001B98
:10AE5000D5F81C1821EA0303C0E704F13F030B4AAD
:10AE60002846214605EB83035A60FFF753FE05EBA6
:10AE70004910D0F8003923F40043C0F80039D5F860
:10AE80001C3823EA0707D7E70080001000040002FF
:10AE9000D0F894201268C0F89820FFF70FBE000089
:10AEA0005831D0F8903049015B5813F4004004D079
:10AEB00013F4001F0CBF0220012070474831D0F866
:10AEC000903049015B5813F4004004D013F4001F84
:10AED0000CBF02200120704700EB8101CB68196A8A
:10AEE0000B6813604B6853607047000000EB8103F0
:10AEF00030B5DD68AA691368D36019B9402B84BFE7
:10AF0000402313606B8A1468D0F890201C4402EB35
:10AF10004110013C09B2B4FBF3F46343033323F063
:10AF2000030343EAC44343F0C043C0F8103B2B681B
:10AF300003F00303012B0ED1D2F8083802EB4110C5
:10AF400013F4807FD0F8003B14BF43F0805343F0EC
:10AF50000053C0F8003B02EB4112D2F8003B43F033
:10AF60000443C2F8003B30BD2DE9F041D0F89060B9
:10AF700005460C4606EB4113D3F8087B3A07C3F8A5
:10AF8000087B08D5D6F814381B0704D500EB8103DD
:10AF9000DB685B689847FA071FD5D6F81438DB07DB
:10AFA0001BD505EB8403D968CCB98B69488A5A68EC
:10AFB000B2FBF0F600FB16228AB91868DA689042F4
:10AFC0000DD2121AC3E90024302383F311882146DD
:10AFD0002846FFF78BFF84F31188BDE8F081012339
:10AFE00003FA04F26B8923EA02036B81CB68002B1E
:10AFF000F3D021462846BDE8F041184700EB810315
:10B000004A0170B5DD68D0F890306C692668E6605A
:10B0100056BB1A444FF40020C2F810092A6802F007
:10B020000302012A0AB20ED1D3F8080803EB421436
:10B0300010F4807FD4F8000914BF40F0805040F035
:10B040000050C4F8000903EB4212D2F8000940F0A6
:10B050000440C2F800090122D3F8340802FA01F1D1
:10B060000143C3F8341870BD19B9402E84BF402085
:10B07000206020681A442E8A8419013CB4FBF6F43F
:10B0800040EAC44040F00050C6E700002DE9F84314
:10B09000D0F8906005460C464F0106EB4113D3F8FB
:10B0A000088918F0010FC3F808891CD0D6F81038A9
:10B0B000DB0718D500EB8103D3F80CC0DCF81430A3
:10B0C000D3F800E0DA68964530D2A2EB0E024FF0DA
:10B0D00000091A60C3F80490302383F31188FFF746
:10B0E0008DFF89F3118818F0800F1DD0D6F8343801
:10B0F0000126A640334217D005EB84030134D5F86E
:10B100009050D3F80CC0E4B22F44DCF8142005EBC7
:10B110000434D2F800E05168714514D3D5F83438BE
:10B1200023EA0606C5F83468BDE8F883012303FA6C
:10B1300001F2038923EA02030381DCF80830002BC3
:10B14000D1D09847CFE7AEEB0103BCF810008342A3
:10B1500028BF0346D7F8180980B2B3EB800FE3D8B5
:10B160009068A0F1040959F8048FC4F80080A0EB9E
:10B1700009089844B8F1040FF5D818440B449060BE
:10B180005360C8E72DE9F84FD0F8905004466E6937
:10B19000AB691E4016F480586E6103D0BDE8F84FCD
:10B1A000FDF7E2BF002E12DAD5F8003E9B0705D06E
:10B1B000D5F8003E23F00303C5F8003ED5F8043867
:10B1C000204623F00103C5F80438FDF7FBFF3705DF
:10B1D00005D52046FFF772FC2046FDF7E1FFB004DD
:10B1E0000CD5D5F8083813F0060FEB6823F470532C
:10B1F0000CBF43F4105343F4A053EB6031071BD54D
:10B200006368DB681BB9AB6923F00803AB61237883
:10B21000052B0CD1D5F8003E9A0705D0D5F8003E95
:10B2200023F00303C5F8003E2046FDF7CBFF63681B
:10B23000DB680BB120469847F30200F1BA80B702F1
:10B2400026D5D4F8909000274FF0010A09EB471259
:10B25000D2F8003B03F44023B3F5802F11D1D2F88C
:10B26000003B002B0DDA62890AFA07F322EA030396
:10B27000638104EB8703DB68DB6813B13946204642
:10B2800098470137D4F89430FFB29B689F42DDD9CC
:10B29000F00619D5D4F89000026AC2F30A1702F03A
:10B2A0000F0302F4F012B2F5802F00F0CA80B2F55D
:10B2B000402F09D104EB8303002200F58050DB68A6
:10B2C0001B6A974240F0B0803003D5F8185835D546
:10B2D000E90303D500212046FFF746FEAA0303D564
:10B2E00001212046FFF740FE6B0303D502212046D3
:10B2F000FFF73AFE2F0303D503212046FFF734FE64
:10B30000E80203D504212046FFF72EFEA90203D54B
:10B3100005212046FFF728FE6A0203D506212046B4
:10B32000FFF722FE2B0203D507212046FFF71CFE64
:10B33000EF0103D508212046FFF716FE700340F108
:10B34000A780E90703D500212046FFF79FFEAA0743
:10B3500003D501212046FFF799FE6B0703D5022193
:10B360002046FFF793FE2F0703D503212046FFF762
:10B370008DFEEE0603D504212046FFF787FEA806C2
:10B3800003D505212046FFF781FE690603D5062176
:10B390002046FFF77BFE2A0603D507212046FFF74C
:10B3A00075FEEB0574D520460821BDE8F84FFFF780
:10B3B0006DBED4F890904FF0000B4FF0010AD4F816
:10B3C00094305FFA8BF79B689F423FF638AF09EBEA
:10B3D0004713D3F8002902F44022B2F5802F20D180
:10B3E000D3F80029002A1CDAD3F8002942F0904251
:10B3F000C3F80029D3F80029002AFBDB3946D4F82A
:10B400009000FFF787FB22890AFA07F322EA030379
:10B41000238104EB8703DB689B6813B13946204620
:10B4200098470BF1010BCAE7910701D1D0F80080D2
:10B43000072A02F101029CBF03F8018B4FEA18288A
:10B440003FE704EB830300F58050DA68D2F818C0B8
:10B45000DCF80820DCE9001CA1EB0C0C00218F4279
:10B4600008D1DB689B699A683A449A605A683A4402
:10B470005A6029E711F0030F01D1D0F800808C4504
:10B4800001F1010184BF02F8018B4FEA1828E6E7B9
:10B49000BDE8F88F08B50348FFF774FEBDE8084023
:10B4A000FFF744BA6C65002008B50348FFF76AFE51
:10B4B000BDE80840FFF73ABA08660020D0F890309F
:10B4C00003EB4111D1F8003B43F40013C1F8003BFA
:10B4D00070470000D0F8903003EB4111D1F80039EB
:10B4E00043F40013C1F8003970470000D0F89030E1
:10B4F00003EB4111D1F8003B23F40013C1F8003BEA
:10B5000070470000D0F8903003EB4111D1F80039BA
:10B5100023F40013C1F8003970470000064BD3F83C
:10B52000DC200243C3F8DC20D3F804211043C3F825
:10B530000401D3F8043170470044025808B53C4B6D
:10B540004FF0FF31D3F8802062F00042C3F8802032
:10B55000D3F8802002F00042C3F88020D3F8802086
:10B56000D3F88420C3F88410D3F884200022C3F8D1
:10B570008420D3F88400D86F40F0FF4040F4FF00EF
:10B5800040F4DF4040F07F00D867D86F20F0FF40E4
:10B5900020F4FF0020F4DF4020F07F00D867D86F50
:10B5A000D3F888006FEA40506FEA5050C3F8880023
:10B5B000D3F88800C0F30A00C3F88800D3F88800E5
:10B5C000D3F89000C3F89010D3F89000C3F89020FF
:10B5D000D3F89000D3F89400C3F89410D3F89400F3
:10B5E000C3F89420D3F89400D3F89800C3F89810C7
:10B5F000D3F89800C3F89820D3F89800D3F88C00BB
:10B60000C3F88C10D3F88C00C3F88C20D3F88C00CE
:10B61000D3F89C00C3F89C10D3F89C10C3F89C206E
:10B62000D3F89C30FCF722FABDE8084000F0D6B908
:10B630000044025808B50122534BC3F80821534B6C
:10B64000D3F8F42042F00202C3F8F420D3F81C210E
:10B6500042F00202C3F81C210222D3F81C314C4BE9
:10B66000DA605A689104FCD54A4A1A6001229A604D
:10B67000494ADA6000221A614FF440429A61444B11
:10B680009A699204FCD51A6842F480721A603F4BA2
:10B690001A6F12F4407F04D04FF480321A670022F0
:10B6A0001A671A6842F001021A60384B1A6850078C
:10B6B000FCD500221A611A6912F03802FBD101216F
:10B6C00019604FF0804159605A67344ADA62344A4F
:10B6D0001A611A6842F480321A602C4B1A6891037E
:10B6E000FCD51A6842F480521A601A689204FCD59C
:10B6F0002C4A2D499A6200225A63196301F57C0194
:10B70000DA6301F5E77199635A64284A1A64284A92
:10B71000DA621A6842F0A8521A601C4B1A6802F0EA
:10B720002852B2F1285FF9D148229A614FF4886219
:10B73000DA6140221A621F4ADA641F4A1A651F4AF8
:10B740005A651F4A9A6532231E4A1360136803F034
:10B750000F03022BFAD10D4A136943F0030313615F
:10B76000136903F03803182BFAD14FF00050FFF79C
:10B77000D5FE4FF08040FFF7D1FE4FF00040BDE80E
:10B780000840FFF7CBBE00BF0080005100440258C4
:10B790000048025800C000F0020000010000FF0154
:10B7A000008890083220600063020901470E0508F6
:10B7B000DD0BBF0120000020000001100910E00097
:10B7C00000010110002000524FF0B04208B5D2F83D
:10B7D000883003F00103C2F8883023B1044A1368AB
:10B7E0000BB150689847BDE80840FFF79FB800BF0D
:10B7F000E46600204FF0B04208B5D2F8883003F07C
:10B800000203C2F8883023B1044A93680BB1D068B0
:10B810009847BDE80840FFF789B800BFE4660020FC
:10B820004FF0B04208B5D2F8883003F00403C2F8F4
:10B83000883023B1044A13690BB150699847BDE8B9
:10B840000840FFF773B800BFE46600204FF0B04235
:10B8500008B5D2F8883003F00803C2F8883023B165
:10B86000044A93690BB1D0699847BDE80840FFF7D7
:10B870005DB800BFE46600204FF0B04208B5D2F8D2
:10B88000883003F01003C2F8883023B1044A136AE9
:10B890000BB1506A9847BDE80840FFF747B800BFB2
:10B8A000E46600204FF0B04310B5D3F8884004F4AC
:10B8B0007872C3F88820A30604D5124A936A0BB1A4
:10B8C000D06A9847600604D50E4A136B0BB1506BD3
:10B8D0009847210604D50B4A936B0BB1D06B984760
:10B8E000E20504D5074A136C0BB1506C9847A305C9
:10B8F00004D5044A936C0BB1D06C9847BDE8104056
:10B90000FFF714B8E46600204FF0B04310B5D3F849
:10B91000884004F47C42C3F88820620504D5164AA6
:10B92000136D0BB1506D9847230504D5124A936DE2
:10B930000BB1D06D9847E00404D50F4A136E0BB1DC
:10B94000506E9847A10404D50B4A936E0BB1D06E8C
:10B950009847620404D5084A136F0BB1506F98479B
:10B96000230404D5044A936F0BB1D06F9847BDE808
:10B970001040FEF7DBBF00BFE466002008B50348B7
:10B98000FCF73CFCBDE80840FEF7D0BFF8360020CD
:10B9900008B50348FCF736FDBDE80840FEF7C6BF12
:10B9A0005039002008B50348FCF72CFDBDE80840DD
:10B9B000FEF7BCBFBC39002008B50348FCF722FDE8
:10B9C000BDE80840FEF7B2BF283A002008B500F0F5
:10B9D000BDFCBDE80840FEF7A9BF0000062108B580
:10B9E0000846FCF795FD06210720FCF791FD06218E
:10B9F0000820FCF78DFD06210920FCF789FD0621B2
:10BA00000A20FCF785FD06211720FCF781FD0621A1
:10BA10002820FCF77DFD09217A20FCF779FD09211A
:10BA20003120FCF775FD07213220FCF771FD0C2158
:10BA30002620FCF76DFD0C212720FCF769FD0C2169
:10BA40005220BDE80840FCF763BD000008B5FFF7D1
:10BA500075FD00F043FCFDF73BF9FDF7D9F8FDF764
:10BA600011FBFDF7E3F9FEF7A5F9BDE8084000F08A
:10BA700029BA000030B50433039C0172002104FB95
:10BA80000325C160C0E90653049B0363059BC0E91D
:10BA90000000C0E90422C0E90842C0E90A1143637A
:10BAA00030BD00000022416AC260C0E90411C0E953
:10BAB0000A226FF00101FDF7F3BE0000D0E9043265
:10BAC000934201D1C2680AB9181D7047002070471F
:10BAD000036919600021C2680132C260C26913445F
:10BAE00082699342036124BF436A0361FDF7CCBEC0
:10BAF00038B504460D46E3683BB162690020131D6A
:10BB00001268A3621344E36207E0237A33B929463B
:10BB10002046FDF7A9FE0028EDDA38BD6FF00100E0
:10BB2000FBE70000C368C269013BC360436913447B
:10BB300082699342436124BF436A43610023836265
:10BB4000036B03B11847704770B53023044683F385
:10BB50001188866A3EB9FFF7CBFF054618B186F318
:10BB60001188284670BDA36AE26A13F8015B93420C
:10BB7000A36202D32046FFF7D5FF002383F3118889
:10BB8000EFE700002DE9F84F04460E4617469846A9
:10BB90004FF0300989F311880025AA46D4F828B05F
:10BBA000BBF1000F09D141462046FFF7A1FF20B1AC
:10BBB0008BF311882846BDE8F88FD4E90A12A7EB69
:10BBC000050B521A934528BF9346BBF1400F1BD972
:10BBD000334601F1400251F8040B914243F8040B43
:10BBE000F9D1A36A403640354033A362D4E90A2331
:10BBF0009A4202D32046FFF795FF8AF31188BD428F
:10BC0000D8D289F31188C9E730465A46F6F746FB81
:10BC1000A36A5E445D445B44A362E7E710B5029CFF
:10BC20000433017203FB0421C460C0E9061300233E
:10BC3000C0E90A33039B0363049BC0E90000C0E929
:10BC40000422C0E90842436310BD0000026A6FF09D
:10BC50000101C260426AC0E904220022C0E90A224E
:10BC6000FDF71EBED0E904239A4201D1C26822B971
:10BC7000184650F8043B0B60704700231846FAE75B
:10BC8000C3680021C2690133C360436913448269F8
:10BC90009342436124BF436A4361FDF7F5BD000051
:10BCA00038B504460D46E3683BB1236900201A1DF0
:10BCB000A262E2691344E36207E0237A33B92946BA
:10BCC0002046FDF7D1FD0028EDDA38BD6FF0010008
:10BCD000FBE7000003691960C268013AC260C269EB
:10BCE000134482699342036124BF436A03610023C2
:10BCF0008362036B03B118477047000070B53023AF
:10BD00000D460446114683F31188866A2EB9FFF763
:10BD1000C7FF10B186F3118870BDA36A1D70A36AB6
:10BD2000E26A01339342A36204D3E16920460439F5
:10BD3000FFF7D0FF002080F31188EDE72DE9F84FE1
:10BD400004460D46904699464FF0300A8AF3118812
:10BD50000026B346A76A4FB949462046FFF7A0FF21
:10BD600020B187F311883046BDE8F88FD4E90A077F
:10BD70003A1AA8EB0607974228BF1746402F1BD94F
:10BD800005F1400355F8042B9D4240F8042BF9D1EE
:10BD9000A36A40364033A362D4E90A239A4204D30B
:10BDA000E16920460439FFF795FF8BF3118846457A
:10BDB000D9D28AF31188CDE729463A46F6F76EFACA
:10BDC000A36A3D443E443B44A362E5E7D0E9042333
:10BDD0009A4217D1C3689BB1836A8BB1043B9B1A0B
:10BDE0000ED01360C368013BC360C3691A44836902
:10BDF0009A42026124BF436A0361002383620123E4
:10BE0000184670470023FBE701F01F03F0B502F06E
:10BE10001F0456095A1C0123B6EB511F50F8265037
:10BE200003FA02F34FEA511703F1FF333DBF50F815
:10BE30002720C4F12000134003EA05003BBF03FAAA
:10BE400000F225FA04F0E0401043F0BD70B57E2208
:10BE50007F210546FFF7D8FF18B1012819D000202F
:10BE600070BD3E2249212846FFF7CEFF2F2204460F
:10BE700031212846FFF7C8FF06460134502202361A
:10BE800053212846B440FFF7BFFF093804FA00F0F9
:10BE9000E6E7302245212846FFF7B6FF0130800251
:10BEA000DEE7000090F8D63090F8D7201B0403EBB3
:10BEB000026390F8D42090F8D500134403EB0020DF
:10BEC0007047000000F018BA014B586A704700BF75
:10BED000000C0040034B002258631A610222DA6012
:10BEE000704700BF000C0040014B0022DA60704731
:10BEF000000C0040014B5863704700BF000C00402D
:10BF0000024B034A1A60034A5A607047BC6600201D
:10BF10006867002000000220074B494210B55C68AA
:10BF2000201A08401968821A8A4203D3A24201D813
:10BF30005A6010BD0020FCE7BC66002008B5302325
:10BF400083F31188FFF7E8FF002383F3118808BD0E
:10BF50000448054B03600023C0E901330C3000F0B6
:10BF600017B900BFC46600203DBF0008CB1D083ACA
:10BF700023F00703591A521A10B4D2080024C0E95A
:10BF8000004384600C301C605A605DF8044B00F084
:10BF9000FFB800002DE9F74F364FCD1D8846002829
:10BFA00018BF0746082A4FEAD50538BF082207F10F
:10BFB0000C003C1D9146019000F02CF9019809F10C
:10BFC0000701C9F1000E2246246864B900F02CF97B
:10BFD0003B68CBB308224946E8009847044698B32B
:10BFE00040E9027830E004EB010CD4F804A00CEA3C
:10BFF0000E0C0AF10106ACF1080304EBC6069E42E2
:10C00000E1D9A6EB0C0CB5EBEC0F4FEAEC0BDAD850
:10C010009C421DD204F10802AB45A3EB02024FEA99
:10C02000E202626009D9691CED4303EBC1025D4481
:10C030005560256843F8315022601C46C3F80480DF
:10C0400044F8087B00F0F0F8204603B0BDE8F08F1C
:10C05000AA45216802D111602346EEE7013504EBC1
:10C06000C50344F8351003F10801761AF6105E6036
:10C070001360F1E7C466002073B50446A0F108051B
:10C0800050F8080C54F8043C061D0C30073301909E
:10C09000DB0844F8043C00F0BDF8334601989E42AA
:10C0A0001A6801D0AB4228D20AB1954225D244F891
:10C0B000082C54F8042C1D60013254F8081C05EBC0
:10C0C000C206B14206D14E68324444F8042C0A68D4
:10C0D00044F8082C5E68711C03EBC1018D4207D146
:10C0E00054F8042C013232445A6054F8082C1A6077
:10C0F00002B0BDE8704000F097B81346CFE70000EB
:10C10000FEE7000070B51E4B0025044686B058605F
:10C110000E4605638163FEF7E1FB04F12803A56089
:10C120006563C4E90A3304F11003C4E904334FF032
:10C13000FF33C4E90044C4E90635FFF7C5FE2B46CA
:10C14000024604F13C012046C4E9082380230D4A3D
:10C150006567FDF703FB7368E0600B4A0362012328
:10C16000009280F824306846F26801923269CDE985
:10C170000223064BCDE90435FDF724FB06B070BD64
:10C180004049002044D700083CD7000801C10008FE
:10C190000023C0E9000083600361704770B51C4B49
:10C1A00005468468DE685CB3B44213D10369013389
:10C1B000036170BDA36094F8243083B1062B15D1C0
:10C1C000A06A2146D4E9003213605A60FDF732FAC2
:10C1D000A36A9C68B368A2689A42EBD306E0D4E9EC
:10C1E0000032204613605A60FDF734FA2846314683
:10C1F000FDF720FAB5620620BDE87040FDF72CBAC5
:10C200000369866001330361336BC3603063D0E739
:10C210009846002008B5302383F31188FFF7BEFF4E
:10C22000002383F3118808BD194BD96883688B42BA
:10C2300010B520D1302383F311880269013A0261DD
:10C24000B2B90468C368A0420B631ED04A6B9BB9A5
:10C2500001238A60036103681A68026050601A6BE8
:10C260008360C26018631846FDF7F4F9FDF744FADD
:10C27000002383F3118810BD1C68A34203D0A46877
:10C28000A24238BF2246DB68E1E78260F0E700BFE8
:10C2900098460020024A536B18435063704700BF12
:10C2A0009846002038B5EFF311859DB9EFF305846A
:10C2B000C4F30804302334B183F31188FDF728FC5C
:10C2C00085F3118838BD83F31188FDF721FC84F3D1
:10C2D000118838BDBDE83840FDF71ABC0023054A77
:10C2E00019460133102BC2E9001102F10802F8D1FE
:10C2F000704700BFE4660020114BD3F8E82042F0FD
:10C300000802C3F8E820D3F8102142F00802C3F86D
:10C3100010210C4AD3F81031D36B43F00803D363D8
:10C32000C722094B9A624FF0FF32DA6200229A610B
:10C330005A63DA605A6001225A611A60704700BF7E
:10C34000004402580010005C000C0040094A08B587
:10C350001169D3680B40D9B29B076FEA01011161E3
:10C3600007D5302383F31188FDF7ECF9002383F31D
:10C37000118808BD000C004010B5013902449042FC
:10C3800001D1002005E0037811F8014FA34201D04C
:10C39000181B10BD0130F2E72DE9F041A3B1C91A15
:10C3A00017780144044603F1FF3C8C42204601D932
:10C3B000002009E00578BD4204F10104F5D10CEB41
:10C3C0000405D618A54201D1BDE8F08115F8018D0C
:10C3D00016F801EDF045F5D0E7E70000884210B50A
:10C3E00001EB020402D98442234607D8431EA1422E
:10C3F00008D011F8012B03F8012FF8E70244014699
:10C400008A4200D110BD13F8014D02F8014DF7E743
:10C41000C9B2034610F8012B1AB18A42F9D1184665
:10C420007047002918BF0023F9E70000034611F800
:10C43000012B03F8012B002AF9D1704710B50139FF
:10C44000034632B111F8014F03F8014B013A002CB9
:10C45000F7D11A440021934200D110BD03F8011B0B
:10C46000F9E70000426164206669726D7761726568
:10C470002C2073746179696E6720696E20626F6F1A
:10C48000746C6F616465720A00000000F09F9AA8E6
:10C4900020424F4F5420424C4F434B45443A204694
:10C4A0005720564552494649434154494F4E20462C
:10C4B00041494C45440A00000A426F6F746C6F6139
:10C4C00064657220737461727465642E2E2E0A0086
:10C4D00057616974696E672033207365636F6E649A
:10C4E0007320666F72207465726D696E616C2E2E9A
:10C4F0002E0A005374617274696E6720696E20257C
:10C50000642E2E2E0A000A3D3D3D205345435552D0
:10C510004520424F4F54205354415254203D3D3DFD
:10C520000A00E29D8C205349474E41545552452004
:10C53000564552494649434154494F4E2046414988
:10C540004C45440A00E29C85205349474E415455CE
:10C5500052452056455249464945440A000A3D3D48
:10C560003D20504F5354205665726966696361746B
:10C57000696F6E20537461727473203D3D3D0A00F3
:10C580005265676973746572656420436865636B9F
:10C5900073756D7320616363657373656420737570
:10C5A000636365737366756C6C790A000A2D2D2DB3
:10C5B00020465720564552494659202D2D2D0A0018
:10C5C000436865636B73756D205665726966696350
:10C5D0006174696F6E20696E2050726F6772657347
:10C5E000732E2E2E0A00E29D8C20526567697374AB
:10C5F0006572656420436865636B73756D7320694C
:10C600006E76616C69640A00E29D8C20436F6465FC
:10C6100020436865636B73756D204D69736D61743C
:10C6200063680A00E29C8520436F64652043686567
:10C63000636B73756D2056657269666965640A007F
:10C64000E29EA1EFB88F204A756D70696E67207405
:10C650006F206170706C69636174696F6E2E2E2E2D
:10C660000A0000004D4435002F6172647570696CDA
:10C670006F742E6162696E002F6172647570696CEF
:10C680006F742D7665726966792E6162696E002F0E
:10C690006172647570696C6F742D666C6173682E5D
:10C6A0006162696E002F6172647570696C6F742DC0
:10C6B000666C61736865642E6162696E00000000DB
:10C6C000000000000000000011120008AD12000878
:10C6D0005D140008E5120008A51200080000000023
:10C6E000000000000D120008B9120008951400089F
:10C6F0000912000815120008982F8A4291443771D8
:10C70000CFFBC0B5A5DBB5E95BC25639F111F159D4
:10C71000A4823F92D55E1CAB98AA07D8015B831216
:10C72000BE853124C37D0C55745DBE72FEB1DE80C2
:10C73000A706DC9B74F19BC1C1699BE48647BEEFF1
:10C74000C69DC10FCCA10C246F2CE92DAA84744A7C
:10C75000DCA9B05CDA88F97652513E986DC631A8F2
:10C76000C82703B0C77F59BFF30BE0C64791A7D5D1
:10C770005163CA0667292914850AB72738211B2E59
:10C78000FC6D2C4D130D385354730A65BB0A6A7641
:10C790002EC9C281852C7292A1E8BFA24B661AA84D
:10C7A000708B4BC2A3516CC719E892D1240699D65D
:10C7B00085350EF470A06A1016C1A419086C371ED6
:10C7C0004C774827B5BCB034B30C1C394AAAD84EB4
:10C7D0004FCA9C5BF36F2E68EE828F746F63A578EF
:10C7E0001478C8840802C78CFAFFBE90EB6C50A482
:10C7F000F7A3F9BEF27871C653544D333248373F30
:10C800003F3F0053544D3332483733782F37327817
:10C810000053544D3332483734332F3735332F37A5
:10C820003530000001105A00031059000120580053
:10C830000320560041A3E5F2656992070040A2E497
:10C84000F164689106000000E57600000000000039
:10C85000EDD3F55C1A631258D69CF7A2DEF9DE140C
:10C8600000000000000000000000000000000010B8
:10C87000B67859FF8572D300BD6E15FF0F0A6A00A6
:10C8800029C0010098E879FFBC3CA0FF9971CEFF58
:10C8900000B7E2FEB40D48FF59F1B2FE0AE5A6FF6B
:10C8A0007BDD2AFE1E14D4005280030030D1F30039
:10C8B000777940FF32E39CFF006EC501671B900053
:10C8C00008C9BCF367E6096A3BA7CA8485AE67BBA3
:10C8D0002BF894FE72F36E3CF1361D5F3AF54FA5CE
:10C8E000D182E6AD7F520E511F6C3E2B8C68059BAA
:10C8F0006BBD41FBABD9831F79217E1319CDE05B62
:10C90000B0A00EFED3C986FF9E188F007F69350048
:10C91000600CBD00A7D7FBFF9F4C80FE6A65E1FF5E
:10C920001EFC0400920CAE00853B8C01BDF124FF7F
:10C93000F825C30160DC3700B74C3EFFC3423D0021
:10C94000324CA401E1A44CFF4C3DA3FF753E1F00F7
:10C95000519140FF76410E00A273D6FF068A2E0049
:10C960007CE6F4FF0A8A8F00341AC200B8F44C0047
:10C97000818F2901BEF413FF7BAA7AFF62814400F4
:10C9800079D5930056651EFFA1679B008C5943FF24
:10C99000EFE5BE01430BB500C6F089FEEE45BCFFD6
:10C9A0004397EE00132A6CFFE5557101324487FF6F
:10C9B000116A0900326701FF5001A80123981EFF88
:10C9C00010A8B9013859E8FF65D2FC0029FA4700E0
:10C9D000CCAA4FFF0E2EEFFF504DEF00BDD64BFF00
:10C9E000118DF90026504CFFBE55750056E4AA0083
:10C9F0009CD8D001C3CFA4FF96424CFFAFE110FFFB
:10CA00008D5062014CDBF200C6A272002EDA980053
:10CA10009B2BF1FE9BA068FF33BBA5000211AF006A
:10CA20004254A001F73A1E00234135FE45ECBF00F9
:10CA30002D86F501A37BDD00206E14FF3417A500C1
:10CA4000BAD64700E9B06000F2EF360139598A00E2
:10CA5000530054FF88A064005C8E78FE687CBE00A2
:10CA6000B5B13EFFFA29550098822A0160FCF60014
:10CA700097973FFEEF853E0020389C002DA7BDFF15
:10CA80008E85B3018356D300BBB396FEFAAA0EFF80
:10CA9000D2A34E0025349700634D1A00EE9CD5FFBB
:10CAA000D5C0D101492E54001441290136CE4F0082
:10CAB000C98392FEAA6F18FFB12132FEAB26CBFFCD
:10CAC0004EF77400D1DD99008580B2013A2C19002F
:10CAD000C9273B01BD13FC0031E5D20175BB7500D0
:10CAE000B5B3B8010072DB00305E9300F529380061
:10CAF0007D0DCCFEF4AD77002CDD20FE54EA140051
:10CB0000F9A0C601EC7EEAFF2F63A8FEAAE299FF16
:10CB100066B3D800E28D7AFF7A4299FEB6F58600B8
:10CB2000E3E41901D639EBFFD8AD38FFB5E7D20001
:10CB300077809DFF815F88FF6E7E330002A9B7FF7B
:10CB4000078262FE45B05EFF7404E301D9F291FFF3
:10CB5000CAAD1F01690127FF2EAF4500E42F3AFF40
:10CB6000D7E045FECF3845FF10FE8BFF17CFD4FF2F
:10CB7000CA147EFF5FD560FF09B02100C805CFFF52
:10CB8000F12A80FE2321C0FFF8E5C401811178005D
:10CB9000FB6797FF073470FF8C3842FF28E2F5FFF0
:10CBA000D94625FEACD609FF4843860192C0D6FF80
:10CBB0002C26700044B84BFFCE5AFB0095EB8D003D
:10CBC000B5AA3A0074F4EF005C9D020066AD620005
:10CBD000E98960017F31CB00059B9400179409FF20
:10CBE000D37A0C0022861AFFDBCC8800860829FF46
:10CBF000E0532BFE5519F7006D7F00FEA988300029
:10CC0000EE77DBFFE7ADD500CE12FEFE08BA07FFD8
:10CC10007E0907016F2A48006F34ECFE603F8D00EB
:10CC200093BF7FFECD4EC0FF0E6AED01BBDB4C0013
:10CC3000AFF3BBFE6959AD0055195901A2F3940039
:10CC40000276D1FE219E09008BA32EFF5D462800AF
:10CC50006C2A8EFE6FFC8EFF9BDF900033E5A7FFF2
:10CC600049FC9BFF5E740CFF98A0DAFF9CEE25FF49
:10CC7000B3EACFFFC500B3FF9AA48D00E1C46800FA
:10CC80000A2319FED1D4F2FF61FDDEFEB865E5008E
:10CC9000DE127F01A48887FF1ECF8CFE9261F30015
:10CCA00081C01AFEC95421FF6F0A4EFF9351B2FF93
:10CCB00004041800A1EED7FF068D210035D70EFF22
:10CCC00029B5D0FFE78B9D00B3CBDDFFFFB9710025
:10CCD000BDE2ACFF7142D6FFCA3E2DFF664008FFA1
:10CCE0004EAE10FE857544FF0001020304050607E1
:10CCF00008090A0B0C0D0E0F0E0A0408090F0D0689
:10CD0000010C00020B0705030B080C0005020F0DB8
:10CD10000A0E030607010904070903010D0C0B0E97
:10CD20000206050A04000F080900050702040A0F9D
:10CD30000E010B0C0608030D020C060A000B08037B
:10CD4000040D07050F0E01090C05010F0E0D040A55
:10CD5000000706030902080B0D0B070E0C0103095F
:10CD600005000F040806020A060F0E090B0300084F
:10CD70000C020D0701040A050A0208040706010552
:10CD80000F0B090E030C0D0000010203040506073A
:10CD900008090A0B0C0D0E0F0E0A0408090F0D06E8
:10CDA000010C00020B0705031B132C0AA3E59CEDE5
:10CDB000A72963085D210621EBFFFFFFFFFFFFFFAF
:10CDC000FFFFFFFFFFFFFFFF0F0000009949000872
:10CDD00045480008C54800086D490008600100008A
:10CDE0002F0000005375636365737366756C6C790F
:10CDF000206D6F756E7465642053444361726420C6
:10CE000028736C6F77646F776E3D2575290A000073
:10CE1000EB7690455846415420202000464154333B
:10CE200032202020000000002A3A3C3E7C223F7F36
:10CE3000002B2C3B3D5B5D00435545414141414347
:10CE400045454549494941414592924F4F4F5555B6
:10CE5000594F554F9C4F9E9F41494F55A5A5A6A799
:10CE6000A8A9AAABACADAEAFB0B1B2B3B441414129
:10CE7000B8B9BABBBCBDBEBFC0C1C2C3C4C54141C5
:10CE8000C8C9CACBCCCDCECFD1D1454545494949FA
:10CE900049D9DADBDCDD49DF4FE14F4F4F4FE6E8A0
:10CEA000E85555555959EEEFF0F1F2F3F4F5F6F770
:10CEB000F8F9FAFBFCFDFEFF01030507090E10124D
:10CEC0001416181C1E00000061001A03E00017036E
:10CED000F8000703FF000100780100013001320172
:10CEE0000601390110014A012E0179010601800174
:10CEF0004D00430281018201820184018401860187
:10CF00008701870189018A018B018B018D018E01C7
:10CF10008F0190019101910193019401F601960115
:10CF20009701980198013D029B019C019D012002FF
:10CF30009F01A001A001A201A201A401A401A601D8
:10CF4000A701A701A901AA01AB01AC01AC01AE0187
:10CF5000AF01AF01B101B201B301B301B501B50138
:10CF6000B701B801B801BA01BB01BC01BC01BE01E7
:10CF7000F701C001C101C201C301C401C501C4015F
:10CF8000C701C801C701CA01CB01CA01CD01100107
:10CF9000DD0101008E01DE011201F3010300F10148
:10CFA000F401F401F8012801220212013A020900F9
:10CFB000652C3B023B023D02662C3F0240024102CF
:10CFC000410246020A0153024000810186015502D6
:10CFD00089018A0158028F015A0290015C025D02A8
:10CFE0005E025F02930161026202940164026502C3
:10CFF00066026702970196016A02622C6C026D025A
:10D000006E029C01700271029D01730274029F0105
:10D0100076027702780279027A027B027C02642C23
:10D020007E027F02A60181028202A901840285029A
:10D0300086028702AE014402B101B20145028D02AF
:10D040008E028F0290029102B7017B030300FD0361
:10D05000FE03FF03AC0304008603880389038A03ED
:10D06000B1031103C2030200A303A303C403080313
:10D07000CC0303008C038E038F03D8031801F20343
:10D080000A00F903F303F403F503F603F703F703C8
:10D09000F903FA03FA033004200350041007600474
:10D0A00022018A043601C1040E01CF040100C0042C
:10D0B000D004440161052604000000007D1D01002C
:10D0C000632C001E9601A01E5A01001F0806101FA7
:10D0D0000606201F0806301F0806401F0606511FBF
:10D0E0000700591F521F5B1F541F5D1F561F5F1FF4
:10D0F000601F0806701F0E00BA1FBB1FC81FC91F84
:10D10000CA1FCB1FDA1FDB1FF81FF91FEA1FEB1F17
:10D11000FA1FFB1F801F0806901F0806A01F0806A5
:10D12000B01F0400B81FB91FB21FBC1FCC1F0100E5
:10D13000C31FD01F0206E01F0206E51F0100EC1FFF
:10D14000F31F0100FC1F4E2101003221702110024B
:10D15000842101008321D0241A05302C2F04602C57
:10D160000201672C0601752C0201802C6401002D40
:10D17000260841FF1A030000C700FC00E900E20096
:10D18000E400E000E500E700EA00EB00E800EF0063
:10D19000EE00EC00C400C500C900E600C600F400C3
:10D1A000F600F200FB00F900FF00D600DC00F800FA
:10D1B000A300D800D7009201E100ED00F300FA00CF
:10D1C000F100D100AA00BA00BF00AE00AC00BD0063
:10D1D000BC00A100AB00BB00912592259325022540
:10D1E0002425C100C200C000A90063255125572590
:10D1F0005D25A200A5001025142534252C251C250D
:10D2000000253C25E300C3005A25542569256625E1
:10D21000602550256C25A400F000D000CA00CB008A
:10D22000C8003101CD00CE00CF0018250C2588257F
:10D230008425A600CC008025D300DF00D400D200D6
:10D24000F500D500B500FE00DE00DA00DB00D900F5
:10D25000FD00DD00AF00B400AD00B1001720BE003E
:10D26000B600A700F700B800B000A800B700B900EA
:10D27000B300B200A025A000286E756C6C290000D8
:10D28000000000007D77000855770008057700084A
:10D29000217700083D770008100002400800024096
:10D2A0000008024000000B00280002400800024075
:10D2B0000408024006010C00400002400800024041
:10D2C0000808024010020D00580002400800024009
:10D2D0000C08024016030E00700002400C000240D1
:10D2E0001008024000040F00880002400C000240B9
:10D2F0001408024006051000A00002400C00024085
:10D300001808024010061100B80002400C0002404C
:10D310001C08024016072F001004024008040240B7
:10D320002008024000083800280402400804024097
:10D330002408024006093900400402400804024063
:10D3400028080240100A3A0058040240080402402B
:10D350002C080240160B3B00700402400C040240F3
:10D3600030080240000C3C00880402400C040240DB
:10D3700034080240060D4400A00402400C040240A0
:10D3800038080240100E4500B80402400C04024068
:10D390003C080240160F460001000000000000009B
:10D3A00000960000000000000000000000000000E7
:10D3B000000000000000000000000000AD9D00081B
:10D3C000B19D0008A5880008DD8B00083988000899
:10D3D0006188000889880008218800080000000092
:10D3E000918C00087D8C0008B98C0008A58C000881
:10D3F000B18C00089D8C0008898C0008758C000891
:10D40000C58C000800000000A98D0008958D00085B
:10D41000D18D0008BD8D0008C98D0008B58D0008AC
:10D42000A18D00088D8D0008DD8D00080000000032
:10D4300001000000000000006330000038D4000844
:10D4400000000000000000001047002040490020BC
:10D450000000812A00000000AAAAAAAA0000002455
:10D46000FFFE00000000000000A00A000001000014
:10D4700000000000AAAAAAAA00000000FFFF000006
:10D4800000000000000000001400AA560000000088
:10D49000AAAAAAAA14005554FFFF00000000000029
:10D4A000CCCC0C0020681A0000000000AAAA8AAAAE
:10D4B00010541500FFFF0000000C700777000000FB
:10D4C0004081020100100000AAAAAAAA004101009E
:10D4D000F7FF0000000000700700000000000000DF
:10D4E00000000000AAAAAAAA00000000FFFF000096
:10D4F000000000000000000000000000000000002C
:10D50000AAAAAAAA00000000FFFF00000000000075
:10D51000000000000000000000000000AAAAAAAA63
:10D5200000000000FFFF00000000000000000000FD
:10D530000000000000000000AAAAAAAA0000000043
:10D54000FFFF0000000000000000000000000000DD
:10D5500000000000AAAAAAAA00000000FFFF000025
:10D5600000000000000000000000000000000000BB
:10D57000AAAAAAAA00000000FFFF00000000000005
:10D58000000000004865782F50726F6669434E4373
:10D590000025424F415244252D5365637572652D18
:10D5A000424C2D763130002553455249414C2500DF
:10D5B0000200000000000000C98F00083990000838
:10D5C00040004000F06100200062002002000000E6
:10D5D000000000000300000000000000819000082F
:10D5E0000000000010000000106200200000000099
:10D5F00001000000000000006C6500200101020035
:10D60000A99E0008B99D0008559E0008399E000893
:10D610004300000018D6000809024300020100C0C0
:10D620003209040000010202010005240010010576
:10D6300024010001042402020524060001070582DA
:10D64000030800FF09040100020A000000070501A9
:10D6500002400000070581024000000012000000A7
:10D6600064D600081201100102000040AE2D161011
:10D6700000020102030100000403090425424F4196
:10D6800052442500437562654F72616E67650030D4
:10D690003132333435363738394142434445460018
:10D6A0000000002000000200020000000000003026
:10D6B0000000040008000000000000240000080032
:10D6C000040000000004000000FC00000200000054
:10D6D0000000043000800000080000000000003856
:10D6E00000000100010000001F1C1F1E1F1E1F1F45
:10D6F0001E1F1E1F1F1D1F1E1F1E1F1F1E1F1E1F42
:10D7000000000000DD910008959400084195000894
:10D7100040004000A4660020A46600200100000034
:10D72000B4660020800000004001000008000000F6
:10D7300000010000001000000800000069646C6532
:10D74000000000006D61696E002C04380404380884
:10D750000C10141C20242526000000000000640486
:10D760000100040000000000000C0010283034000C
:10D77000402EFF7F010000008C0000000000000030
:10D7800000001E0000000000FF00000048490020CB
:10D7900050390020BC390020283A00200000000049
:10D7A000F8C700088304000003C800085004000004
:10D7B00011C80008010000000000000000960000F1
:10D7C00000000800960000000008000004000000AF
:10D7D00078D60008000000000000000000000000F3
:0CD7E0000000000000000000000000003D
:00000001FF
